scenario,component,event_index,start_s,end_s,duration_s
rigid_original,Front,0,0.062000000,0.070500000,0.008500000
rigid_original,Front,1,0.077500000,0.122000000,0.044500000
rigid_original,Front,2,0.122500000,0.124500000,0.002000000
rigid_original,Front,3,0.125000000,0.126000000,0.001000000
rigid_original,Front,4,0.127000000,0.128000000,0.001000000
rigid_original,Front,5,0.128500000,0.129500000,0.001000000
rigid_original,Front,6,0.130000000,0.131000000,0.001000000
rigid_original,Front,7,0.132000000,0.133000000,0.001000000
rigid_original,Front,8,0.134500000,0.135000000,0.000500000
rigid_original,Front,9,0.136000000,0.136500000,0.000500000
rigid_original,Front,10,0.139000000,0.139500000,0.000500000
rigid_original,Front,11,0.140500000,0.141000000,0.000500000
rigid_original,Front,12,0.143500000,0.144000000,0.000500000
rigid_original,Front,13,0.145500000,0.146000000,0.000500000
rigid_original,Front,14,0.151000000,0.151500000,0.000500000
rigid_original,Front,15,0.156500000,0.157000000,0.000500000
rigid_original,Front,16,0.164500000,0.165000000,0.000500000
rigid_original,Front,17,0.175000000,0.175500000,0.000500000
rigid_original,Front,18,0.189000000,0.189500000,0.000500000
rigid_original,Front,19,2.211500000,2.216500000,0.005000000
rigid_original,Front,20,2.217000000,2.218500000,0.001500000
rigid_original,Front,21,2.256500000,2.258500000,0.002000000
rigid_original,Front,22,2.259000000,2.260500000,0.001500000
rigid_original,Front,23,2.261500000,2.262000000,0.000500000
rigid_original,Front,24,2.284500000,2.285500000,0.001000000
rigid_original,Front,25,2.287000000,2.288000000,0.001000000
rigid_original,Front,26,2.304000000,2.305000000,0.001000000
rigid_original,Front,27,2.315500000,2.316000000,0.000500000
rigid_original,Front,28,2.322500000,2.323000000,0.000500000
rigid_original,Front,29,2.324000000,2.324500000,0.000500000
rigid_original,Front,30,2.325500000,2.326000000,0.000500000
rigid_original,Front,31,2.327000000,2.327500000,0.000500000
rigid_original,Front,32,2.329500000,2.330500000,0.001000000
rigid_original,Front,33,2.334500000,2.335000000,0.000500000
rigid_original,Front,34,2.335500000,2.336000000,0.000500000
rigid_original,Front,35,2.339000000,2.340000000,0.001000000
rigid_original,Front,36,2.343500000,2.344000000,0.000500000
rigid_original,Front,37,2.345500000,2.346000000,0.000500000
rigid_original,Front,38,2.348000000,2.348500000,0.000500000
rigid_original,Front,39,2.351000000,2.351500000,0.000500000
rigid_original,Front,40,2.352500000,2.353000000,0.000500000
rigid_original,Front,41,2.355500000,2.356500000,0.001000000
rigid_original,Front,42,2.359000000,2.361000000,0.002000000
rigid_original,Front,43,2.361500000,2.365000000,0.003500000
rigid_original,Front,44,2.367000000,2.385500000,0.018500000
rigid_original,Front,45,2.386000000,2.392000000,0.006000000
rigid_original,Front,46,2.392500000,2.396500000,0.004000000
rigid_original,Front,47,2.399500000,2.403500000,0.004000000
rigid_original,Front,48,2.404500000,2.406000000,0.001500000
rigid_original,Front,49,2.406500000,2.407500000,0.001000000
rigid_original,Front,50,2.408000000,2.409000000,0.001000000
rigid_original,Front,51,2.409500000,2.410500000,0.001000000
rigid_original,Front,52,2.411000000,2.412500000,0.001500000
rigid_original,Front,53,2.413000000,2.413500000,0.000500000
rigid_original,Front,54,2.414000000,2.415500000,0.001500000
rigid_original,Front,55,2.416000000,2.417500000,0.001500000
rigid_original,Front,56,2.418000000,2.419000000,0.001000000
rigid_original,Front,57,2.419500000,2.420000000,0.000500000
rigid_original,Front,58,2.421500000,2.423000000,0.001500000
rigid_original,Front,59,2.423500000,2.425000000,0.001500000
rigid_original,Front,60,2.425500000,2.426500000,0.001000000
rigid_original,Front,61,2.427000000,2.427500000,0.000500000
rigid_original,Front,62,2.428500000,2.429500000,0.001000000
rigid_original,Front,63,2.430500000,2.433000000,0.002500000
rigid_original,Front,64,2.433500000,2.436000000,0.002500000
rigid_original,Front,65,2.437000000,2.440000000,0.003000000
rigid_original,Front,66,2.441000000,2.444500000,0.003500000
rigid_original,Front,67,2.445500000,2.448500000,0.003000000
rigid_original,Front,68,2.449000000,2.452500000,0.003500000
rigid_original,Front,69,2.453000000,2.456000000,0.003000000
rigid_original,Front,70,2.457500000,2.466000000,0.008500000
rigid_original,Front,71,2.466500000,2.470000000,0.003500000
rigid_original,Front,72,2.470500000,2.473500000,0.003000000
rigid_original,Front,73,2.474500000,2.476000000,0.001500000
rigid_original,Front,74,2.477000000,2.479500000,0.002500000
rigid_original,Front,75,2.480500000,2.484500000,0.004000000
rigid_original,Front,76,2.485500000,2.489500000,0.004000000
rigid_original,Front,77,2.491000000,2.499000000,0.008000000
rigid_original,Front,78,2.499500000,2.501500000,0.002000000
rigid_original,Front,79,2.503000000,2.509000000,0.006000000
rigid_original,Front,80,2.509500000,2.511000000,0.001500000
rigid_original,Front,81,2.512000000,2.515500000,0.003500000
rigid_original,Front,82,2.516500000,2.518500000,0.002000000
rigid_original,Front,83,2.519000000,2.524000000,0.005000000
rigid_original,Front,84,2.525000000,2.528500000,0.003500000
rigid_original,Front,85,2.529500000,2.532000000,0.002500000
rigid_original,Front,86,2.533000000,2.536500000,0.003500000
rigid_original,Front,87,2.538000000,2.540500000,0.002500000
rigid_original,Front,88,2.541500000,2.545500000,0.004000000
rigid_original,Front,89,2.546000000,2.550500000,0.004500000
rigid_original,Front,90,2.553000000,2.555000000,0.002000000
rigid_original,Front,91,2.556000000,2.556500000,0.000500000
rigid_original,Front,92,2.557500000,2.559000000,0.001500000
rigid_original,Front,93,2.561000000,2.562000000,0.001000000
rigid_original,Front,94,2.563500000,2.564000000,0.000500000
rigid_original,Front,95,2.564500000,2.565500000,0.001000000
rigid_original,Front,96,2.566500000,2.567500000,0.001000000
rigid_original,Front,97,2.569000000,2.570000000,0.001000000
rigid_original,Front,98,2.570500000,2.571000000,0.000500000
rigid_original,Front,99,2.572500000,2.573000000,0.000500000
rigid_original,Front,100,2.573500000,2.574500000,0.001000000
rigid_original,Front,101,2.575500000,2.576000000,0.000500000
rigid_original,Front,102,2.577500000,2.578500000,0.001000000
rigid_original,Front,103,2.580000000,2.581000000,0.001000000
rigid_original,Front,104,2.583500000,2.585000000,0.001500000
rigid_original,Front,105,2.588500000,2.590000000,0.001500000
rigid_original,Front,106,2.593000000,2.594000000,0.001000000
rigid_original,Front,107,2.596000000,2.596500000,0.000500000
rigid_original,Front,108,2.598000000,2.598500000,0.000500000
rigid_original,Front,109,4.711000000,4.716500000,0.005500000
rigid_original,Front,110,4.717000000,4.718000000,0.001000000
rigid_original,Front,111,4.753500000,4.755500000,0.002000000
rigid_original,Front,112,4.756500000,4.758000000,0.001500000
rigid_original,Front,113,4.790000000,4.791000000,0.001000000
rigid_original,Front,114,4.792500000,4.793500000,0.001000000
rigid_original,Front,115,4.794500000,4.795000000,0.000500000
rigid_original,Front,116,4.813500000,4.814000000,0.000500000
rigid_original,Front,117,4.815500000,4.816500000,0.001000000
rigid_original,Front,118,4.818000000,4.818500000,0.000500000
rigid_original,Front,119,4.823000000,4.823500000,0.000500000
rigid_original,Front,120,4.824000000,4.824500000,0.000500000
rigid_original,Front,121,4.826500000,4.827500000,0.001000000
rigid_original,Front,122,4.830500000,4.831000000,0.000500000
rigid_original,Front,123,4.832000000,4.832500000,0.000500000
rigid_original,Front,124,4.836000000,4.837000000,0.001000000
rigid_original,Front,125,4.840500000,4.841000000,0.000500000
rigid_original,Front,126,4.842000000,4.842500000,0.000500000
rigid_original,Front,127,4.845500000,4.846500000,0.001000000
rigid_original,Front,128,4.850000000,4.850500000,0.000500000
rigid_original,Front,129,4.852000000,4.852500000,0.000500000
rigid_original,Front,130,4.854500000,4.855000000,0.000500000
rigid_original,Front,131,4.856500000,4.857000000,0.000500000
rigid_original,Front,132,4.858000000,4.865500000,0.007500000
rigid_original,Front,133,4.867500000,4.875000000,0.007500000
rigid_original,Front,134,4.876000000,4.889500000,0.013500000
rigid_original,Front,135,4.892000000,4.897000000,0.005000000
rigid_original,Front,136,4.899000000,4.902500000,0.003500000
rigid_original,Front,137,4.903000000,4.906500000,0.003500000
rigid_original,Front,138,4.907000000,4.910000000,0.003000000
rigid_original,Front,139,4.910500000,4.912500000,0.002000000
rigid_original,Front,140,4.915000000,4.920000000,0.005000000
rigid_original,Front,141,4.922000000,4.924000000,0.002000000
rigid_original,Front,142,4.924500000,4.925000000,0.000500000
rigid_original,Front,143,4.925500000,4.928500000,0.003000000
rigid_original,Front,144,4.929000000,4.929500000,0.000500000
rigid_original,Front,145,4.930500000,4.932500000,0.002000000
rigid_original,Front,146,4.933000000,4.936500000,0.003500000
rigid_original,Front,147,4.937000000,4.942000000,0.005000000
rigid_original,Front,148,4.943000000,4.947000000,0.004000000
rigid_original,Front,149,4.947500000,4.950000000,0.002500000
rigid_original,Front,150,4.951000000,4.953500000,0.002500000
rigid_original,Front,151,4.955000000,4.958500000,0.003500000
rigid_original,Front,152,4.959000000,4.961500000,0.002500000
rigid_original,Front,153,4.962500000,4.970000000,0.007500000
rigid_original,Front,154,4.970500000,4.974000000,0.003500000
rigid_original,Front,155,4.974500000,4.976000000,0.001500000
rigid_original,Front,156,4.977000000,4.982500000,0.005500000
rigid_original,Front,157,4.983000000,4.987000000,0.004000000
rigid_original,Front,158,4.987500000,4.989000000,0.001500000
rigid_original,Front,159,4.990500000,4.994500000,0.004000000
rigid_original,Front,160,4.995500000,4.998000000,0.002500000
rigid_original,Front,161,4.999500000,5.004000000,0.004500000
rigid_original,Front,162,5.005500000,5.010500000,0.005000000
rigid_original,Front,163,5.012500000,5.016500000,0.004000000
rigid_original,Front,164,5.018000000,5.021000000,0.003000000
rigid_original,Front,165,5.021500000,5.022000000,0.000500000
rigid_original,Front,166,5.023000000,5.025000000,0.002000000
rigid_original,Front,167,5.026000000,5.027500000,0.001500000
rigid_original,Front,168,5.028000000,5.030000000,0.002000000
rigid_original,Front,169,5.031000000,5.032000000,0.001000000
rigid_original,Front,170,5.033000000,5.035500000,0.002500000
rigid_original,Front,171,5.036000000,5.037000000,0.001000000
rigid_original,Front,172,5.037500000,5.039000000,0.001500000
rigid_original,Front,173,5.040000000,5.041000000,0.001000000
rigid_original,Front,174,5.041500000,5.044000000,0.002500000
rigid_original,Front,175,5.045500000,5.047500000,0.002000000
rigid_original,Front,176,5.049500000,5.050500000,0.001000000
rigid_original,Front,177,5.052500000,5.055000000,0.002500000
rigid_original,Front,178,5.056500000,5.060500000,0.004000000
rigid_original,Front,179,5.061500000,5.062000000,0.000500000
rigid_original,Front,180,5.063500000,5.067000000,0.003500000
rigid_original,Front,181,5.068500000,5.069000000,0.000500000
rigid_original,Front,182,5.070000000,5.071000000,0.001000000
rigid_original,Front,183,5.073000000,5.074500000,0.001500000
rigid_original,Front,184,5.076500000,5.077000000,0.000500000
rigid_original,Front,185,5.078000000,5.078500000,0.000500000
rigid_original,Front,186,5.079000000,5.079500000,0.000500000
rigid_original,Front,187,5.081000000,5.081500000,0.000500000
rigid_original,Front,188,5.082500000,5.083500000,0.001000000
rigid_original,Front,189,5.084500000,5.085000000,0.000500000
rigid_original,Front,190,5.086500000,5.087500000,0.001000000
rigid_original,Front,191,5.089500000,5.090500000,0.001000000
rigid_original,Front,192,5.093000000,5.094000000,0.001000000
rigid_original,Front,193,5.096000000,5.097000000,0.001000000
rigid_original,FR,0,2.598500000,2.600500000,0.002000000
rigid_original,FR,1,2.601000000,2.605000000,0.004000000
rigid_original,FR,2,2.606000000,2.612000000,0.006000000
rigid_original,FR,3,2.613000000,2.615000000,0.002000000
rigid_original,FR,4,2.615500000,2.616000000,0.000500000
rigid_original,FR,5,2.616500000,2.617000000,0.000500000
rigid_original,FR,6,2.617500000,2.618500000,0.001000000
rigid_original,FR,7,2.619000000,2.620500000,0.001500000
rigid_original,FR,8,2.623000000,2.628500000,0.005500000
rigid_original,FR,9,2.629500000,2.631500000,0.002000000
rigid_original,FR,10,2.632500000,2.633500000,0.001000000
rigid_original,FR,11,2.634000000,2.635500000,0.001500000
rigid_original,FR,12,2.636500000,2.637500000,0.001000000
rigid_original,FR,13,2.638000000,2.638500000,0.000500000
rigid_original,FR,14,2.639000000,2.640000000,0.001000000
rigid_original,FR,15,2.641500000,2.642000000,0.000500000
rigid_original,FR,16,2.643500000,2.644000000,0.000500000
rigid_original,FR,17,2.647500000,2.648500000,0.001000000
rigid_original,FR,18,2.650500000,2.651500000,0.001000000
rigid_original,FR,19,2.654500000,2.655500000,0.001000000
rigid_original,FR,20,2.657500000,2.669500000,0.012000000
rigid_original,FR,21,2.670000000,2.673000000,0.003000000
rigid_original,FR,22,2.673500000,2.675000000,0.001500000
rigid_original,FR,23,2.675500000,2.677000000,0.001500000
rigid_original,FR,24,2.678500000,2.680500000,0.002000000
rigid_original,FR,25,2.681500000,2.682000000,0.000500000
rigid_original,FR,26,2.683000000,2.684000000,0.001000000
rigid_original,FR,27,2.685000000,2.685500000,0.000500000
rigid_original,FR,28,2.687000000,2.688000000,0.001000000
rigid_original,FR,29,2.690500000,2.691500000,0.001000000
rigid_original,FR,30,2.694000000,2.710000000,0.016000000
rigid_original,FR,31,2.710500000,2.714000000,0.003500000
rigid_original,FR,32,2.715000000,2.716000000,0.001000000
rigid_original,FR,33,2.716500000,2.717000000,0.000500000
rigid_original,FR,34,2.717500000,2.718500000,0.001000000
rigid_original,FR,35,2.719000000,2.719500000,0.000500000
rigid_original,FR,36,2.720500000,2.721000000,0.000500000
rigid_original,FR,37,2.722000000,2.723000000,0.001000000
rigid_original,FR,38,2.725500000,2.726500000,0.001000000
rigid_original,FR,39,2.728500000,2.729000000,0.000500000
rigid_original,FR,40,2.730500000,2.731500000,0.001000000
rigid_original,FR,41,2.732000000,2.753000000,0.021000000
rigid_original,FR,42,2.754000000,2.754500000,0.000500000
rigid_original,FR,43,2.755000000,2.756500000,0.001500000
rigid_original,FR,44,2.757000000,2.758500000,0.001500000
rigid_original,FR,45,2.759500000,2.760500000,0.001000000
rigid_original,FR,46,2.762000000,2.763000000,0.001000000
rigid_original,FR,47,2.764500000,2.765500000,0.001000000
rigid_original,FR,48,2.768000000,2.769500000,0.001500000
rigid_original,FR,49,2.771000000,2.792500000,0.021500000
rigid_original,FR,50,2.793500000,2.798500000,0.005000000
rigid_original,FR,51,2.799000000,2.800000000,0.001000000
rigid_original,FR,52,2.800500000,2.803500000,0.003000000
rigid_original,FR,53,2.804000000,2.806000000,0.002000000
rigid_original,FR,54,2.806500000,2.809000000,0.002500000
rigid_original,FR,55,2.810000000,2.817000000,0.007000000
rigid_original,FR,56,2.817500000,2.818500000,0.001000000
rigid_original,FR,57,2.819000000,2.820500000,0.001500000
rigid_original,FR,58,2.821000000,2.821500000,0.000500000
rigid_original,FR,59,2.822000000,2.823500000,0.001500000
rigid_original,FR,60,2.824500000,2.835500000,0.011000000
rigid_original,FR,61,2.836000000,2.839000000,0.003000000
rigid_original,FR,62,2.839500000,2.840500000,0.001000000
rigid_original,FR,63,2.841000000,2.847500000,0.006500000
rigid_original,FR,64,2.848500000,2.850500000,0.002000000
rigid_original,FR,65,2.851000000,2.860000000,0.009000000
rigid_original,FR,66,2.860500000,2.865000000,0.004500000
rigid_original,FR,67,2.865500000,2.867500000,0.002000000
rigid_original,FR,68,2.868000000,2.873500000,0.005500000
rigid_original,FR,69,2.874500000,2.885000000,0.010500000
rigid_original,FR,70,2.885500000,2.889000000,0.003500000
rigid_original,FR,71,2.889500000,2.894000000,0.004500000
rigid_original,FR,72,2.894500000,2.895000000,0.000500000
rigid_original,FR,73,2.895500000,2.906000000,0.010500000
rigid_original,FR,74,2.906500000,2.907000000,0.000500000
rigid_original,FR,75,2.908500000,2.919500000,0.011000000
rigid_original,FR,76,2.920000000,2.931500000,0.011500000
rigid_original,FR,77,2.933500000,2.939500000,0.006000000
rigid_original,FR,78,2.941500000,2.946500000,0.005000000
rigid_original,FR,79,2.948000000,2.956500000,0.008500000
rigid_original,FR,80,2.958000000,2.966000000,0.008000000
rigid_original,FR,81,2.967000000,2.973500000,0.006500000
rigid_original,FR,82,2.975000000,2.983500000,0.008500000
rigid_original,FR,83,2.986000000,2.992000000,0.006000000
rigid_original,FR,84,2.994000000,3.154500000,0.160500000
rigid_original,FR,85,3.155000000,3.169500000,0.014500000
rigid_original,FR,86,3.170000000,3.171500000,0.001500000
rigid_original,FR,87,3.172000000,3.174000000,0.002000000
rigid_original,FR,88,3.174500000,3.176500000,0.002000000
rigid_original,FR,89,3.177000000,3.179000000,0.002000000
rigid_original,FR,90,3.179500000,3.181000000,0.001500000
rigid_original,FR,91,3.181500000,3.184000000,0.002500000
rigid_original,FR,92,3.184500000,3.186000000,0.001500000
rigid_original,FR,93,3.187000000,3.189000000,0.002000000
rigid_original,FR,94,3.190000000,3.192000000,0.002000000
rigid_original,FR,95,3.193000000,3.194500000,0.001500000
rigid_original,FR,96,3.195500000,3.197500000,0.002000000
rigid_original,FR,97,3.199000000,3.200500000,0.001500000
rigid_original,FR,98,3.201500000,3.204000000,0.002500000
rigid_original,FR,99,3.205500000,3.207000000,0.001500000
rigid_original,FR,100,3.208500000,3.210000000,0.001500000
rigid_original,FR,101,3.211000000,3.212000000,0.001000000
rigid_original,FR,102,3.213000000,3.213500000,0.000500000
rigid_original,FR,103,3.214000000,3.216500000,0.002500000
rigid_original,FR,104,3.217000000,3.218000000,0.001000000
rigid_original,FR,105,3.219000000,3.220000000,0.001000000
rigid_original,FR,106,3.221000000,3.222000000,0.001000000
rigid_original,FR,107,3.223500000,3.224500000,0.001000000
rigid_original,FR,108,3.225500000,3.226500000,0.001000000
rigid_original,FR,109,3.227500000,3.229000000,0.001500000
rigid_original,FR,110,3.231000000,3.233000000,0.002000000
rigid_original,FR,111,3.234500000,3.235000000,0.000500000
rigid_original,FR,112,3.235500000,3.236000000,0.000500000
rigid_original,FR,113,3.237000000,3.238000000,0.001000000
rigid_original,FR,114,3.239500000,3.240500000,0.001000000
rigid_original,FR,115,3.242000000,3.243000000,0.001000000
rigid_original,FR,116,3.244000000,3.244500000,0.000500000
rigid_original,FR,117,3.245500000,3.246500000,0.001000000
rigid_original,FR,118,3.248000000,3.249000000,0.001000000
rigid_original,FR,119,3.249500000,3.250500000,0.001000000
rigid_original,FR,120,3.253000000,3.255000000,0.002000000
rigid_original,FR,121,3.257000000,3.257500000,0.000500000
rigid_original,FR,122,3.258000000,3.259000000,0.001000000
rigid_original,FR,123,3.260000000,3.260500000,0.000500000
rigid_original,FR,124,3.261000000,3.261500000,0.000500000
rigid_original,FR,125,3.262000000,3.263000000,0.001000000
rigid_original,FR,126,3.265000000,3.266000000,0.001000000
rigid_original,FR,127,3.267000000,3.267500000,0.000500000
rigid_original,FR,128,3.268000000,3.268500000,0.000500000
rigid_original,FR,129,3.270000000,3.271000000,0.001000000
rigid_original,FR,130,3.272500000,3.273500000,0.001000000
rigid_original,FR,131,3.275000000,3.276000000,0.001000000
rigid_original,FR,132,3.278000000,3.279500000,0.001500000
rigid_original,FR,133,3.281500000,3.283500000,0.002000000
rigid_original,FR,134,3.285000000,3.286000000,0.001000000
rigid_original,FR,135,3.287500000,3.288500000,0.001000000
rigid_original,FR,136,3.290500000,3.292000000,0.001500000
rigid_original,FR,137,3.294000000,3.295000000,0.001000000
rigid_original,FR,138,3.296500000,3.297500000,0.001000000
rigid_original,FR,139,3.298500000,3.299500000,0.001000000
rigid_original,FR,140,3.302000000,3.303500000,0.001500000
rigid_original,FR,141,3.304500000,3.305000000,0.000500000
rigid_original,FR,142,3.306000000,3.307000000,0.001000000
rigid_original,FR,143,3.308000000,3.308500000,0.000500000
rigid_original,FR,144,3.309000000,3.309500000,0.000500000
rigid_original,FR,145,3.310500000,3.311000000,0.000500000
rigid_original,FR,146,3.312000000,3.313000000,0.001000000
rigid_original,FR,147,3.315000000,3.316000000,0.001000000
rigid_original,FR,148,3.317500000,3.318500000,0.001000000
rigid_original,FR,149,3.320000000,3.320500000,0.000500000
rigid_original,FR,150,3.321000000,3.321500000,0.000500000
rigid_original,FR,151,3.323000000,3.324000000,0.001000000
rigid_original,FR,152,3.325500000,3.327000000,0.001500000
rigid_original,FR,153,3.328500000,3.330000000,0.001500000
rigid_original,FR,154,3.332500000,3.334000000,0.001500000
rigid_original,FR,155,3.336500000,3.338000000,0.001500000
rigid_original,FR,156,3.340500000,3.342000000,0.001500000
rigid_original,FR,157,3.344500000,3.345500000,0.001000000
rigid_original,FR,158,3.348000000,3.349000000,0.001000000
rigid_original,FR,159,3.350500000,3.351500000,0.001000000
rigid_original,FR,160,3.353000000,3.354500000,0.001500000
rigid_original,FR,161,3.357500000,3.359500000,0.002000000
rigid_original,FR,162,3.362000000,3.363500000,0.001500000
rigid_original,FR,163,3.365000000,3.365500000,0.000500000
rigid_original,FR,164,3.366500000,3.367500000,0.001000000
rigid_original,FR,165,3.370000000,3.371500000,0.001500000
rigid_original,FR,166,3.374000000,3.375000000,0.001000000
rigid_original,FR,167,3.376500000,3.377000000,0.000500000
rigid_original,FR,168,3.378500000,3.379500000,0.001000000
rigid_original,FR,169,3.381000000,3.381500000,0.000500000
rigid_original,FR,170,3.382500000,3.383000000,0.000500000
rigid_original,FR,171,3.384000000,3.384500000,0.000500000
rigid_original,FR,172,3.386000000,3.387000000,0.001000000
rigid_original,FR,173,3.388000000,3.389000000,0.001000000
rigid_original,FR,174,3.391000000,3.391500000,0.000500000
rigid_original,FR,175,3.392000000,3.392500000,0.000500000
rigid_original,FR,176,3.394000000,3.394500000,0.000500000
rigid_original,FR,177,3.395500000,3.396500000,0.001000000
rigid_original,FR,178,3.398000000,3.399000000,0.001000000
rigid_original,FR,179,3.401000000,3.402000000,0.001000000
rigid_original,FR,180,3.403500000,3.404000000,0.000500000
rigid_original,FR,181,3.405000000,3.405500000,0.000500000
rigid_original,FR,182,3.406500000,3.407000000,0.000500000
rigid_original,FR,183,3.407500000,3.408000000,0.000500000
rigid_original,FR,184,3.409000000,3.410000000,0.001000000
rigid_original,FR,185,3.412500000,3.413500000,0.001000000
rigid_original,FR,186,3.415500000,3.416500000,0.001000000
rigid_original,FR,187,3.418500000,3.419500000,0.001000000
rigid_original,FR,188,3.422000000,3.423500000,0.001500000
rigid_original,FR,189,3.425500000,3.427000000,0.001500000
rigid_original,FR,190,3.429000000,3.430000000,0.001000000
rigid_original,FR,191,3.431500000,3.433000000,0.001500000
rigid_original,FR,192,3.436000000,3.436500000,0.000500000
rigid_original,FR,193,3.438000000,3.439000000,0.001000000
rigid_original,FR,194,3.441500000,3.442500000,0.001000000
rigid_original,FR,195,3.444500000,3.445000000,0.000500000
rigid_original,FR,196,3.445500000,3.446000000,0.000500000
rigid_original,FR,197,3.448000000,3.449000000,0.001000000
rigid_original,FR,198,3.451000000,3.451500000,0.000500000
rigid_original,FR,199,3.452500000,3.453000000,0.000500000
rigid_original,FR,200,3.454000000,3.454500000,0.000500000
rigid_original,FR,201,3.455000000,3.455500000,0.000500000
rigid_original,FR,202,3.456500000,3.457000000,0.000500000
rigid_original,FR,203,3.458000000,3.458500000,0.000500000
rigid_original,FR,204,3.460000000,3.460500000,0.000500000
rigid_original,FR,205,3.461500000,3.462000000,0.000500000
rigid_original,FR,206,3.463000000,3.463500000,0.000500000
rigid_original,FR,207,3.464500000,3.465500000,0.001000000
rigid_original,FR,208,3.467000000,3.467500000,0.000500000
rigid_original,FR,209,3.468500000,3.469500000,0.001000000
rigid_original,FR,210,3.471500000,3.472500000,0.001000000
rigid_original,FR,211,3.474000000,3.475000000,0.001000000
rigid_original,FR,212,3.477500000,3.479000000,0.001500000
rigid_original,FR,213,3.481000000,3.482000000,0.001000000
rigid_original,FR,214,3.483000000,3.483500000,0.000500000
rigid_original,FR,215,3.484500000,3.485500000,0.001000000
rigid_original,FR,216,3.487000000,3.487500000,0.000500000
rigid_original,FR,217,3.488000000,3.489000000,0.001000000
rigid_original,FR,218,3.491000000,3.492000000,0.001000000
rigid_original,FR,219,3.493000000,3.493500000,0.000500000
rigid_original,FR,220,3.494500000,3.495000000,0.000500000
rigid_original,FR,221,3.495500000,3.496000000,0.000500000
rigid_original,FR,222,3.496500000,3.497000000,0.000500000
rigid_original,FR,223,3.499000000,3.500000000,0.001000000
rigid_original,FR,224,3.500500000,3.501000000,0.000500000
rigid_original,FR,225,3.502000000,3.502500000,0.000500000
rigid_original,FR,226,3.503500000,3.505000000,0.001500000
rigid_original,FR,227,3.507000000,3.508000000,0.001000000
rigid_original,FR,228,3.508500000,3.509000000,0.000500000
rigid_original,FR,229,3.512500000,3.514000000,0.001500000
rigid_original,FR,230,3.516000000,3.517000000,0.001000000
rigid_original,FR,231,3.518000000,3.518500000,0.000500000
rigid_original,FR,232,3.519000000,3.520000000,0.001000000
rigid_original,FR,233,3.521500000,3.522500000,0.001000000
rigid_original,FR,234,3.523500000,3.524500000,0.001000000
rigid_original,FR,235,3.525000000,3.525500000,0.000500000
rigid_original,FR,236,3.526500000,3.527000000,0.000500000
rigid_original,FR,237,3.528000000,3.529000000,0.001000000
rigid_original,FR,238,3.530000000,3.531000000,0.001000000
rigid_original,FR,239,3.531500000,3.532000000,0.000500000
rigid_original,FR,240,3.532500000,3.533000000,0.000500000
rigid_original,FR,241,3.533500000,3.534500000,0.001000000
rigid_original,FR,242,3.536000000,3.537500000,0.001500000
rigid_original,FR,243,3.540000000,3.541500000,0.001500000
rigid_original,FR,244,3.542500000,3.543000000,0.000500000
rigid_original,FR,245,3.544000000,3.544500000,0.000500000
rigid_original,FR,246,3.545000000,3.546000000,0.001000000
rigid_original,FR,247,3.548000000,3.550000000,0.002000000
rigid_original,FR,248,3.552000000,3.554500000,0.002500000
rigid_original,FR,249,3.557000000,3.558000000,0.001000000
rigid_original,FR,250,3.558500000,3.560500000,0.002000000
rigid_original,FR,251,3.562500000,3.563000000,0.000500000
rigid_original,FR,252,3.563500000,3.566000000,0.002500000
rigid_original,FR,253,3.568000000,3.569500000,0.001500000
rigid_original,FR,254,3.570000000,3.571500000,0.001500000
rigid_original,FR,255,3.573000000,3.574500000,0.001500000
rigid_original,FR,256,3.576000000,3.578000000,0.002000000
rigid_original,FR,257,3.579500000,3.581500000,0.002000000
rigid_original,FR,258,3.586000000,3.590500000,0.004500000
rigid_original,FR,259,3.592000000,3.595000000,0.003000000
rigid_original,FR,260,3.596000000,3.599000000,0.003000000
rigid_original,FR,261,3.600500000,3.603500000,0.003000000
rigid_original,FR,262,3.604500000,3.607000000,0.002500000
rigid_original,FR,263,3.608000000,3.612000000,0.004000000
rigid_original,FR,264,3.612500000,3.621000000,0.008500000
rigid_original,FR,265,3.624000000,3.632000000,0.008000000
rigid_original,FR,266,3.632500000,3.635000000,0.002500000
rigid_original,FR,267,3.635500000,3.638000000,0.002500000
rigid_original,FR,268,3.639000000,3.640000000,0.001000000
rigid_original,FR,269,3.642000000,3.644500000,0.002500000
rigid_original,FR,270,3.646000000,3.647500000,0.001500000
rigid_original,FR,271,3.648500000,3.650500000,0.002000000
rigid_original,FR,272,3.652500000,3.653500000,0.001000000
rigid_original,FR,273,3.654500000,3.655000000,0.000500000
rigid_original,FR,274,3.656000000,3.656500000,0.000500000
rigid_original,FR,275,3.657000000,3.659000000,0.002000000
rigid_original,FR,276,3.661000000,3.662500000,0.001500000
rigid_original,FR,277,3.664500000,3.665000000,0.000500000
rigid_original,FR,278,3.665500000,3.667000000,0.001500000
rigid_original,FR,279,3.669000000,3.670000000,0.001000000
rigid_original,FR,280,3.670500000,3.671500000,0.001000000
rigid_original,FR,281,3.675500000,3.677000000,0.001500000
rigid_original,FR,282,3.678500000,3.679000000,0.000500000
rigid_original,FR,283,3.679500000,3.680000000,0.000500000
rigid_original,FR,284,3.680500000,3.681000000,0.000500000
rigid_original,FR,285,3.681500000,3.682000000,0.000500000
rigid_original,FR,286,3.683500000,3.684000000,0.000500000
rigid_original,FR,287,3.685000000,3.686000000,0.001000000
rigid_original,FR,288,3.687500000,3.688500000,0.001000000
rigid_original,FR,289,3.689500000,3.690000000,0.000500000
rigid_original,FR,290,3.690500000,3.691000000,0.000500000
rigid_original,FR,291,3.692000000,3.692500000,0.000500000
rigid_original,FR,292,3.693000000,3.693500000,0.000500000
rigid_original,FR,293,3.694500000,3.695500000,0.001000000
rigid_original,FR,294,3.697500000,3.698500000,0.001000000
rigid_original,FR,295,3.701000000,3.702000000,0.001000000
rigid_original,FR,296,3.704500000,3.705500000,0.001000000
rigid_original,FR,297,3.708000000,3.709000000,0.001000000
rigid_original,FR,298,3.711500000,3.712500000,0.001000000
rigid_original,FR,299,3.715000000,3.716000000,0.001000000
rigid_original,FR,300,3.718500000,3.719500000,0.001000000
rigid_original,FR,301,3.722000000,3.722500000,0.000500000
rigid_original,FR,302,3.723000000,3.723500000,0.000500000
rigid_original,FR,303,3.725500000,3.726000000,0.000500000
rigid_original,FR,304,3.727000000,3.727500000,0.000500000
rigid_original,FR,305,3.729000000,3.729500000,0.000500000
rigid_original,FR,306,3.730000000,3.730500000,0.000500000
rigid_original,FR,307,3.732000000,3.733000000,0.001000000
rigid_original,FR,308,3.736000000,3.737000000,0.001000000
rigid_original,FR,309,3.738500000,3.739500000,0.001000000
rigid_original,FR,310,3.742000000,3.742500000,0.000500000
rigid_original,FR,311,3.743500000,3.744000000,0.000500000
rigid_original,FR,312,3.745000000,3.746000000,0.001000000
rigid_original,FR,313,3.749000000,3.750500000,0.001500000
rigid_original,FR,314,3.755500000,3.757000000,0.001500000
rigid_original,FR,315,3.760500000,3.761500000,0.001000000
rigid_original,FR,316,3.763500000,3.764000000,0.000500000
rigid_original,FR,317,3.765500000,3.766500000,0.001000000
rigid_original,FR,318,3.769500000,3.770500000,0.001000000
rigid_original,FR,319,3.772500000,3.773000000,0.000500000
rigid_original,FR,320,3.774500000,3.775500000,0.001000000
rigid_original,FR,321,3.778500000,3.779500000,0.001000000
rigid_original,FR,322,3.782000000,3.783000000,0.001000000
rigid_original,FR,323,3.785500000,3.786500000,0.001000000
rigid_original,FR,324,3.789000000,3.789500000,0.000500000
rigid_original,FR,325,3.790500000,3.791000000,0.000500000
rigid_original,FR,326,3.792000000,3.792500000,0.000500000
rigid_original,FR,327,3.794500000,3.795000000,0.000500000
rigid_original,FR,328,3.796000000,3.796500000,0.000500000
rigid_original,FR,329,3.798000000,3.798500000,0.000500000
rigid_original,FR,330,3.800000000,3.801000000,0.001000000
rigid_original,FR,331,3.804000000,3.805000000,0.001000000
rigid_original,FR,332,3.807500000,3.808500000,0.001000000
rigid_original,FR,333,3.811000000,3.812000000,0.001000000
rigid_original,FR,334,3.815000000,3.816500000,0.001500000
rigid_original,FR,335,3.820000000,3.821000000,0.001000000
rigid_original,FR,336,3.823500000,3.824500000,0.001000000
rigid_original,FR,337,3.827000000,3.828000000,0.001000000
rigid_original,FR,338,3.831000000,3.832500000,0.001500000
rigid_original,FR,339,3.835000000,3.835500000,0.000500000
rigid_original,FR,340,3.836000000,3.836500000,0.000500000
rigid_original,FR,341,3.838500000,3.839000000,0.000500000
rigid_original,FR,342,3.840000000,3.840500000,0.000500000
rigid_original,FR,343,3.842000000,3.842500000,0.000500000
rigid_original,FR,344,3.844000000,3.844500000,0.000500000
rigid_original,FR,345,3.845500000,3.846000000,0.000500000
rigid_original,FR,346,3.847000000,3.847500000,0.000500000
rigid_original,FR,347,3.848500000,3.849000000,0.000500000
rigid_original,FR,348,3.850500000,3.851000000,0.000500000
rigid_original,FR,349,3.852500000,3.853500000,0.001000000
rigid_original,FR,350,3.856500000,3.857500000,0.001000000
rigid_original,FR,351,3.860000000,3.861000000,0.001000000
rigid_original,FR,352,3.863500000,3.864000000,0.000500000
rigid_original,FR,353,3.864500000,3.865000000,0.000500000
rigid_original,FR,354,3.867500000,3.869000000,0.001500000
rigid_original,FR,355,3.873000000,3.874500000,0.001500000
rigid_original,FR,356,3.878000000,3.879500000,0.001500000
rigid_original,FR,357,3.883000000,3.884000000,0.001000000
rigid_original,FR,358,3.886500000,3.887500000,0.001000000
rigid_original,FR,359,3.890000000,3.891000000,0.001000000
rigid_original,FR,360,3.893500000,3.894500000,0.001000000
rigid_original,FR,361,3.897000000,3.897500000,0.000500000
rigid_original,FR,362,3.898000000,3.898500000,0.000500000
rigid_original,FR,363,3.900000000,3.901000000,0.001000000
rigid_original,FR,364,3.903000000,3.903500000,0.000500000
rigid_original,FR,365,3.905000000,3.906000000,0.001000000
rigid_original,FR,366,3.908000000,3.909000000,0.001000000
rigid_original,FR,367,3.910500000,3.911500000,0.001000000
rigid_original,FR,368,3.913500000,3.914500000,0.001000000
rigid_original,FR,369,3.916500000,3.917500000,0.001000000
rigid_original,FR,370,3.919500000,3.920500000,0.001000000
rigid_original,FR,371,3.922500000,3.923000000,0.000500000
rigid_original,FR,372,3.924000000,3.925000000,0.001000000
rigid_original,FR,373,3.927500000,3.928500000,0.001000000
rigid_original,FR,374,3.930500000,3.931500000,0.001000000
rigid_original,FR,375,3.934000000,3.935500000,0.001500000
rigid_original,FR,376,3.938500000,3.939500000,0.001000000
rigid_original,FR,377,3.941500000,3.942500000,0.001000000
rigid_original,FR,378,3.944500000,3.945000000,0.000500000
rigid_original,FR,379,3.945500000,3.946000000,0.000500000
rigid_original,FR,380,3.948000000,3.949500000,0.001500000
rigid_original,FR,381,3.952500000,3.953500000,0.001000000
rigid_original,FR,382,3.955000000,3.955500000,0.000500000
rigid_original,FR,383,3.956000000,3.956500000,0.000500000
rigid_original,FR,384,3.957500000,3.958500000,0.001000000
rigid_original,FR,385,3.960500000,3.961500000,0.001000000
rigid_original,FR,386,3.963500000,3.964500000,0.001000000
rigid_original,FR,387,3.966500000,3.968000000,0.001500000
rigid_original,FR,388,3.970500000,3.971500000,0.001000000
rigid_original,FR,389,3.972000000,3.972500000,0.000500000
rigid_original,FR,390,3.973500000,3.974500000,0.001000000
rigid_original,FR,391,3.976500000,3.978000000,0.001500000
rigid_original,FR,392,3.979500000,3.981000000,0.001500000
rigid_original,FR,393,3.982500000,3.983500000,0.001000000
rigid_original,FR,394,3.984000000,3.984500000,0.000500000
rigid_original,FR,395,3.985000000,3.985500000,0.000500000
rigid_original,FR,396,3.986500000,3.987000000,0.000500000
rigid_original,FR,397,3.987500000,3.989000000,0.001500000
rigid_original,FR,398,3.990500000,3.991500000,0.001000000
rigid_original,FR,399,3.992000000,3.992500000,0.000500000
rigid_original,FR,400,3.993000000,3.993500000,0.000500000
rigid_original,FR,401,3.994000000,3.995500000,0.001500000
rigid_original,FR,402,3.996500000,3.998000000,0.001500000
rigid_original,FR,403,3.998500000,3.999000000,0.000500000
rigid_original,FR,404,3.999500000,4.000000000,0.000500000
rigid_original,FR,405,4.001000000,4.004000000,0.003000000
rigid_original,FR,406,4.005500000,4.007000000,0.001500000
rigid_original,FR,407,4.008000000,4.011500000,0.003500000
rigid_original,FR,408,4.012500000,4.015000000,0.002500000
rigid_original,FR,409,4.015500000,4.017000000,0.001500000
rigid_original,FR,410,4.017500000,4.087500000,0.070000000
rigid_original,FR,411,4.088000000,4.091500000,0.003500000
rigid_original,FR,412,4.092000000,4.094000000,0.002000000
rigid_original,FR,413,4.094500000,4.097500000,0.003000000
rigid_original,FR,414,4.098000000,4.101500000,0.003500000
rigid_original,FR,415,4.102000000,4.104500000,0.002500000
rigid_original,FR,416,4.105500000,4.108000000,0.002500000
rigid_original,FR,417,4.109000000,4.110000000,0.001000000
rigid_original,FR,418,4.110500000,4.111000000,0.000500000
rigid_original,FR,419,4.111500000,4.112000000,0.000500000
rigid_original,FR,420,4.112500000,4.113000000,0.000500000
rigid_original,FR,421,4.113500000,4.114000000,0.000500000
rigid_original,FR,422,4.114500000,4.115000000,0.000500000
rigid_original,FR,423,4.115500000,4.116000000,0.000500000
rigid_original,FR,424,4.116500000,4.117000000,0.000500000
rigid_original,FR,425,4.118000000,4.119000000,0.001000000
rigid_original,FR,426,4.120000000,4.121000000,0.001000000
rigid_original,FR,427,4.122500000,4.123500000,0.001000000
rigid_original,FR,428,4.124500000,4.125000000,0.000500000
rigid_original,FR,429,4.125500000,4.126500000,0.001000000
rigid_original,FR,430,4.128000000,4.129000000,0.001000000
rigid_original,FR,431,4.130000000,4.130500000,0.000500000
rigid_original,FR,432,4.131500000,4.132000000,0.000500000
rigid_original,FR,433,4.133000000,4.134000000,0.001000000
rigid_original,FR,434,4.135500000,4.136000000,0.000500000
rigid_original,FR,435,4.136500000,4.137000000,0.000500000
rigid_original,FR,436,4.138000000,4.138500000,0.000500000
rigid_original,FR,437,4.139500000,4.140500000,0.001000000
rigid_original,FR,438,4.141000000,4.141500000,0.000500000
rigid_original,FR,439,4.142500000,4.143500000,0.001000000
rigid_original,FR,440,4.144500000,4.145500000,0.001000000
rigid_original,FR,441,4.146500000,4.148500000,0.002000000
rigid_original,FR,442,4.149000000,4.152500000,0.003500000
rigid_original,FR,443,4.153500000,4.154500000,0.001000000
rigid_original,FR,444,4.155500000,4.156500000,0.001000000
rigid_original,FR,445,4.157000000,4.158500000,0.001500000
rigid_original,FR,446,4.159000000,4.161000000,0.002000000
rigid_original,FR,447,4.161500000,4.164000000,0.002500000
rigid_original,FR,448,4.165000000,4.168500000,0.003500000
rigid_original,FR,449,4.169000000,4.712000000,0.543000000
rigid_original,FR,450,4.717000000,4.754000000,0.037000000
rigid_original,FR,451,4.758000000,4.759000000,0.001000000
rigid_original,FR,452,4.760000000,4.762500000,0.002500000
rigid_original,FR,453,4.763500000,4.765500000,0.002000000
rigid_original,FR,454,4.766500000,4.770500000,0.004000000
rigid_original,FR,455,4.771500000,4.779500000,0.008000000
rigid_original,FR,456,4.780000000,4.781000000,0.001000000
rigid_original,FR,457,4.781500000,4.787000000,0.005500000
rigid_original,FR,458,4.787500000,4.791000000,0.003500000
rigid_original,FR,459,4.794500000,4.795500000,0.001000000
rigid_original,FR,460,4.796500000,4.797500000,0.001000000
rigid_original,FR,461,4.798500000,4.799000000,0.000500000
rigid_original,FR,462,4.800000000,4.801000000,0.001000000
rigid_original,FR,463,4.802000000,4.803000000,0.001000000
rigid_original,FR,464,4.804500000,4.807500000,0.003000000
rigid_original,FR,465,4.808000000,4.809000000,0.001000000
rigid_original,FR,466,4.810000000,4.811500000,0.001500000
rigid_original,FR,467,4.812000000,4.814500000,0.002500000
rigid_original,FR,468,4.815500000,4.816500000,0.001000000
rigid_original,FR,469,4.818000000,4.819000000,0.001000000
rigid_original,FR,470,4.820000000,4.820500000,0.000500000
rigid_original,FL,0,0.180000000,0.180500000,0.000500000
rigid_original,FL,1,0.187000000,0.188000000,0.001000000
rigid_original,FL,2,0.195000000,0.196000000,0.001000000
rigid_original,FL,3,0.215500000,0.218000000,0.002500000
rigid_original,FL,4,0.221000000,0.222000000,0.001000000
rigid_original,FL,5,0.229000000,0.230500000,0.001500000
rigid_original,FL,6,0.254000000,0.255000000,0.001000000
rigid_original,FL,7,0.263500000,0.265000000,0.001500000
rigid_original,FL,8,0.280500000,0.284500000,0.004000000
rigid_original,FL,9,0.288000000,0.290500000,0.002500000
rigid_original,FL,10,0.294000000,0.295500000,0.001500000
rigid_original,FL,11,0.297000000,0.304000000,0.007000000
rigid_original,FL,12,0.304500000,0.306500000,0.002000000
rigid_original,FL,13,0.307000000,0.308000000,0.001000000
rigid_original,FL,14,0.309000000,0.318500000,0.009500000
rigid_original,FL,15,0.320000000,0.321500000,0.001500000
rigid_original,FL,16,0.322500000,0.324000000,0.001500000
rigid_original,FL,17,0.324500000,0.326000000,0.001500000
rigid_original,FL,18,0.327000000,0.328500000,0.001500000
rigid_original,FL,19,0.330000000,0.331000000,0.001000000
rigid_original,FL,20,0.332000000,0.332500000,0.000500000
rigid_original,FL,21,0.333500000,0.334000000,0.000500000
rigid_original,FL,22,0.335000000,0.335500000,0.000500000
rigid_original,FL,23,0.336500000,0.337500000,0.001000000
rigid_original,FL,24,0.339000000,0.340000000,0.001000000
rigid_original,FL,25,0.341500000,0.343000000,0.001500000
rigid_original,FL,26,0.344500000,0.346000000,0.001500000
rigid_original,FL,27,0.347000000,0.348000000,0.001000000
rigid_original,FL,28,0.349000000,0.351000000,0.002000000
rigid_original,FL,29,0.352000000,0.354000000,0.002000000
rigid_original,FL,30,0.355000000,0.358000000,0.003000000
rigid_original,FL,31,0.358500000,0.359500000,0.001000000
rigid_original,FL,32,0.360500000,0.364500000,0.004000000
rigid_original,FL,33,0.365000000,0.368000000,0.003000000
rigid_original,FL,34,0.368500000,0.371000000,0.002500000
rigid_original,FL,35,0.371500000,0.394000000,0.022500000
rigid_original,FL,36,0.395000000,0.397000000,0.002000000
rigid_original,FL,37,0.398000000,0.399500000,0.001500000
rigid_original,FL,38,0.400500000,0.401000000,0.000500000
rigid_original,FL,39,0.401500000,0.413000000,0.011500000
rigid_original,FL,40,0.414000000,0.415000000,0.001000000
rigid_original,FL,41,0.415500000,0.422500000,0.007000000
rigid_original,FL,42,0.423500000,0.426500000,0.003000000
rigid_original,FL,43,0.427000000,0.432500000,0.005500000
rigid_original,FL,44,0.434000000,0.438000000,0.004000000
rigid_original,FL,45,0.439000000,0.457500000,0.018500000
rigid_original,FL,46,0.458000000,0.466000000,0.008000000
rigid_original,FL,47,0.468000000,0.474500000,0.006500000
rigid_original,FL,48,0.476500000,0.484000000,0.007500000
rigid_original,FL,49,0.484500000,0.499000000,0.014500000
rigid_original,FL,50,0.499500000,0.653000000,0.153500000
rigid_original,FL,51,0.653500000,0.657500000,0.004000000
rigid_original,FL,52,0.658000000,0.682000000,0.024000000
rigid_original,FL,53,0.682500000,0.683000000,0.000500000
rigid_original,FL,54,0.683500000,0.685000000,0.001500000
rigid_original,FL,55,0.686000000,0.687500000,0.001500000
rigid_original,FL,56,0.688500000,0.690000000,0.001500000
rigid_original,FL,57,0.691000000,0.692500000,0.001500000
rigid_original,FL,58,0.693500000,0.695000000,0.001500000
rigid_original,FL,59,0.696000000,0.697500000,0.001500000
rigid_original,FL,60,0.698500000,0.699500000,0.001000000
rigid_original,FL,61,0.700000000,0.700500000,0.000500000
rigid_original,FL,62,0.701000000,0.702000000,0.001000000
rigid_original,FL,63,0.703000000,0.704500000,0.001500000
rigid_original,FL,64,0.705000000,0.707500000,0.002500000
rigid_original,FL,65,0.708500000,0.711000000,0.002500000
rigid_original,FL,66,0.712500000,0.714000000,0.001500000
rigid_original,FL,67,0.715500000,0.716500000,0.001000000
rigid_original,FL,68,0.717000000,0.717500000,0.000500000
rigid_original,FL,69,0.718500000,0.719000000,0.000500000
rigid_original,FL,70,0.719500000,0.720500000,0.001000000
rigid_original,FL,71,0.721500000,0.723000000,0.001500000
rigid_original,FL,72,0.724500000,0.725500000,0.001000000
rigid_original,FL,73,0.726500000,0.727000000,0.000500000
rigid_original,FL,74,0.727500000,0.728000000,0.000500000
rigid_original,FL,75,0.729000000,0.730000000,0.001000000
rigid_original,FL,76,0.731500000,0.733000000,0.001500000
rigid_original,FL,77,0.734000000,0.735000000,0.001000000
rigid_original,FL,78,0.736500000,0.737500000,0.001000000
rigid_original,FL,79,0.739500000,0.741500000,0.002000000
rigid_original,FL,80,0.743500000,0.745000000,0.001500000
rigid_original,FL,81,0.746500000,0.747500000,0.001000000
rigid_original,FL,82,0.749000000,0.750000000,0.001000000
rigid_original,FL,83,0.751500000,0.752500000,0.001000000
rigid_original,FL,84,0.753000000,0.753500000,0.000500000
rigid_original,FL,85,0.754500000,0.755500000,0.001000000
rigid_original,FL,86,0.757000000,0.757500000,0.000500000
rigid_original,FL,87,0.758000000,0.758500000,0.000500000
rigid_original,FL,88,0.759000000,0.759500000,0.000500000
rigid_original,FL,89,0.761000000,0.762500000,0.001500000
rigid_original,FL,90,0.764500000,0.765500000,0.001000000
rigid_original,FL,91,0.767500000,0.768000000,0.000500000
rigid_original,FL,92,0.769000000,0.770500000,0.001500000
rigid_original,FL,93,0.772500000,0.773500000,0.001000000
rigid_original,FL,94,0.775000000,0.776000000,0.001000000
rigid_original,FL,95,0.777000000,0.778000000,0.001000000
rigid_original,FL,96,0.780000000,0.781500000,0.001500000
rigid_original,FL,97,0.783500000,0.784000000,0.000500000
rigid_original,FL,98,0.784500000,0.785000000,0.000500000
rigid_original,FL,99,0.785500000,0.786000000,0.000500000
rigid_original,FL,100,0.787500000,0.788500000,0.001000000
rigid_original,FL,101,0.790000000,0.791000000,0.001000000
rigid_original,FL,102,0.792500000,0.793500000,0.001000000
rigid_original,FL,103,0.794500000,0.795500000,0.001000000
rigid_original,FL,104,0.797000000,0.798000000,0.001000000
rigid_original,FL,105,0.799500000,0.800500000,0.001000000
rigid_original,FL,106,0.802000000,0.803000000,0.001000000
rigid_original,FL,107,0.805000000,0.806000000,0.001000000
rigid_original,FL,108,0.808000000,0.809000000,0.001000000
rigid_original,FL,109,0.810000000,0.810500000,0.000500000
rigid_original,FL,110,0.811000000,0.811500000,0.000500000
rigid_original,FL,111,0.813000000,0.814000000,0.001000000
rigid_original,FL,112,0.815000000,0.816000000,0.001000000
rigid_original,FL,113,0.818000000,0.819000000,0.001000000
rigid_original,FL,114,0.820500000,0.821500000,0.001000000
rigid_original,FL,115,0.823500000,0.824500000,0.001000000
rigid_original,FL,116,0.826000000,0.827000000,0.001000000
rigid_original,FL,117,0.829000000,0.830500000,0.001500000
rigid_original,FL,118,0.833000000,0.834500000,0.001500000
rigid_original,FL,119,0.836000000,0.837000000,0.001000000
rigid_original,FL,120,0.838500000,0.839500000,0.001000000
rigid_original,FL,121,0.840500000,0.841000000,0.000500000
rigid_original,FL,122,0.841500000,0.842000000,0.000500000
rigid_original,FL,123,0.844500000,0.845500000,0.001000000
rigid_original,FL,124,0.846500000,0.848000000,0.001500000
rigid_original,FL,125,0.850500000,0.851500000,0.001000000
rigid_original,FL,126,0.853500000,0.854500000,0.001000000
rigid_original,FL,127,0.856000000,0.856500000,0.000500000
rigid_original,FL,128,0.857500000,0.858000000,0.000500000
rigid_original,FL,129,0.859000000,0.859500000,0.000500000
rigid_original,FL,130,0.860500000,0.861000000,0.000500000
rigid_original,FL,131,0.862000000,0.862500000,0.000500000
rigid_original,FL,132,0.863500000,0.864000000,0.000500000
rigid_original,FL,133,0.865000000,0.865500000,0.000500000
rigid_original,FL,134,0.866500000,0.867000000,0.000500000
rigid_original,FL,135,0.868000000,0.868500000,0.000500000
rigid_original,FL,136,0.869500000,0.870000000,0.000500000
rigid_original,FL,137,0.871000000,0.871500000,0.000500000
rigid_original,FL,138,0.872500000,0.873000000,0.000500000
rigid_original,FL,139,0.874000000,0.874500000,0.000500000
rigid_original,FL,140,0.875000000,0.875500000,0.000500000
rigid_original,FL,141,0.876500000,0.877500000,0.001000000
rigid_original,FL,142,0.879500000,0.880500000,0.001000000
rigid_original,FL,143,0.882500000,0.883500000,0.001000000
rigid_original,FL,144,0.885500000,0.886500000,0.001000000
rigid_original,FL,145,0.888500000,0.889000000,0.000500000
rigid_original,FL,146,0.890500000,0.891500000,0.001000000
rigid_original,FL,147,0.893000000,0.894000000,0.001000000
rigid_original,FL,148,0.896500000,0.898000000,0.001500000
rigid_original,FL,149,0.901000000,0.902500000,0.001500000
rigid_original,FL,150,0.904000000,0.904500000,0.000500000
rigid_original,FL,151,0.905500000,0.906000000,0.000500000
rigid_original,FL,152,0.907000000,0.908000000,0.001000000
rigid_original,FL,153,0.909500000,0.910500000,0.001000000
rigid_original,FL,154,0.911500000,0.912000000,0.000500000
rigid_original,FL,155,0.913000000,0.914000000,0.001000000
rigid_original,FL,156,0.915500000,0.916000000,0.000500000
rigid_original,FL,157,0.916500000,0.917000000,0.000500000
rigid_original,FL,158,0.918000000,0.919000000,0.001000000
rigid_original,FL,159,0.921000000,0.921500000,0.000500000
rigid_original,FL,160,0.922000000,0.922500000,0.000500000
rigid_original,FL,161,0.924000000,0.924500000,0.000500000
rigid_original,FL,162,0.925500000,0.926000000,0.000500000
rigid_original,FL,163,0.927000000,0.927500000,0.000500000
rigid_original,FL,164,0.928000000,0.928500000,0.000500000
rigid_original,FL,165,0.929500000,0.930500000,0.001000000
rigid_original,FL,166,0.933000000,0.934000000,0.001000000
rigid_original,FL,167,0.936000000,0.937000000,0.001000000
rigid_original,FL,168,0.939000000,0.940000000,0.001000000
rigid_original,FL,169,0.941500000,0.942500000,0.001000000
rigid_original,FL,170,0.945000000,0.946000000,0.001000000
rigid_original,FL,171,0.948000000,0.949000000,0.001000000
rigid_original,FL,172,0.951000000,0.951500000,0.000500000
rigid_original,FL,173,0.952000000,0.953000000,0.001000000
rigid_original,FL,174,0.955000000,0.956000000,0.001000000
rigid_original,FL,175,0.957000000,0.957500000,0.000500000
rigid_original,FL,176,0.958500000,0.959000000,0.000500000
rigid_original,FL,177,0.959500000,0.960000000,0.000500000
rigid_original,FL,178,0.961000000,0.962000000,0.001000000
rigid_original,FL,179,0.963500000,0.964500000,0.001000000
rigid_original,FL,180,0.966000000,0.967500000,0.001500000
rigid_original,FL,181,0.971000000,0.972500000,0.001500000
rigid_original,FL,182,0.974000000,0.974500000,0.000500000
rigid_original,FL,183,0.975000000,0.975500000,0.000500000
rigid_original,FL,184,0.976000000,0.976500000,0.000500000
rigid_original,FL,185,0.978500000,0.979500000,0.001000000
rigid_original,FL,186,0.980500000,0.981000000,0.000500000
rigid_original,FL,187,0.982500000,0.983500000,0.001000000
rigid_original,FL,188,0.984500000,0.985500000,0.001000000
rigid_original,FL,189,0.987000000,0.988000000,0.001000000
rigid_original,FL,190,0.989000000,0.989500000,0.000500000
rigid_original,FL,191,0.990500000,0.991000000,0.000500000
rigid_original,FL,192,0.991500000,0.992000000,0.000500000
rigid_original,FL,193,0.992500000,0.993000000,0.000500000
rigid_original,FL,194,0.994000000,0.995000000,0.001000000
rigid_original,FL,195,0.996000000,0.997000000,0.001000000
rigid_original,FL,196,0.999000000,1.001000000,0.002000000
rigid_original,FL,197,1.004500000,1.005500000,0.001000000
rigid_original,FL,198,1.006500000,1.007500000,0.001000000
rigid_original,FL,199,1.009000000,1.009500000,0.000500000
rigid_original,FL,200,1.010000000,1.011000000,0.001000000
rigid_original,FL,201,1.013000000,1.014000000,0.001000000
rigid_original,FL,202,1.015000000,1.016000000,0.001000000
rigid_original,FL,203,1.017000000,1.017500000,0.000500000
rigid_original,FL,204,1.018000000,1.018500000,0.000500000
rigid_original,FL,205,1.019500000,1.020000000,0.000500000
rigid_original,FL,206,1.020500000,1.021500000,0.001000000
rigid_original,FL,207,1.024000000,1.025500000,0.001500000
rigid_original,FL,208,1.027500000,1.029500000,0.002000000
rigid_original,FL,209,1.031500000,1.032500000,0.001000000
rigid_original,FL,210,1.033500000,1.034500000,0.001000000
rigid_original,FL,211,1.035000000,1.035500000,0.000500000
rigid_original,FL,212,1.036500000,1.037000000,0.000500000
rigid_original,FL,213,1.038000000,1.039500000,0.001500000
rigid_original,FL,214,1.040000000,1.040500000,0.000500000
rigid_original,FL,215,1.041500000,1.042500000,0.001000000
rigid_original,FL,216,1.044000000,1.045500000,0.001500000
rigid_original,FL,217,1.046000000,1.047000000,0.001000000
rigid_original,FL,218,1.048500000,1.049000000,0.000500000
rigid_original,FL,219,1.051500000,1.052500000,0.001000000
rigid_original,FL,220,1.054000000,1.055000000,0.001000000
rigid_original,FL,221,1.055500000,1.056500000,0.001000000
rigid_original,FL,222,1.057500000,1.058000000,0.000500000
rigid_original,FL,223,1.059000000,1.060000000,0.001000000
rigid_original,FL,224,1.060500000,1.061500000,0.001000000
rigid_original,FL,225,1.063000000,1.064500000,0.001500000
rigid_original,FL,226,1.065000000,1.066000000,0.001000000
rigid_original,FL,227,1.067500000,1.069000000,0.001500000
rigid_original,FL,228,1.069500000,1.071000000,0.001500000
rigid_original,FL,229,1.072000000,1.074000000,0.002000000
rigid_original,FL,230,1.075500000,1.077000000,0.001500000
rigid_original,FL,231,1.077500000,1.079500000,0.002000000
rigid_original,FL,232,1.080500000,1.083000000,0.002500000
rigid_original,FL,233,1.084500000,1.087000000,0.002500000
rigid_original,FL,234,1.088000000,1.089500000,0.001500000
rigid_original,FL,235,1.090000000,1.093500000,0.003500000
rigid_original,FL,236,1.094500000,1.098000000,0.003500000
rigid_original,FL,237,1.098500000,1.099500000,0.001000000
rigid_original,FL,238,1.101500000,1.106000000,0.004500000
rigid_original,FL,239,1.107000000,1.109500000,0.002500000
rigid_original,FL,240,1.110000000,1.111000000,0.001000000
rigid_original,FL,241,1.111500000,1.113500000,0.002000000
rigid_original,FL,242,1.114000000,1.117500000,0.003500000
rigid_original,FL,243,1.118000000,1.126000000,0.008000000
rigid_original,FL,244,1.126500000,1.131500000,0.005000000
rigid_original,FL,245,1.132000000,1.133000000,0.001000000
rigid_original,FL,246,1.134500000,1.136500000,0.002000000
rigid_original,FL,247,1.137000000,1.138000000,0.001000000
rigid_original,FL,248,1.139000000,1.139500000,0.000500000
rigid_original,FL,249,1.140000000,1.142000000,0.002000000
rigid_original,FL,250,1.142500000,1.144000000,0.001500000
rigid_original,FL,251,1.145500000,1.147500000,0.002000000
rigid_original,FL,252,1.148000000,1.149500000,0.001500000
rigid_original,FL,253,1.151000000,1.153000000,0.002000000
rigid_original,FL,254,1.156000000,1.157000000,0.001000000
rigid_original,FL,255,1.157500000,1.158500000,0.001000000
rigid_original,FL,256,1.161000000,1.162000000,0.001000000
rigid_original,FL,257,1.162500000,1.164000000,0.001500000
rigid_original,FL,258,1.166500000,1.167500000,0.001000000
rigid_original,FL,259,1.168000000,1.169000000,0.001000000
rigid_original,FL,260,1.170000000,1.170500000,0.000500000
rigid_original,FL,261,1.171500000,1.172500000,0.001000000
rigid_original,FL,262,1.173500000,1.174500000,0.001000000
rigid_original,FL,263,1.176000000,1.176500000,0.000500000
rigid_original,FL,264,1.177000000,1.178000000,0.001000000
rigid_original,FL,265,1.180000000,1.180500000,0.000500000
rigid_original,FL,266,1.181000000,1.182000000,0.001000000
rigid_original,FL,267,1.184000000,1.184500000,0.000500000
rigid_original,FL,268,1.185000000,1.186000000,0.001000000
rigid_original,FL,269,1.188000000,1.188500000,0.000500000
rigid_original,FL,270,1.189000000,1.190000000,0.001000000
rigid_original,FL,271,1.192500000,1.193500000,0.001000000
rigid_original,FL,272,1.194500000,1.195000000,0.000500000
rigid_original,FL,273,1.195500000,1.196000000,0.000500000
rigid_original,FL,274,1.197000000,1.197500000,0.000500000
rigid_original,FL,275,1.199000000,1.199500000,0.000500000
rigid_original,FL,276,1.201000000,1.201500000,0.000500000
rigid_original,FL,277,1.203000000,1.204000000,0.001000000
rigid_original,FL,278,1.207000000,1.208500000,0.001500000
rigid_original,FL,279,1.212000000,1.213500000,0.001500000
rigid_original,FL,280,1.217000000,1.218500000,0.001500000
rigid_original,FL,281,1.222000000,1.223000000,0.001000000
rigid_original,FL,282,1.225000000,1.225500000,0.000500000
rigid_original,FL,283,1.226500000,1.227000000,0.000500000
rigid_original,FL,284,1.228500000,1.229000000,0.000500000
rigid_original,FL,285,1.230500000,1.231000000,0.000500000
rigid_original,FL,286,1.231500000,1.232000000,0.000500000
rigid_original,FL,287,1.233500000,1.234500000,0.001000000
rigid_original,FL,288,1.237500000,1.238500000,0.001000000
rigid_original,FL,289,1.241000000,1.242000000,0.001000000
rigid_original,FL,290,1.245000000,1.246500000,0.001500000
rigid_original,FL,291,1.250500000,1.252000000,0.001500000
rigid_original,FL,292,1.255500000,1.256500000,0.001000000
rigid_original,FL,293,1.259000000,1.259500000,0.000500000
rigid_original,FL,294,1.260000000,1.260500000,0.000500000
rigid_original,FL,295,1.262500000,1.263000000,0.000500000
rigid_original,FL,296,1.264500000,1.265500000,0.001000000
rigid_original,FL,297,1.268500000,1.269500000,0.001000000
rigid_original,FL,298,1.272000000,1.272500000,0.000500000
rigid_original,FL,299,1.273500000,1.274000000,0.000500000
rigid_original,FL,300,1.275500000,1.276000000,0.000500000
rigid_original,FL,301,1.277500000,1.278000000,0.000500000
rigid_original,FL,302,1.279000000,1.279500000,0.000500000
rigid_original,FL,303,1.281000000,1.282000000,0.001000000
rigid_original,FL,304,1.284500000,1.285500000,0.001000000
rigid_original,FL,305,1.288500000,1.290000000,0.001500000
rigid_original,FL,306,1.293000000,1.294500000,0.001500000
rigid_original,FL,307,1.298000000,1.299000000,0.001000000
rigid_original,FL,308,1.301500000,1.302500000,0.001000000
rigid_original,FL,309,1.305000000,1.306000000,0.001000000
rigid_original,FL,310,1.308000000,1.309500000,0.001500000
rigid_original,FL,311,1.313500000,1.315000000,0.001500000
rigid_original,FL,312,1.318000000,1.318500000,0.000500000
rigid_original,FL,313,1.319000000,1.319500000,0.000500000
rigid_original,FL,314,1.321500000,1.322500000,0.001000000
rigid_original,FL,315,1.324500000,1.325500000,0.001000000
rigid_original,FL,316,1.327500000,1.328000000,0.000500000
rigid_original,FL,317,1.329500000,1.330500000,0.001000000
rigid_original,FL,318,1.333500000,1.334500000,0.001000000
rigid_original,FL,319,1.336500000,1.337000000,0.000500000
rigid_original,FL,320,1.338000000,1.338500000,0.000500000
rigid_original,FL,321,1.340000000,1.340500000,0.000500000
rigid_original,FL,322,1.342000000,1.343000000,0.001000000
rigid_original,FL,323,1.345000000,1.346000000,0.001000000
rigid_original,FL,324,1.348000000,1.348500000,0.000500000
rigid_original,FL,325,1.350000000,1.351000000,0.001000000
rigid_original,FL,326,1.354000000,1.355500000,0.001500000
rigid_original,FL,327,1.359000000,1.360000000,0.001000000
rigid_original,FL,328,1.362000000,1.363000000,0.001000000
rigid_original,FL,329,1.365500000,1.366000000,0.000500000
rigid_original,FL,330,1.367000000,1.367500000,0.000500000
rigid_original,FL,331,1.369000000,1.370000000,0.001000000
rigid_original,FL,332,1.373000000,1.374500000,0.001500000
rigid_original,FL,333,1.377000000,1.378000000,0.001000000
rigid_original,FL,334,1.380500000,1.381500000,0.001000000
rigid_original,FL,335,1.384000000,1.385000000,0.001000000
rigid_original,FL,336,1.387500000,1.388500000,0.001000000
rigid_original,FL,337,1.391000000,1.392000000,0.001000000
rigid_original,FL,338,1.394500000,1.395500000,0.001000000
rigid_original,FL,339,1.398000000,1.399000000,0.001000000
rigid_original,FL,340,1.401500000,1.402500000,0.001000000
rigid_original,FL,341,1.405000000,1.406000000,0.001000000
rigid_original,FL,342,1.408500000,1.409500000,0.001000000
rigid_original,FL,343,1.412000000,1.413000000,0.001000000
rigid_original,FL,344,1.415500000,1.416500000,0.001000000
rigid_original,FL,345,1.419000000,1.419500000,0.000500000
rigid_original,FL,346,1.420000000,1.420500000,0.000500000
rigid_original,FL,347,1.422500000,1.423500000,0.001000000
rigid_original,FL,348,1.426000000,1.427000000,0.001000000
rigid_original,FL,349,1.428000000,1.428500000,0.000500000
rigid_original,FL,350,1.430000000,1.431000000,0.001000000
rigid_original,FL,351,1.433000000,1.434000000,0.001000000
rigid_original,FL,352,1.436000000,1.437000000,0.001000000
rigid_original,FL,353,1.439000000,1.439500000,0.000500000
rigid_original,FL,354,1.440500000,1.441500000,0.001000000
rigid_original,FL,355,1.444000000,1.445000000,0.001000000
rigid_original,FL,356,1.446000000,1.446500000,0.000500000
rigid_original,FL,357,1.447500000,1.448000000,0.000500000
rigid_original,FL,358,1.449000000,1.449500000,0.000500000
rigid_original,FL,359,1.451000000,1.452000000,0.001000000
rigid_original,FL,360,1.454500000,1.455500000,0.001000000
rigid_original,FL,361,1.457500000,1.458500000,0.001000000
rigid_original,FL,362,1.461000000,1.462500000,0.001500000
rigid_original,FL,363,1.464500000,1.465500000,0.001000000
rigid_original,FL,364,1.467500000,1.468500000,0.001000000
rigid_original,FL,365,1.470500000,1.471000000,0.000500000
rigid_original,FL,366,1.471500000,1.472000000,0.000500000
rigid_original,FL,367,1.473000000,1.474000000,0.001000000
rigid_original,FL,368,1.475500000,1.476000000,0.000500000
rigid_original,FL,369,1.477000000,1.477500000,0.000500000
rigid_original,FL,370,1.478500000,1.479000000,0.000500000
rigid_original,FL,371,1.480000000,1.480500000,0.000500000
rigid_original,FL,372,1.481500000,1.482000000,0.000500000
rigid_original,FL,373,1.483000000,1.483500000,0.000500000
rigid_original,FL,374,1.484000000,1.484500000,0.000500000
rigid_original,FL,375,1.485500000,1.487000000,0.001500000
rigid_original,FL,376,1.489500000,1.490500000,0.001000000
rigid_original,FL,377,1.491500000,1.492000000,0.000500000
rigid_original,FL,378,1.492500000,1.493500000,0.001000000
rigid_original,FL,379,1.495000000,1.496500000,0.001500000
rigid_original,FL,380,1.498000000,1.499000000,0.001000000
rigid_original,FL,381,1.499500000,1.500000000,0.000500000
rigid_original,FL,382,1.500500000,1.501000000,0.000500000
rigid_original,FL,383,1.501500000,1.502500000,0.001000000
rigid_original,FL,384,1.504000000,1.505000000,0.001000000
rigid_original,FL,385,1.506500000,1.508500000,0.002000000
rigid_original,FL,386,1.509500000,1.510000000,0.000500000
rigid_original,FL,387,1.510500000,1.511000000,0.000500000
rigid_original,FL,388,1.511500000,1.513000000,0.001500000
rigid_original,FL,389,1.514000000,1.514500000,0.000500000
rigid_original,FL,390,1.515000000,1.516000000,0.001000000
rigid_original,FL,391,1.516500000,1.518500000,0.002000000
rigid_original,FL,392,1.519000000,1.521000000,0.002000000
rigid_original,FL,393,1.521500000,1.524000000,0.002500000
rigid_original,FL,394,1.525000000,1.529000000,0.004000000
rigid_original,FL,395,1.529500000,1.616500000,0.087000000
rigid_original,FL,396,1.617000000,1.620500000,0.003500000
rigid_original,FL,397,1.621000000,1.623000000,0.002000000
rigid_original,FL,398,1.623500000,1.626500000,0.003000000
rigid_original,FL,399,1.627000000,1.627500000,0.000500000
rigid_original,FL,400,1.628000000,1.629500000,0.001500000
rigid_original,FL,401,1.630500000,1.632000000,0.001500000
rigid_original,FL,402,1.632500000,1.633000000,0.000500000
rigid_original,FL,403,1.634000000,1.635500000,0.001500000
rigid_original,FL,404,1.636500000,1.637000000,0.000500000
rigid_original,FL,405,1.637500000,1.638500000,0.001000000
rigid_original,FL,406,1.639500000,1.640000000,0.000500000
rigid_original,FL,407,1.640500000,1.641500000,0.001000000
rigid_original,FL,408,1.643000000,1.644500000,0.001500000
rigid_original,FL,409,1.646500000,1.648500000,0.002000000
rigid_original,FL,410,1.650500000,1.651500000,0.001000000
rigid_original,FL,411,1.652500000,1.653000000,0.000500000
rigid_original,FL,412,1.653500000,1.654500000,0.001000000
rigid_original,FL,413,1.656000000,1.657500000,0.001500000
rigid_original,FL,414,1.659000000,1.660000000,0.001000000
rigid_original,FL,415,1.660500000,1.661500000,0.001000000
rigid_original,FL,416,1.662000000,1.663500000,0.001500000
rigid_original,FL,417,1.664000000,1.665000000,0.001000000
rigid_original,FL,418,1.665500000,1.667000000,0.001500000
rigid_original,FL,419,1.667500000,1.669000000,0.001500000
rigid_original,FL,420,1.669500000,1.670500000,0.001000000
rigid_original,FL,421,1.671500000,1.672500000,0.001000000
rigid_original,FL,422,1.673500000,1.674500000,0.001000000
rigid_original,FL,423,1.675000000,1.677000000,0.002000000
rigid_original,FL,424,1.678500000,1.681000000,0.002500000
rigid_original,FL,425,1.682000000,1.685500000,0.003500000
rigid_original,FL,426,1.686000000,2.212500000,0.526500000
rigid_original,FL,427,2.217500000,2.257000000,0.039500000
rigid_original,FL,428,2.261500000,2.263000000,0.001500000
rigid_original,FL,429,2.263500000,2.264000000,0.000500000
rigid_original,FL,430,2.264500000,2.265000000,0.000500000
rigid_original,FL,431,2.265500000,2.268000000,0.002500000
rigid_original,FL,432,2.269000000,2.273500000,0.004500000
rigid_original,FL,433,2.274000000,2.280500000,0.006500000
rigid_original,FL,434,2.281000000,2.284000000,0.003000000
rigid_original,FL,435,2.284500000,2.285000000,0.000500000
rigid_original,FL,436,2.287000000,2.288000000,0.001000000
rigid_original,FL,437,2.289000000,2.289500000,0.000500000
rigid_original,FL,438,2.290000000,2.291000000,0.001000000
rigid_original,FL,439,2.292000000,2.292500000,0.000500000
rigid_original,FL,440,2.293000000,2.294500000,0.001500000
rigid_original,FL,441,2.295500000,2.297000000,0.001500000
rigid_original,FL,442,2.298000000,2.299500000,0.001500000
rigid_original,FL,443,2.300000000,2.302500000,0.002500000
rigid_original,FL,444,2.303500000,2.305500000,0.002000000
rigid_original,FL,445,2.306500000,2.307500000,0.001000000
rigid_original,FL,446,2.308500000,2.310500000,0.002000000
rigid_original,FL,447,2.311500000,2.314000000,0.002500000
rigid_original,FL,448,2.315000000,2.317000000,0.002000000
rigid_original,FL,449,2.317500000,2.319000000,0.001500000
rigid_original,FL,450,5.099000000,5.102000000,0.003000000
rigid_original,FL,451,5.103000000,5.107000000,0.004000000
rigid_original,FL,452,5.108500000,5.115500000,0.007000000
rigid_original,FL,453,5.116000000,5.118500000,0.002500000
rigid_original,FL,454,5.119500000,5.122000000,0.002500000
rigid_original,FL,455,5.122500000,5.128000000,0.005500000
rigid_original,FL,456,5.128500000,5.130000000,0.001500000
rigid_original,FL,457,5.130500000,5.132000000,0.001500000
rigid_original,FL,458,5.132500000,5.133500000,0.001000000
rigid_original,FL,459,5.134000000,5.136000000,0.002000000
rigid_original,FL,460,5.138000000,5.138500000,0.000500000
rigid_original,FL,461,5.140000000,5.140500000,0.000500000
rigid_original,FL,462,5.142000000,5.142500000,0.000500000
rigid_original,FL,463,5.146500000,5.147000000,0.000500000
rigid_original,FL,464,5.149500000,5.150500000,0.001000000
rigid_original,FL,465,5.153500000,5.154500000,0.001000000
rigid_original,FL,466,5.156000000,5.170500000,0.014500000
rigid_original,FL,467,5.171000000,5.174500000,0.003500000
rigid_original,FL,468,5.175000000,5.177000000,0.002000000
rigid_original,FL,469,5.177500000,5.178000000,0.000500000
rigid_original,FL,470,5.179000000,5.180500000,0.001500000
rigid_original,FL,471,5.181000000,5.181500000,0.000500000
rigid_original,FL,472,5.183000000,5.184500000,0.001500000
rigid_original,FL,473,5.186500000,5.187500000,0.001000000
rigid_original,FL,474,5.189500000,5.190500000,0.001000000
rigid_original,FL,475,5.193000000,5.193500000,0.000500000
rigid_original,FL,476,5.194500000,5.195000000,0.000500000
rigid_original,FL,477,5.196500000,5.218500000,0.022000000
rigid_original,FL,478,5.220000000,5.221500000,0.001500000
rigid_original,FL,479,5.222500000,5.224500000,0.002000000
rigid_original,FL,480,5.226500000,5.227500000,0.001000000
rigid_original,FL,481,5.229500000,5.230500000,0.001000000
rigid_original,FL,482,5.233000000,5.234000000,0.001000000
rigid_original,FL,483,5.236000000,5.236500000,0.000500000
rigid_original,FL,484,5.237500000,5.259500000,0.022000000
rigid_original,FL,485,5.261000000,5.263500000,0.002500000
rigid_original,FL,486,5.264000000,5.265000000,0.001000000
rigid_original,FL,487,5.266000000,5.267000000,0.001000000
rigid_original,FL,488,5.268000000,5.268500000,0.000500000
rigid_original,FL,489,5.269000000,5.269500000,0.000500000
rigid_original,FL,490,5.270500000,5.271000000,0.000500000
rigid_original,FL,491,5.272000000,5.272500000,0.000500000
rigid_original,FL,492,5.273500000,5.274000000,0.000500000
rigid_original,FL,493,5.275000000,5.275500000,0.000500000
rigid_original,FL,494,5.276000000,5.276500000,0.000500000
rigid_original,FL,495,5.277500000,5.288000000,0.010500000
rigid_original,FL,496,5.288500000,5.291500000,0.003000000
rigid_original,FL,497,5.292000000,5.302500000,0.010500000
rigid_original,FL,498,5.303000000,5.307000000,0.004000000
rigid_original,FL,499,5.307500000,5.310000000,0.002500000
rigid_original,FL,500,5.310500000,5.313000000,0.002500000
rigid_original,FL,501,5.313500000,5.318000000,0.004500000
rigid_original,FL,502,5.318500000,5.322000000,0.003500000
rigid_original,FL,503,5.322500000,5.324500000,0.002000000
rigid_original,FL,504,5.325000000,5.327500000,0.002500000
rigid_original,FL,505,5.328000000,5.338500000,0.010500000
rigid_original,FL,506,5.339000000,5.346500000,0.007500000
rigid_original,FL,507,5.347000000,5.349500000,0.002500000
rigid_original,FL,508,5.350500000,5.361500000,0.011000000
rigid_original,FL,509,5.362000000,5.368000000,0.006000000
rigid_original,FL,510,5.368500000,5.379500000,0.011000000
rigid_original,FL,511,5.380000000,5.395500000,0.015500000
rigid_original,FL,512,5.396000000,5.399500000,0.003500000
rigid_original,FL,513,5.400500000,5.409500000,0.009000000
rigid_original,FL,514,5.410000000,5.413000000,0.003000000
rigid_original,FL,515,5.416500000,5.425000000,0.008500000
rigid_original,FL,516,5.425500000,5.445500000,0.020000000
rigid_original,FL,517,5.447500000,5.452500000,0.005000000
rigid_original,FL,518,5.454500000,5.460500000,0.006000000
rigid_original,FL,519,5.462500000,5.481000000,0.018500000
rigid_original,FL,520,5.482500000,5.494500000,0.012000000
rigid_original,FL,521,5.497000000,5.664500000,0.167500000
rigid_original,FL,522,5.665000000,5.667500000,0.002500000
rigid_original,FL,523,5.668000000,5.670500000,0.002500000
rigid_original,FL,524,5.671000000,5.676500000,0.005500000
rigid_original,FL,525,5.677000000,5.679000000,0.002000000
rigid_original,FL,526,5.680000000,5.682500000,0.002500000
rigid_original,FL,527,5.683500000,5.686000000,0.002500000
rigid_original,FL,528,5.687000000,5.689000000,0.002000000
rigid_original,FL,529,5.690000000,5.692500000,0.002500000
rigid_original,FL,530,5.693500000,5.695000000,0.001500000
rigid_original,FL,531,5.695500000,5.696500000,0.001000000
rigid_original,FL,532,5.697000000,5.697500000,0.000500000
rigid_original,FL,533,5.698000000,5.699000000,0.001000000
rigid_original,FL,534,5.700000000,5.701500000,0.001500000
rigid_original,FL,535,5.702500000,5.704000000,0.001500000
rigid_original,FL,536,5.705000000,5.706000000,0.001000000
rigid_original,FL,537,5.707000000,5.708500000,0.001500000
rigid_original,FL,538,5.710000000,5.712000000,0.002000000
rigid_original,FL,539,5.713000000,5.714000000,0.001000000
rigid_original,FL,540,5.714500000,5.715000000,0.000500000
rigid_original,FL,541,5.715500000,5.716500000,0.001000000
rigid_original,FL,542,5.718000000,5.719500000,0.001500000
rigid_original,FL,543,5.720500000,5.721500000,0.001000000
rigid_original,FL,544,5.723000000,5.724500000,0.001500000
rigid_original,FL,545,5.726000000,5.727000000,0.001000000
rigid_original,FL,546,5.728500000,5.729000000,0.000500000
rigid_original,FL,547,5.729500000,5.730500000,0.001000000
rigid_original,FL,548,5.731500000,5.732500000,0.001000000
rigid_original,FL,549,5.733500000,5.734500000,0.001000000
rigid_original,FL,550,5.735500000,5.736000000,0.000500000
rigid_original,FL,551,5.736500000,5.737000000,0.000500000
rigid_original,FL,552,5.738000000,5.739000000,0.001000000
rigid_original,FL,553,5.740500000,5.741500000,0.001000000
rigid_original,FL,554,5.743000000,5.744000000,0.001000000
rigid_original,FL,555,5.744500000,5.745500000,0.001000000
rigid_original,FL,556,5.747500000,5.748500000,0.001000000
rigid_original,FL,557,5.749000000,5.749500000,0.000500000
rigid_original,FL,558,5.751000000,5.752000000,0.001000000
rigid_original,FL,559,5.753500000,5.754500000,0.001000000
rigid_original,FL,560,5.756000000,5.757000000,0.001000000
rigid_original,FL,561,5.758500000,5.759500000,0.001000000
rigid_original,FL,562,5.761500000,5.763000000,0.001500000
rigid_original,FL,563,5.765000000,5.766000000,0.001000000
rigid_original,FL,564,5.767500000,5.768500000,0.001000000
rigid_original,FL,565,5.770000000,5.770500000,0.000500000
rigid_original,FL,566,5.771000000,5.771500000,0.000500000
rigid_original,FL,567,5.772500000,5.773000000,0.000500000
rigid_original,FL,568,5.773500000,5.774000000,0.000500000
rigid_original,FL,569,5.775500000,5.777000000,0.001500000
rigid_original,FL,570,5.778500000,5.779500000,0.001000000
rigid_original,FL,571,5.781000000,5.782000000,0.001000000
rigid_original,FL,572,5.784500000,5.785500000,0.001000000
rigid_original,FL,573,5.786500000,5.787500000,0.001000000
rigid_original,FL,574,5.789000000,5.790000000,0.001000000
rigid_original,FL,575,5.791500000,5.792000000,0.000500000
rigid_original,FL,576,5.793000000,5.794000000,0.001000000
rigid_original,FL,577,5.796000000,5.797500000,0.001500000
rigid_original,FL,578,5.799500000,5.800500000,0.001000000
rigid_original,FL,579,5.801500000,5.802000000,0.000500000
rigid_original,FL,580,5.803000000,5.803500000,0.000500000
rigid_original,FL,581,5.804500000,5.805500000,0.001000000
rigid_original,FL,582,5.806500000,5.807000000,0.000500000
rigid_original,FL,583,5.808000000,5.809000000,0.001000000
rigid_original,FL,584,5.811000000,5.812000000,0.001000000
rigid_original,FL,585,5.813500000,5.814500000,0.001000000
rigid_original,FL,586,5.816500000,5.818000000,0.001500000
rigid_original,FL,587,5.820500000,5.822000000,0.001500000
rigid_original,FL,588,5.823500000,5.824500000,0.001000000
rigid_original,FL,589,5.826000000,5.827000000,0.001000000
rigid_original,FL,590,5.829000000,5.830500000,0.001500000
rigid_original,FL,591,5.833000000,5.834000000,0.001000000
rigid_original,FL,592,5.835500000,5.836500000,0.001000000
rigid_original,FL,593,5.838500000,5.840000000,0.001500000
rigid_original,FL,594,5.842000000,5.843500000,0.001500000
rigid_original,FL,595,5.846000000,5.847500000,0.001500000
rigid_original,FL,596,5.850000000,5.851500000,0.001500000
rigid_original,FL,597,5.854000000,5.855000000,0.001000000
rigid_original,FL,598,5.856500000,5.857500000,0.001000000
rigid_original,FL,599,5.859000000,5.860000000,0.001000000
rigid_original,FL,600,5.861500000,5.862500000,0.001000000
rigid_original,FL,601,5.864000000,5.865000000,0.001000000
rigid_original,FL,602,5.866500000,5.867500000,0.001000000
rigid_original,FL,603,5.869000000,5.870000000,0.001000000
rigid_original,FL,604,5.871500000,5.872000000,0.000500000
rigid_original,FL,605,5.873000000,5.873500000,0.000500000
rigid_original,FL,606,5.874500000,5.875000000,0.000500000
rigid_original,FL,607,5.877000000,5.878000000,0.001000000
rigid_original,FL,608,5.880000000,5.881000000,0.001000000
rigid_original,FL,609,5.883000000,5.884000000,0.001000000
rigid_original,FL,610,5.886000000,5.887000000,0.001000000
rigid_original,FL,611,5.889000000,5.889500000,0.000500000
rigid_original,FL,612,5.890000000,5.890500000,0.000500000
rigid_original,FL,613,5.892000000,5.893000000,0.001000000
rigid_original,FL,614,5.894500000,5.896000000,0.001500000
rigid_original,FL,615,5.899000000,5.900500000,0.001500000
rigid_original,FL,616,5.902000000,5.902500000,0.000500000
rigid_original,FL,617,5.903500000,5.904000000,0.000500000
rigid_original,FL,618,5.905500000,5.906500000,0.001000000
rigid_original,FL,619,5.908000000,5.909000000,0.001000000
rigid_original,FL,620,5.911500000,5.913000000,0.001500000
rigid_original,FL,621,5.915000000,5.916000000,0.001000000
rigid_original,FL,622,5.917000000,5.918000000,0.001000000
rigid_original,FL,623,5.920500000,5.921500000,0.001000000
rigid_original,FL,624,5.923500000,5.924500000,0.001000000
rigid_original,FL,625,5.926500000,5.927500000,0.001000000
rigid_original,FL,626,5.930000000,5.931500000,0.001500000
rigid_original,FL,627,5.933500000,5.935000000,0.001500000
rigid_original,FL,628,5.937500000,5.938500000,0.001000000
rigid_original,FL,629,5.939500000,5.940000000,0.000500000
rigid_original,FL,630,5.940500000,5.941000000,0.000500000
rigid_original,FL,631,5.942500000,5.943500000,0.001000000
rigid_original,FL,632,5.945000000,5.946000000,0.001000000
rigid_original,FL,633,5.948500000,5.949500000,0.001000000
rigid_original,FL,634,5.951500000,5.952000000,0.000500000
rigid_original,FL,635,5.952500000,5.953000000,0.000500000
rigid_original,FL,636,5.954500000,5.955000000,0.000500000
rigid_original,FL,637,5.956000000,5.956500000,0.000500000
rigid_original,FL,638,5.958000000,5.959000000,0.001000000
rigid_original,FL,639,5.960000000,5.960500000,0.000500000
rigid_original,FL,640,5.961500000,5.962500000,0.001000000
rigid_original,FL,641,5.964000000,5.964500000,0.000500000
rigid_original,FL,642,5.965000000,5.966000000,0.001000000
rigid_original,FL,643,5.968500000,5.969000000,0.000500000
rigid_original,FL,644,5.969500000,5.970000000,0.000500000
rigid_original,FL,645,5.971000000,5.971500000,0.000500000
rigid_original,FL,646,5.972500000,5.973000000,0.000500000
rigid_original,FL,647,5.974000000,5.975000000,0.001000000
rigid_original,FL,648,5.977000000,5.978000000,0.001000000
rigid_original,FL,649,5.979500000,5.981000000,0.001500000
rigid_original,FL,650,5.983500000,5.984500000,0.001000000
rigid_original,FL,651,5.986500000,5.987500000,0.001000000
rigid_original,FL,652,5.990000000,5.991500000,0.001500000
rigid_original,FL,653,5.993500000,5.994500000,0.001000000
rigid_original,FL,654,5.995500000,5.996500000,0.001000000
rigid_original,FL,655,5.998000000,5.999000000,0.001000000
rigid_original,FL,656,6.000000000,6.000500000,0.000500000
rigid_original,Back,0,0.230500000,0.231000000,0.000500000
rigid_original,Back,1,0.246500000,0.247500000,0.001000000
rigid_original,Back,2,0.258000000,0.260500000,0.002500000
rigid_original,Back,3,2.376000000,2.376500000,0.000500000
rigid_original,Back,4,2.402000000,2.403000000,0.001000000
rigid_original,Back,5,2.427000000,2.427500000,0.000500000
rigid_original,Back,6,2.428000000,2.428500000,0.000500000
rigid_original,Back,7,2.483000000,2.483500000,0.000500000
rigid_original,Back,8,2.494000000,2.494500000,0.000500000
rigid_original,Back,9,2.503500000,2.504000000,0.000500000
rigid_original,Back,10,2.507500000,2.508000000,0.000500000
rigid_original,Back,11,2.512500000,2.513000000,0.000500000
rigid_original,Back,12,2.514000000,2.514500000,0.000500000
rigid_original,Back,13,2.519500000,2.520500000,0.001000000
rigid_original,Back,14,2.525000000,2.526500000,0.001500000
rigid_original,Back,15,2.529500000,2.531000000,0.001500000
rigid_original,Back,16,2.534000000,2.535000000,0.001000000
rigid_original,Back,17,2.535500000,2.536000000,0.000500000
rigid_original,Back,18,2.538000000,2.539500000,0.001500000
rigid_original,Back,19,2.540000000,2.540500000,0.000500000
rigid_original,Back,20,2.541500000,2.543000000,0.001500000
rigid_original,Back,21,2.545000000,2.545500000,0.000500000
rigid_original,Back,22,2.547000000,2.547500000,0.000500000
rigid_original,Back,23,2.548500000,2.550000000,0.001500000
rigid_original,Back,24,2.551000000,2.553000000,0.002000000
rigid_original,Back,25,2.553500000,2.556000000,0.002500000
rigid_original,Back,26,2.556500000,2.559500000,0.003000000
rigid_original,Back,27,2.560500000,2.563500000,0.003000000
rigid_original,Back,28,2.564000000,2.567500000,0.003500000
rigid_original,Back,29,2.568500000,2.571500000,0.003000000
rigid_original,Back,30,2.572500000,2.576000000,0.003500000
rigid_original,Back,31,2.577000000,2.581500000,0.004500000
rigid_original,Back,32,2.582500000,2.586000000,0.003500000
rigid_original,Back,33,2.587500000,2.591000000,0.003500000
rigid_original,Back,34,2.592500000,2.596500000,0.004000000
rigid_original,Back,35,2.598000000,2.600000000,0.002000000
rigid_original,Back,36,2.604500000,2.605500000,0.001000000
rigid_original,Back,37,2.620000000,2.620500000,0.000500000
rigid_original,Back,38,4.873500000,4.875000000,0.001500000
rigid_original,Back,39,4.897000000,4.898000000,0.001000000
rigid_original,Back,40,4.920000000,4.921000000,0.001000000
rigid_original,Back,41,4.941000000,4.941500000,0.000500000
rigid_original,Back,42,4.953000000,4.954500000,0.001500000
rigid_original,Back,43,4.982000000,4.982500000,0.000500000
rigid_original,Back,44,4.993000000,4.994000000,0.001000000
rigid_original,Back,45,5.000000000,5.001500000,0.001500000
rigid_original,Back,46,5.006500000,5.007500000,0.001000000
rigid_original,Back,47,5.013000000,5.015000000,0.002000000
rigid_original,Back,48,5.019500000,5.021000000,0.001500000
rigid_original,Back,49,5.024000000,5.025500000,0.001500000
rigid_original,Back,50,5.029000000,5.030000000,0.001000000
rigid_original,Back,51,5.030500000,5.031500000,0.001000000
rigid_original,Back,52,5.034000000,5.035500000,0.001500000
rigid_original,Back,53,5.038000000,5.040000000,0.002000000
rigid_original,Back,54,5.042000000,5.043000000,0.001000000
rigid_original,Back,55,5.044000000,5.045000000,0.001000000
rigid_original,Back,56,5.047500000,5.050000000,0.002500000
rigid_original,Back,57,5.050500000,5.053000000,0.002500000
rigid_original,Back,58,5.053500000,5.054500000,0.001000000
rigid_original,Back,59,5.055000000,5.056500000,0.001500000
rigid_original,Back,60,5.058000000,5.059000000,0.001000000
rigid_original,Back,61,5.060000000,5.062000000,0.002000000
rigid_original,Back,62,5.063500000,5.065500000,0.002000000
rigid_original,Back,63,5.066000000,5.068000000,0.002000000
rigid_original,Back,64,5.069000000,5.072000000,0.003000000
rigid_original,Back,65,5.072500000,5.076500000,0.004000000
rigid_original,Back,66,5.077500000,5.081000000,0.003500000
rigid_original,Back,67,5.082000000,5.086500000,0.004500000
rigid_original,Back,68,5.087500000,5.091000000,0.003500000
rigid_original,Back,69,5.092000000,5.097000000,0.005000000
rigid_original,Back,70,5.098500000,5.100000000,0.001500000
rigid_original,Back,71,5.106000000,5.107000000,0.001000000
rigid_original,HR,0,0.189000000,0.189500000,0.000500000
rigid_original,HR,1,0.228000000,0.228500000,0.000500000
rigid_original,HR,2,0.267000000,0.268000000,0.001000000
rigid_original,HR,3,0.275000000,0.276000000,0.001000000
rigid_original,HR,4,0.308500000,0.309500000,0.001000000
rigid_original,HR,5,0.317000000,0.318000000,0.001000000
rigid_original,HR,6,0.323000000,0.323500000,0.000500000
rigid_original,HR,7,0.324000000,0.324500000,0.000500000
rigid_original,HR,8,0.326500000,0.327500000,0.001000000
rigid_original,HR,9,0.329500000,0.330500000,0.001000000
rigid_original,HR,10,0.331500000,0.332500000,0.001000000
rigid_original,HR,11,0.333500000,0.357500000,0.024000000
rigid_original,HR,12,0.371500000,0.393000000,0.021500000
rigid_original,HR,13,0.401000000,0.412500000,0.011500000
rigid_original,HR,14,0.415000000,0.442500000,0.027500000
rigid_original,HR,15,0.444500000,0.446000000,0.001500000
rigid_original,HR,16,0.447000000,0.450500000,0.003500000
rigid_original,HR,17,0.451000000,0.454500000,0.003500000
rigid_original,HR,18,0.457000000,0.458500000,0.001500000
rigid_original,HR,19,0.459500000,0.463000000,0.003500000
rigid_original,HR,20,0.463500000,0.482500000,0.019000000
rigid_original,HR,21,0.485500000,0.487500000,0.002000000
rigid_original,HR,22,0.488500000,0.492000000,0.003500000
rigid_original,HR,23,0.492500000,0.499000000,0.006500000
rigid_original,HR,24,0.504500000,0.508000000,0.003500000
rigid_original,HR,25,0.510500000,0.516500000,0.006000000
rigid_original,HR,26,0.521500000,0.522500000,0.001000000
rigid_original,HR,27,0.524500000,0.536000000,0.011500000
rigid_original,HR,28,0.543000000,0.545000000,0.002000000
rigid_original,HR,29,0.546000000,0.554500000,0.008500000
rigid_original,HR,30,0.559500000,0.561500000,0.002000000
rigid_original,HR,31,0.562000000,0.571000000,0.009000000
rigid_original,HR,32,0.575000000,0.575500000,0.000500000
rigid_original,HR,33,0.576500000,0.577500000,0.001000000
rigid_original,HR,34,0.578000000,0.590500000,0.012500000
rigid_original,HR,35,0.596000000,0.598000000,0.002000000
rigid_original,HR,36,0.598500000,0.614000000,0.015500000
rigid_original,HR,37,0.618500000,0.619500000,0.001000000
rigid_original,HR,38,0.620500000,0.621500000,0.001000000
rigid_original,HR,39,0.622000000,0.641500000,0.019500000
rigid_original,HR,40,0.646000000,0.648000000,0.002000000
rigid_original,HR,41,0.649000000,0.650500000,0.001500000
rigid_original,HR,42,0.651000000,0.674000000,0.023000000
rigid_original,HR,43,0.680500000,0.705000000,0.024500000
rigid_original,HR,44,0.709000000,0.710500000,0.001500000
rigid_original,HR,45,0.712000000,0.714000000,0.002000000
rigid_original,HR,46,0.715500000,0.717500000,0.002000000
rigid_original,HR,47,0.718500000,0.720000000,0.001500000
rigid_original,HR,48,0.720500000,0.724000000,0.003500000
rigid_original,HR,49,0.724500000,0.728000000,0.003500000
rigid_original,HR,50,0.728500000,0.733500000,0.005000000
rigid_original,HR,51,0.739000000,0.744500000,0.005500000
rigid_original,HR,52,0.745000000,0.747500000,0.002500000
rigid_original,HR,53,0.748000000,0.752000000,0.004000000
rigid_original,HR,54,0.752500000,0.762500000,0.010000000
rigid_original,HR,55,0.763000000,0.765000000,0.002000000
rigid_original,HR,56,0.768500000,0.771000000,0.002500000
rigid_original,HR,57,0.772500000,0.775000000,0.002500000
rigid_original,HR,58,0.775500000,0.782000000,0.006500000
rigid_original,HR,59,0.782500000,0.786500000,0.004000000
rigid_original,HR,60,0.787000000,0.793000000,0.006000000
rigid_original,HR,61,0.793500000,0.800500000,0.007000000
rigid_original,HR,62,0.801000000,0.803000000,0.002000000
rigid_original,HR,63,0.807500000,0.813000000,0.005500000
rigid_original,HR,64,0.813500000,0.819000000,0.005500000
rigid_original,HR,65,0.819500000,0.822000000,0.002500000
rigid_original,HR,66,0.822500000,0.825000000,0.002500000
rigid_original,HR,67,0.825500000,0.827500000,0.002000000
rigid_original,HR,68,0.828000000,0.830500000,0.002500000
rigid_original,HR,69,0.831000000,0.834000000,0.003000000
rigid_original,HR,70,0.834500000,0.838500000,0.004000000
rigid_original,HR,71,0.839000000,0.841500000,0.002500000
rigid_original,HR,72,0.845500000,0.849500000,0.004000000
rigid_original,HR,73,0.850500000,0.852000000,0.001500000
rigid_original,HR,74,0.853000000,0.855500000,0.002500000
rigid_original,HR,75,0.856000000,0.856500000,0.000500000
rigid_original,HR,76,0.857000000,0.859500000,0.002500000
rigid_original,HR,77,0.860000000,0.862500000,0.002500000
rigid_original,HR,78,0.863000000,0.866000000,0.003000000
rigid_original,HR,79,0.866500000,0.870000000,0.003500000
rigid_original,HR,80,0.870500000,0.874000000,0.003500000
rigid_original,HR,81,0.874500000,0.880500000,0.006000000
rigid_original,HR,82,0.881500000,0.884500000,0.003000000
rigid_original,HR,83,0.885000000,0.886500000,0.001500000
rigid_original,HR,84,0.890000000,0.894000000,0.004000000
rigid_original,HR,85,0.895500000,0.898000000,0.002500000
rigid_original,HR,86,0.899500000,0.902000000,0.002500000
rigid_original,HR,87,0.902500000,0.904000000,0.001500000
rigid_original,HR,88,0.905000000,0.907500000,0.002500000
rigid_original,HR,89,0.908000000,0.910000000,0.002000000
rigid_original,HR,90,0.910500000,0.913000000,0.002500000
rigid_original,HR,91,0.913500000,0.916500000,0.003000000
rigid_original,HR,92,0.917000000,0.919500000,0.002500000
rigid_original,HR,93,0.920500000,0.921500000,0.001000000
rigid_original,HR,94,0.922000000,0.922500000,0.000500000
rigid_original,HR,95,0.923000000,0.924500000,0.001500000
rigid_original,HR,96,0.925500000,0.927000000,0.001500000
rigid_original,HR,97,0.927500000,0.931000000,0.003500000
rigid_original,HR,98,0.932500000,0.934500000,0.002000000
rigid_original,HR,99,0.935500000,0.936500000,0.001000000
rigid_original,HR,100,0.937000000,0.939000000,0.002000000
rigid_original,HR,101,0.939500000,0.942500000,0.003000000
rigid_original,HR,102,0.944000000,0.946000000,0.002000000
rigid_original,HR,103,0.947500000,0.949000000,0.001500000
rigid_original,HR,104,0.950000000,0.951000000,0.001000000
rigid_original,HR,105,0.951500000,0.954500000,0.003000000
rigid_original,HR,106,0.955500000,0.958000000,0.002500000
rigid_original,HR,107,0.959000000,0.961500000,0.002500000
rigid_original,HR,108,0.962000000,0.963000000,0.001000000
rigid_original,HR,109,0.963500000,0.964000000,0.000500000
rigid_original,HR,110,0.964500000,0.966500000,0.002000000
rigid_original,HR,111,0.967000000,0.968000000,0.001000000
rigid_original,HR,112,0.969000000,0.969500000,0.000500000
rigid_original,HR,113,0.970000000,0.971500000,0.001500000
rigid_original,HR,114,0.972000000,0.974000000,0.002000000
rigid_original,HR,115,0.974500000,0.976500000,0.002000000
rigid_original,HR,116,0.978000000,0.979000000,0.001000000
rigid_original,HR,117,0.979500000,0.981000000,0.001500000
rigid_original,HR,118,0.982000000,0.983000000,0.001000000
rigid_original,HR,119,0.983500000,0.985000000,0.001500000
rigid_original,HR,120,0.985500000,0.986500000,0.001000000
rigid_original,HR,121,0.987500000,0.990000000,0.002500000
rigid_original,HR,122,0.991000000,0.992500000,0.001500000
rigid_original,HR,123,0.993000000,0.994000000,0.001000000
rigid_original,HR,124,0.994500000,0.996500000,0.002000000
rigid_original,HR,125,0.997500000,0.999000000,0.001500000
rigid_original,HR,126,0.999500000,1.001000000,0.001500000
rigid_original,HR,127,1.003500000,1.005000000,0.001500000
rigid_original,HR,128,1.005500000,1.006500000,0.001000000
rigid_original,HR,129,1.007000000,1.008000000,0.001000000
rigid_original,HR,130,1.009500000,1.011500000,0.002000000
rigid_original,HR,131,1.013500000,1.015000000,0.001500000
rigid_original,HR,132,1.015500000,1.016500000,0.001000000
rigid_original,HR,133,1.017500000,1.018500000,0.001000000
rigid_original,HR,134,1.020000000,1.021500000,0.001500000
rigid_original,HR,135,1.024000000,1.025000000,0.001000000
rigid_original,HR,136,1.026000000,1.027000000,0.001000000
rigid_original,HR,137,1.028000000,1.029000000,0.001000000
rigid_original,HR,138,1.030000000,1.030500000,0.000500000
rigid_original,HR,139,1.031500000,1.032000000,0.000500000
rigid_original,HR,140,1.032500000,1.033000000,0.000500000
rigid_original,HR,141,1.034000000,1.035500000,0.001500000
rigid_original,HR,142,1.037500000,1.038500000,0.001000000
rigid_original,HR,143,1.039500000,1.040500000,0.001000000
rigid_original,HR,144,1.042000000,1.042500000,0.000500000
rigid_original,HR,145,1.043000000,1.043500000,0.000500000
rigid_original,HR,146,1.044500000,1.045000000,0.000500000
rigid_original,HR,147,1.045500000,1.046000000,0.000500000
rigid_original,HR,148,1.046500000,1.047000000,0.000500000
rigid_original,HR,149,1.048500000,1.049000000,0.000500000
rigid_original,HR,150,1.051500000,1.052500000,0.001000000
rigid_original,HR,151,1.055000000,1.056500000,0.001500000
rigid_original,HR,152,1.059000000,1.059500000,0.000500000
rigid_original,HR,153,1.060000000,1.060500000,0.000500000
rigid_original,HR,154,1.061000000,1.061500000,0.000500000
rigid_original,HR,155,1.063000000,1.063500000,0.000500000
rigid_original,HR,156,1.064500000,1.065500000,0.001000000
rigid_original,HR,157,1.067500000,1.068000000,0.000500000
rigid_original,HR,158,1.069000000,1.070000000,0.001000000
rigid_original,HR,159,1.071500000,1.072000000,0.000500000
rigid_original,HR,160,1.072500000,1.073000000,0.000500000
rigid_original,HR,161,1.073500000,1.074000000,0.000500000
rigid_original,HR,162,1.076500000,1.077500000,0.001000000
rigid_original,HR,163,1.078500000,1.079000000,0.000500000
rigid_original,HR,164,1.080000000,1.080500000,0.000500000
rigid_original,HR,165,1.081500000,1.082500000,0.001000000
rigid_original,HR,166,1.085500000,1.086500000,0.001000000
rigid_original,HR,167,1.089000000,1.090000000,0.001000000
rigid_original,HR,168,1.091500000,1.092500000,0.001000000
rigid_original,HR,169,1.095500000,1.096500000,0.001000000
rigid_original,HR,170,1.099000000,1.099500000,0.000500000
rigid_original,HR,171,1.101000000,1.101500000,0.000500000
rigid_original,HR,172,1.102000000,1.102500000,0.000500000
rigid_original,HR,173,1.104000000,1.104500000,0.000500000
rigid_original,HR,174,1.105500000,1.106000000,0.000500000
rigid_original,HR,175,1.108000000,1.108500000,0.000500000
rigid_original,HR,176,1.110000000,1.110500000,0.000500000
rigid_original,HR,177,1.111500000,1.112000000,0.000500000
rigid_original,HR,178,1.114000000,1.114500000,0.000500000
rigid_original,HR,179,1.116000000,1.117000000,0.001000000
rigid_original,HR,180,1.120500000,1.121500000,0.001000000
rigid_original,HR,181,1.124000000,1.125000000,0.001000000
rigid_original,HR,182,1.128500000,1.130000000,0.001500000
rigid_original,HR,183,1.134000000,1.135000000,0.001000000
rigid_original,HR,184,1.136500000,1.137500000,0.001000000
rigid_original,HR,185,1.139500000,1.140000000,0.000500000
rigid_original,HR,186,1.140500000,1.141000000,0.000500000
rigid_original,HR,187,1.142000000,1.142500000,0.000500000
rigid_original,HR,188,1.143000000,1.143500000,0.000500000
rigid_original,HR,189,1.145000000,1.145500000,0.000500000
rigid_original,HR,190,1.146000000,1.146500000,0.000500000
rigid_original,HR,191,1.147500000,1.148500000,0.001000000
rigid_original,HR,192,1.150500000,1.151500000,0.001000000
rigid_original,HR,193,1.152500000,1.153500000,0.001000000
rigid_original,HR,194,1.156500000,1.158500000,0.002000000
rigid_original,HR,195,1.162000000,1.164500000,0.002500000
rigid_original,HR,196,1.167500000,1.170000000,0.002500000
rigid_original,HR,197,1.171000000,1.171500000,0.000500000
rigid_original,HR,198,1.172000000,1.173500000,0.001500000
rigid_original,HR,199,1.174000000,1.175000000,0.001000000
rigid_original,HR,200,1.176500000,1.178500000,0.002000000
rigid_original,HR,201,1.180500000,1.182500000,0.002000000
rigid_original,HR,202,1.184500000,1.187000000,0.002500000
rigid_original,HR,203,1.188500000,1.190500000,0.002000000
rigid_original,HR,204,1.192000000,1.193000000,0.001000000
rigid_original,HR,205,1.193500000,1.195500000,0.002000000
rigid_original,HR,206,1.196000000,1.197500000,0.001500000
rigid_original,HR,207,1.198500000,1.200000000,0.001500000
rigid_original,HR,208,1.200500000,1.201500000,0.001000000
rigid_original,HR,209,1.202000000,1.204000000,0.002000000
rigid_original,HR,210,1.205000000,1.208500000,0.003500000
rigid_original,HR,211,1.209000000,1.209500000,0.000500000
rigid_original,HR,212,1.210000000,1.213500000,0.003500000
rigid_original,HR,213,1.214500000,1.218500000,0.004000000
rigid_original,HR,214,1.219000000,1.219500000,0.000500000
rigid_original,HR,215,1.220000000,1.223500000,0.003500000
rigid_original,HR,216,1.224000000,1.226000000,0.002000000
rigid_original,HR,217,1.226500000,1.230500000,0.004000000
rigid_original,HR,218,1.231000000,1.239000000,0.008000000
rigid_original,HR,219,1.239500000,1.242500000,0.003000000
rigid_original,HR,220,1.243000000,1.246500000,0.003500000
rigid_original,HR,221,1.247500000,1.252000000,0.004500000
rigid_original,HR,222,1.253000000,1.257000000,0.004000000
rigid_original,HR,223,1.258000000,1.262000000,0.004000000
rigid_original,HR,224,1.262500000,1.265500000,0.003000000
rigid_original,HR,225,1.266000000,1.269500000,0.003500000
rigid_original,HR,226,1.270000000,1.274000000,0.004000000
rigid_original,HR,227,1.274500000,1.279000000,0.004500000
rigid_original,HR,228,1.279500000,1.286000000,0.006500000
rigid_original,HR,229,1.286500000,1.289500000,0.003000000
rigid_original,HR,230,1.290000000,1.295000000,0.005000000
rigid_original,HR,231,1.296000000,1.299500000,0.003500000
rigid_original,HR,232,1.300000000,1.302500000,0.002500000
rigid_original,HR,233,1.303000000,1.305500000,0.002500000
rigid_original,HR,234,1.306000000,1.311000000,0.005000000
rigid_original,HR,235,1.312000000,1.315500000,0.003500000
rigid_original,HR,236,1.316500000,1.319500000,0.003000000
rigid_original,HR,237,1.320000000,1.322000000,0.002000000
rigid_original,HR,238,1.322500000,1.328000000,0.005500000
rigid_original,HR,239,1.328500000,1.331000000,0.002500000
rigid_original,HR,240,1.332000000,1.336000000,0.004000000
rigid_original,HR,241,1.336500000,1.338500000,0.002000000
rigid_original,HR,242,1.339000000,1.342500000,0.003500000
rigid_original,HR,243,1.343000000,1.349000000,0.006000000
rigid_original,HR,244,1.349500000,1.351500000,0.002000000
rigid_original,HR,245,1.352000000,1.355500000,0.003500000
rigid_original,HR,246,1.356500000,1.361000000,0.004500000
rigid_original,HR,247,1.361500000,1.363000000,0.001500000
rigid_original,HR,248,1.363500000,1.366000000,0.002500000
rigid_original,HR,249,1.366500000,1.370000000,0.003500000
rigid_original,HR,250,1.370500000,1.374000000,0.003500000
rigid_original,HR,251,1.374500000,1.379500000,0.005000000
rigid_original,HR,252,1.380000000,1.382000000,0.002000000
rigid_original,HR,253,1.382500000,1.385000000,0.002500000
rigid_original,HR,254,1.385500000,1.388500000,0.003000000
rigid_original,HR,255,1.389000000,1.392000000,0.003000000
rigid_original,HR,256,1.392500000,1.395500000,0.003000000
rigid_original,HR,257,1.396000000,1.399000000,0.003000000
rigid_original,HR,258,1.399500000,1.402500000,0.003000000
rigid_original,HR,259,1.403000000,1.406000000,0.003000000
rigid_original,HR,260,1.406500000,1.409500000,0.003000000
rigid_original,HR,261,1.410000000,1.413000000,0.003000000
rigid_original,HR,262,1.413500000,1.416500000,0.003000000
rigid_original,HR,263,1.417000000,1.420500000,0.003500000
rigid_original,HR,264,1.421000000,1.424000000,0.003000000
rigid_original,HR,265,1.424500000,1.434500000,0.010000000
rigid_original,HR,266,1.435000000,1.438500000,0.003500000
rigid_original,HR,267,1.439000000,1.444500000,0.005500000
rigid_original,HR,268,1.445000000,1.452500000,0.007500000
rigid_original,HR,269,1.453000000,1.456000000,0.003000000
rigid_original,HR,270,1.456500000,1.459000000,0.002500000
rigid_original,HR,271,1.459500000,1.462000000,0.002500000
rigid_original,HR,272,1.462500000,1.467000000,0.004500000
rigid_original,HR,273,1.467500000,1.468500000,0.001000000
rigid_original,HR,274,1.469000000,1.471500000,0.002500000
rigid_original,HR,275,1.472000000,1.476500000,0.004500000
rigid_original,HR,276,1.477000000,1.478000000,0.001000000
rigid_original,HR,277,1.478500000,1.479500000,0.001000000
rigid_original,HR,278,1.480000000,1.481000000,0.001000000
rigid_original,HR,279,1.481500000,1.482500000,0.001000000
rigid_original,HR,280,1.483000000,1.484000000,0.001000000
rigid_original,HR,281,1.484500000,1.487500000,0.003000000
rigid_original,HR,282,1.489000000,1.491000000,0.002000000
rigid_original,HR,283,1.492000000,1.495000000,0.003000000
rigid_original,HR,284,1.495500000,1.497500000,0.002000000
rigid_original,HR,285,1.498500000,1.500500000,0.002000000
rigid_original,HR,286,1.501000000,1.502500000,0.001500000
rigid_original,HR,287,1.504000000,1.505000000,0.001000000
rigid_original,HR,288,1.506000000,1.506500000,0.000500000
rigid_original,HR,289,1.507000000,1.509000000,0.002000000
rigid_original,HR,290,1.510500000,1.512000000,0.001500000
rigid_original,HR,291,1.512500000,1.513000000,0.000500000
rigid_original,HR,292,1.514000000,1.514500000,0.000500000
rigid_original,HR,293,1.515000000,1.515500000,0.000500000
rigid_original,HR,294,1.516000000,1.516500000,0.000500000
rigid_original,HR,295,1.517000000,1.518000000,0.001000000
rigid_original,HR,296,1.518500000,1.519000000,0.000500000
rigid_original,HR,297,1.519500000,1.520000000,0.000500000
rigid_original,HR,298,1.520500000,1.521500000,0.001000000
rigid_original,HR,299,1.522500000,1.524000000,0.001500000
rigid_original,HR,300,1.526000000,1.527500000,0.001500000
rigid_original,HR,301,1.529000000,1.530000000,0.001000000
rigid_original,HR,302,1.530500000,1.531000000,0.000500000
rigid_original,HR,303,1.532000000,1.533000000,0.001000000
rigid_original,HR,304,1.534000000,1.534500000,0.000500000
rigid_original,HR,305,1.535000000,1.535500000,0.000500000
rigid_original,HR,306,1.536500000,1.537500000,0.001000000
rigid_original,HR,307,1.539000000,1.540000000,0.001000000
rigid_original,HR,308,1.541000000,1.541500000,0.000500000
rigid_original,HR,309,1.542000000,1.542500000,0.000500000
rigid_original,HR,310,1.543500000,1.544500000,0.001000000
rigid_original,HR,311,1.546000000,1.547000000,0.001000000
rigid_original,HR,312,1.548000000,1.548500000,0.000500000
rigid_original,HR,313,1.549000000,1.550500000,0.001500000
rigid_original,HR,314,1.552000000,1.552500000,0.000500000
rigid_original,HR,315,1.553000000,1.553500000,0.000500000
rigid_original,HR,316,1.554500000,1.555000000,0.000500000
rigid_original,HR,317,1.556000000,1.557000000,0.001000000
rigid_original,HR,318,1.558500000,1.559000000,0.000500000
rigid_original,HR,319,1.559500000,1.560000000,0.000500000
rigid_original,HR,320,1.561000000,1.562000000,0.001000000
rigid_original,HR,321,1.563500000,1.564500000,0.001000000
rigid_original,HR,322,1.566000000,1.567000000,0.001000000
rigid_original,HR,323,1.568000000,1.568500000,0.000500000
rigid_original,HR,324,1.569500000,1.570500000,0.001000000
rigid_original,HR,325,1.571500000,1.572000000,0.000500000
rigid_original,HR,326,1.573000000,1.574000000,0.001000000
rigid_original,HR,327,1.575000000,1.575500000,0.000500000
rigid_original,HR,328,1.576000000,1.576500000,0.000500000
rigid_original,HR,329,1.577500000,1.578500000,0.001000000
rigid_original,HR,330,1.579500000,1.580000000,0.000500000
rigid_original,HR,331,1.580500000,1.581000000,0.000500000
rigid_original,HR,332,1.582000000,1.583000000,0.001000000
rigid_original,HR,333,1.584000000,1.585000000,0.001000000
rigid_original,HR,334,1.586500000,1.588000000,0.001500000
rigid_original,HR,335,1.589500000,1.591000000,0.001500000
rigid_original,HR,336,1.592500000,1.593500000,0.001000000
rigid_original,HR,337,1.594500000,1.595500000,0.001000000
rigid_original,HR,338,1.596500000,1.597500000,0.001000000
rigid_original,HR,339,1.598500000,1.599000000,0.000500000
rigid_original,HR,340,1.599500000,1.600500000,0.001000000
rigid_original,HR,341,1.602000000,1.603500000,0.001500000
rigid_original,HR,342,1.605000000,1.606500000,0.001500000
rigid_original,HR,343,1.608000000,1.609500000,0.001500000
rigid_original,HR,344,1.611000000,1.612500000,0.001500000
rigid_original,HR,345,1.614000000,1.615500000,0.001500000
rigid_original,HR,346,1.617000000,1.618000000,0.001000000
rigid_original,HR,347,1.619000000,1.620000000,0.001000000
rigid_original,HR,348,1.621000000,1.621500000,0.000500000
rigid_original,HR,349,1.622000000,1.622500000,0.000500000
rigid_original,HR,350,1.623000000,1.623500000,0.000500000
rigid_original,HR,351,1.624000000,1.633000000,0.009000000
rigid_original,HR,352,1.633500000,1.636000000,0.002500000
rigid_original,HR,353,1.636500000,1.639000000,0.002500000
rigid_original,HR,354,1.639500000,1.641500000,0.002000000
rigid_original,HR,355,1.642000000,1.644500000,0.002500000
rigid_original,HR,356,1.645500000,1.648500000,0.003000000
rigid_original,HR,357,1.649500000,1.652000000,0.002500000
rigid_original,HR,358,1.653000000,1.656500000,0.003500000
rigid_original,HR,359,1.657000000,1.658000000,0.001000000
rigid_original,HR,360,1.659000000,1.659500000,0.000500000
rigid_original,HR,361,1.660000000,1.661000000,0.001000000
rigid_original,HR,362,1.661500000,1.662000000,0.000500000
rigid_original,HR,363,1.662500000,1.663500000,0.001000000
rigid_original,HR,364,1.665000000,1.666000000,0.001000000
rigid_original,HR,365,1.667000000,1.668000000,0.001000000
rigid_original,HR,366,1.669000000,1.670000000,0.001000000
rigid_original,HR,367,1.671500000,1.672500000,0.001000000
rigid_original,HR,368,1.674500000,1.676000000,0.001500000
rigid_original,HR,369,1.678000000,1.679500000,0.001500000
rigid_original,HR,370,1.681500000,1.683000000,0.001500000
rigid_original,HR,371,1.684500000,1.685000000,0.000500000
rigid_original,HR,372,1.685500000,1.686000000,0.000500000
rigid_original,HR,373,1.686500000,1.687000000,0.000500000
rigid_original,HR,374,1.688000000,1.689000000,0.001000000
rigid_original,HR,375,1.690500000,1.691000000,0.000500000
rigid_original,HR,376,1.691500000,1.692000000,0.000500000
rigid_original,HR,377,1.693500000,1.694500000,0.001000000
rigid_original,HR,378,1.696000000,1.697000000,0.001000000
rigid_original,HR,379,1.698500000,1.699000000,0.000500000
rigid_original,HR,380,1.699500000,1.700000000,0.000500000
rigid_original,HR,381,1.701000000,1.701500000,0.000500000
rigid_original,HR,382,1.702500000,1.703500000,0.001000000
rigid_original,HR,383,1.705500000,1.707000000,0.001500000
rigid_original,HR,384,1.709000000,1.710000000,0.001000000
rigid_original,HR,385,1.711500000,1.712500000,0.001000000
rigid_original,HR,386,1.714000000,1.715000000,0.001000000
rigid_original,HR,387,1.716500000,1.717500000,0.001000000
rigid_original,HR,388,1.719000000,1.720000000,0.001000000
rigid_original,HR,389,1.721500000,1.722500000,0.001000000
rigid_original,HR,390,1.723500000,1.724000000,0.000500000
rigid_original,HR,391,1.725000000,1.726000000,0.001000000
rigid_original,HR,392,1.727500000,1.728500000,0.001000000
rigid_original,HR,393,1.729500000,1.730000000,0.000500000
rigid_original,HR,394,1.730500000,1.731000000,0.000500000
rigid_original,HR,395,1.732000000,1.733000000,0.001000000
rigid_original,HR,396,1.734500000,1.736000000,0.001500000
rigid_original,HR,397,1.737500000,1.738500000,0.001000000
rigid_original,HR,398,1.739500000,1.740000000,0.000500000
rigid_original,HR,399,1.740500000,1.741000000,0.000500000
rigid_original,HR,400,1.741500000,1.742000000,0.000500000
rigid_original,HR,401,1.743000000,1.744500000,0.001500000
rigid_original,HR,402,1.746000000,1.747000000,0.001000000
rigid_original,HR,403,1.747500000,1.748000000,0.000500000
rigid_original,HR,404,1.749000000,1.750500000,0.001500000
rigid_original,HR,405,1.752000000,1.753500000,0.001500000
rigid_original,HR,406,1.754500000,1.755500000,0.001000000
rigid_original,HR,407,1.756000000,1.756500000,0.000500000
rigid_original,HR,408,1.757000000,1.757500000,0.000500000
rigid_original,HR,409,1.758000000,1.759000000,0.001000000
rigid_original,HR,410,1.760000000,1.761500000,0.001500000
rigid_original,HR,411,1.762500000,1.764000000,0.001500000
rigid_original,HR,412,1.765000000,1.766500000,0.001500000
rigid_original,HR,413,1.767000000,1.767500000,0.000500000
rigid_original,HR,414,1.768000000,1.769000000,0.001000000
rigid_original,HR,415,1.769500000,1.770500000,0.001000000
rigid_original,HR,416,1.771000000,1.773000000,0.002000000
rigid_original,HR,417,1.774000000,1.776000000,0.002000000
rigid_original,HR,418,1.777000000,1.778500000,0.001500000
rigid_original,HR,419,1.779500000,1.782000000,0.002500000
rigid_original,HR,420,1.782500000,1.784000000,0.001500000
rigid_original,HR,421,1.784500000,1.787000000,0.002500000
rigid_original,HR,422,1.787500000,2.212500000,0.425000000
rigid_original,HR,423,2.214500000,2.216000000,0.001500000
rigid_original,HR,424,2.217000000,2.218000000,0.001000000
rigid_original,HR,425,2.218500000,2.220000000,0.001500000
rigid_original,HR,426,2.221000000,2.222500000,0.001500000
rigid_original,HR,427,2.223000000,2.223500000,0.000500000
rigid_original,HR,428,2.224000000,2.225000000,0.001000000
rigid_original,HR,429,2.225500000,2.226000000,0.000500000
rigid_original,HR,430,2.226500000,2.227500000,0.001000000
rigid_original,HR,431,2.228000000,2.228500000,0.000500000
rigid_original,HR,432,2.229000000,2.230000000,0.001000000
rigid_original,HR,433,2.230500000,2.231000000,0.000500000
rigid_original,HR,434,2.231500000,2.232500000,0.001000000
rigid_original,HR,435,2.233500000,2.235000000,0.001500000
rigid_original,HR,436,2.236000000,2.237000000,0.001000000
rigid_original,HR,437,2.237500000,2.238000000,0.000500000
rigid_original,HR,438,2.239000000,2.240500000,0.001500000
rigid_original,HR,439,2.241500000,2.242000000,0.000500000
rigid_original,HR,440,2.242500000,2.243500000,0.001000000
rigid_original,HR,441,2.244500000,2.245000000,0.000500000
rigid_original,HR,442,2.245500000,2.246000000,0.000500000
rigid_original,HR,443,2.246500000,2.247000000,0.000500000
rigid_original,HR,444,2.247500000,2.248000000,0.000500000
rigid_original,HR,445,2.249000000,2.250000000,0.001000000
rigid_original,HR,446,2.251000000,2.251500000,0.000500000
rigid_original,HR,447,2.252000000,2.252500000,0.000500000
rigid_original,HR,448,2.253500000,2.254500000,0.001000000
rigid_original,HR,449,2.256000000,2.257000000,0.001000000
rigid_original,HR,450,2.257500000,2.258000000,0.000500000
rigid_original,HR,451,2.258500000,2.259000000,0.000500000
rigid_original,HR,452,2.259500000,2.260500000,0.001000000
rigid_original,HR,453,2.262000000,2.263500000,0.001500000
rigid_original,HR,454,2.265000000,2.266000000,0.001000000
rigid_original,HR,455,2.266500000,2.267000000,0.000500000
rigid_original,HR,456,2.268500000,2.269500000,0.001000000
rigid_original,HR,457,2.270500000,2.271000000,0.000500000
rigid_original,HR,458,2.272000000,2.272500000,0.000500000
rigid_original,HR,459,2.273500000,2.274000000,0.000500000
rigid_original,HR,460,2.275000000,2.276000000,0.001000000
rigid_original,HR,461,2.278000000,2.279000000,0.001000000
rigid_original,HR,462,2.281500000,2.282500000,0.001000000
rigid_original,HR,463,2.284500000,2.285500000,0.001000000
rigid_original,HR,464,2.287500000,2.288500000,0.001000000
rigid_original,HR,465,2.289500000,2.290000000,0.000500000
rigid_original,HR,466,2.290500000,2.291000000,0.000500000
rigid_original,HR,467,2.292500000,2.293500000,0.001000000
rigid_original,HR,468,2.295000000,2.295500000,0.000500000
rigid_original,HR,469,2.296000000,2.296500000,0.000500000
rigid_original,HR,470,2.298000000,2.298500000,0.000500000
rigid_original,HR,471,2.299500000,2.300000000,0.000500000
rigid_original,HR,472,2.301000000,2.301500000,0.000500000
rigid_original,HR,473,2.303000000,2.303500000,0.000500000
rigid_original,HR,474,2.304000000,2.304500000,0.000500000
rigid_original,HR,475,2.305500000,2.306500000,0.001000000
rigid_original,HR,476,2.308000000,2.308500000,0.000500000
rigid_original,HR,477,2.309000000,2.309500000,0.000500000
rigid_original,HR,478,2.311000000,2.312000000,0.001000000
rigid_original,HR,479,2.314500000,2.315500000,0.001000000
rigid_original,HR,480,2.317000000,2.318000000,0.001000000
rigid_original,HR,481,2.321000000,2.323000000,0.002000000
rigid_original,HR,482,2.324500000,2.328000000,0.003500000
rigid_original,HR,483,2.329000000,2.331500000,0.002500000
rigid_original,HR,484,2.333000000,2.338500000,0.005500000
rigid_original,HR,485,2.339000000,2.344500000,0.005500000
rigid_original,HR,486,2.345000000,2.350500000,0.005500000
rigid_original,HR,487,2.351500000,2.359500000,0.008000000
rigid_original,HR,488,2.893500000,2.894000000,0.000500000
rigid_original,HR,489,2.906500000,2.907000000,0.000500000
rigid_original,HR,490,2.910000000,2.910500000,0.000500000
rigid_original,HR,491,2.931000000,2.931500000,0.000500000
rigid_original,HR,492,2.938500000,2.939000000,0.000500000
rigid_original,HR,493,2.945500000,2.946000000,0.000500000
rigid_original,HR,494,2.956000000,2.956500000,0.000500000
rigid_original,HR,495,2.966000000,2.966500000,0.000500000
rigid_original,HR,496,2.973000000,2.973500000,0.000500000
rigid_original,HR,497,2.983000000,2.983500000,0.000500000
rigid_original,HR,498,2.991000000,2.991500000,0.000500000
rigid_original,HR,499,5.144500000,5.146000000,0.001500000
rigid_original,HR,500,5.150500000,5.153500000,0.003000000
rigid_original,HR,501,5.154000000,5.156000000,0.002000000
rigid_original,HR,502,5.177000000,5.178000000,0.001000000
rigid_original,HR,503,5.181000000,5.182000000,0.001000000
rigid_original,HR,504,5.184000000,5.185500000,0.001500000
rigid_original,HR,505,5.187000000,5.197000000,0.010000000
rigid_original,HR,506,5.217500000,5.219500000,0.002000000
rigid_original,HR,507,5.224000000,5.228500000,0.004500000
rigid_original,HR,508,5.229000000,5.238000000,0.009000000
rigid_original,HR,509,5.258500000,5.260000000,0.001500000
rigid_original,HR,510,5.264500000,5.266500000,0.002000000
rigid_original,HR,511,5.269000000,5.276500000,0.007500000
rigid_original,HR,512,5.277000000,5.278500000,0.001500000
rigid_original,HR,513,5.297500000,5.298500000,0.001000000
rigid_original,HR,514,5.301500000,5.302500000,0.001000000
rigid_original,HR,515,5.305500000,5.306500000,0.001000000
rigid_original,HR,516,5.308500000,5.309500000,0.001000000
rigid_original,HR,517,5.311000000,5.311500000,0.000500000
rigid_original,HR,518,5.312500000,5.313500000,0.001000000
rigid_original,HR,519,5.314500000,5.315500000,0.001000000
rigid_original,HR,520,5.316500000,5.317000000,0.000500000
rigid_original,HR,521,5.327500000,5.328500000,0.001000000
rigid_original,HR,522,5.330500000,5.331500000,0.001000000
rigid_original,HR,523,5.333500000,5.334500000,0.001000000
rigid_original,HR,524,5.335500000,5.336000000,0.000500000
rigid_original,HR,525,5.336500000,5.337000000,0.000500000
rigid_original,HR,526,5.337500000,5.338000000,0.000500000
rigid_original,HR,527,5.338500000,5.339000000,0.000500000
rigid_original,HR,528,5.339500000,5.340500000,0.001000000
rigid_original,HR,529,5.341000000,5.342000000,0.001000000
rigid_original,HR,530,5.351000000,5.352000000,0.001000000
rigid_original,HR,531,5.353000000,5.353500000,0.000500000
rigid_original,HR,532,5.354500000,5.355500000,0.001000000
rigid_original,HR,533,5.356500000,5.358000000,0.001500000
rigid_original,HR,534,5.359000000,5.360000000,0.001000000
rigid_original,HR,535,5.360500000,5.362000000,0.001500000
rigid_original,HR,536,5.362500000,5.363500000,0.001000000
rigid_original,HR,537,5.369000000,5.369500000,0.000500000
rigid_original,HR,538,5.370000000,5.370500000,0.000500000
rigid_original,HR,539,5.371500000,5.373000000,0.001500000
rigid_original,HR,540,5.374000000,5.375000000,0.001000000
rigid_original,HR,541,5.375500000,5.376500000,0.001000000
rigid_original,HR,542,5.377000000,5.378500000,0.001500000
rigid_original,HR,543,5.379000000,5.380500000,0.001500000
rigid_original,HR,544,5.384500000,5.385500000,0.001000000
rigid_original,HR,545,5.387000000,5.388000000,0.001000000
rigid_original,HR,546,5.389000000,5.391000000,0.002000000
rigid_original,HR,547,5.392000000,5.394000000,0.002000000
rigid_original,HR,548,5.394500000,5.395500000,0.001000000
rigid_original,HR,549,5.399000000,5.401500000,0.002500000
rigid_original,HR,550,5.402500000,5.405500000,0.003000000
rigid_original,HR,551,5.406000000,5.423000000,0.017000000
rigid_original,HR,552,5.427500000,5.429500000,0.002000000
rigid_original,HR,553,5.430500000,5.431500000,0.001000000
rigid_original,HR,554,5.432000000,5.433500000,0.001500000
rigid_original,HR,555,5.434000000,5.434500000,0.000500000
rigid_original,HR,556,5.435000000,5.436000000,0.001000000
rigid_original,HR,557,5.438000000,5.439000000,0.001000000
rigid_original,HR,558,5.440500000,5.442500000,0.002000000
rigid_original,HR,559,5.443500000,5.445000000,0.001500000
rigid_original,HR,560,5.445500000,5.450000000,0.004500000
rigid_original,HR,561,5.450500000,5.466500000,0.016000000
rigid_original,HR,562,5.469000000,5.471000000,0.002000000
rigid_original,HR,563,5.472000000,5.474000000,0.002000000
rigid_original,HR,564,5.474500000,5.476000000,0.001500000
rigid_original,HR,565,5.476500000,5.479500000,0.003000000
rigid_original,HR,566,5.480000000,5.481500000,0.001500000
rigid_original,HR,567,5.484000000,5.488500000,0.004500000
rigid_original,HR,568,5.489000000,5.499000000,0.010000000
rigid_original,HR,569,5.506000000,5.507000000,0.001000000
rigid_original,HR,570,5.508500000,5.509500000,0.001000000
rigid_original,HR,571,5.510500000,5.513500000,0.003000000
rigid_original,HR,572,5.514000000,5.515500000,0.001500000
rigid_original,HR,573,5.516000000,5.521000000,0.005000000
rigid_original,HR,574,5.529000000,5.529500000,0.000500000
rigid_original,HR,575,5.530500000,5.531500000,0.001000000
rigid_original,HR,576,5.533000000,5.535000000,0.002000000
rigid_original,HR,577,5.535500000,5.547500000,0.012000000
rigid_original,HR,578,5.558000000,5.560000000,0.002000000
rigid_original,HR,579,5.561500000,5.581500000,0.020000000
rigid_original,HR,580,5.591500000,5.593000000,0.001500000
rigid_original,HR,581,5.595000000,5.624500000,0.029500000
rigid_original,HR,582,5.633000000,5.640500000,0.007500000
rigid_original,HR,583,5.644000000,5.658500000,0.014500000
rigid_original,HR,584,5.662000000,5.672000000,0.010000000
rigid_original,HR,585,5.675000000,5.691000000,0.016000000
rigid_original,HR,586,5.694000000,5.700500000,0.006500000
rigid_original,HR,587,5.701000000,5.707500000,0.006500000
rigid_original,HR,588,5.709500000,5.711500000,0.002000000
rigid_original,HR,589,5.712000000,5.713500000,0.001500000
rigid_original,HR,590,5.714000000,5.718000000,0.004000000
rigid_original,HR,591,5.718500000,5.726500000,0.008000000
rigid_original,HR,592,5.728500000,5.730000000,0.001500000
rigid_original,HR,593,5.730500000,5.733500000,0.003000000
rigid_original,HR,594,5.734000000,5.742000000,0.008000000
rigid_original,HR,595,5.742500000,5.744500000,0.002000000
rigid_original,HR,596,5.747000000,5.749500000,0.002500000
rigid_original,HR,597,5.750000000,5.752000000,0.002000000
rigid_original,HR,598,5.752500000,5.755000000,0.002500000
rigid_original,HR,599,5.755500000,5.759000000,0.003500000
rigid_original,HR,600,5.760500000,5.763000000,0.002500000
rigid_original,HR,601,5.764000000,5.766500000,0.002500000
rigid_original,HR,602,5.767000000,5.769000000,0.002000000
rigid_original,HR,603,5.769500000,5.776500000,0.007000000
rigid_original,HR,604,5.777000000,5.782000000,0.005000000
rigid_original,HR,605,5.785000000,5.791000000,0.006000000
rigid_original,HR,606,5.791500000,5.794500000,0.003000000
rigid_original,HR,607,5.795000000,5.798000000,0.003000000
rigid_original,HR,608,5.798500000,5.801000000,0.002500000
rigid_original,HR,609,5.804000000,5.809500000,0.005500000
rigid_original,HR,610,5.810000000,5.812000000,0.002000000
rigid_original,HR,611,5.812500000,5.815000000,0.002500000
rigid_original,HR,612,5.815500000,5.818000000,0.002500000
rigid_original,HR,613,5.818500000,5.821500000,0.003000000
rigid_original,HR,614,5.822000000,5.822500000,0.000500000
rigid_original,HR,615,5.824000000,5.827000000,0.003000000
rigid_original,HR,616,5.828000000,5.830500000,0.002500000
rigid_original,HR,617,5.831500000,5.834500000,0.003000000
rigid_original,HR,618,5.835000000,5.836500000,0.001500000
rigid_original,HR,619,5.837000000,5.839500000,0.002500000
rigid_original,HR,620,5.840000000,5.844000000,0.004000000
rigid_original,HR,621,5.845000000,5.846500000,0.001500000
rigid_original,HR,622,5.847000000,5.848000000,0.001000000
rigid_original,HR,623,5.849000000,5.851500000,0.002500000
rigid_original,HR,624,5.853000000,5.856000000,0.003000000
rigid_original,HR,625,5.857000000,5.862000000,0.005000000
rigid_original,HR,626,5.862500000,5.866500000,0.004000000
rigid_original,HR,627,5.867000000,5.872000000,0.005000000
rigid_original,HR,628,5.872500000,5.874000000,0.001500000
rigid_original,HR,629,5.874500000,5.875000000,0.000500000
rigid_original,HR,630,5.876500000,5.878500000,0.002000000
rigid_original,HR,631,5.879500000,5.881500000,0.002000000
rigid_original,HR,632,5.882500000,5.884500000,0.002000000
rigid_original,HR,633,5.885500000,5.887500000,0.002000000
rigid_original,HR,634,5.888500000,5.891000000,0.002500000
rigid_original,HR,635,5.891500000,5.892500000,0.001000000
rigid_original,HR,636,5.893000000,5.896500000,0.003500000
rigid_original,HR,637,5.897500000,5.900000000,0.002500000
rigid_original,HR,638,5.900500000,5.903500000,0.003000000
rigid_original,HR,639,5.904500000,5.906000000,0.001500000
rigid_original,HR,640,5.906500000,5.909000000,0.002500000
rigid_original,HR,641,5.910000000,5.912500000,0.002500000
rigid_original,HR,642,5.913000000,5.915500000,0.002500000
rigid_original,HR,643,5.916000000,5.918500000,0.002500000
rigid_original,HR,644,5.919500000,5.921500000,0.002000000
rigid_original,HR,645,5.922500000,5.924500000,0.002000000
rigid_original,HR,646,5.925500000,5.927500000,0.002000000
rigid_original,HR,647,5.928500000,5.931000000,0.002500000
rigid_original,HR,648,5.931500000,5.933500000,0.002000000
rigid_original,HR,649,5.934000000,5.937000000,0.003000000
rigid_original,HR,650,5.938500000,5.942500000,0.004000000
rigid_original,HR,651,5.943000000,5.946000000,0.003000000
rigid_original,HR,652,5.947500000,5.949500000,0.002000000
rigid_original,HR,653,5.951000000,5.953000000,0.002000000
rigid_original,HR,654,5.954000000,5.955000000,0.001000000
rigid_original,HR,655,5.956000000,5.957000000,0.001000000
rigid_original,HR,656,5.957500000,5.958000000,0.000500000
rigid_original,HR,657,5.958500000,5.961500000,0.003000000
rigid_original,HR,658,5.962000000,5.964000000,0.002000000
rigid_original,HR,659,5.964500000,5.966500000,0.002000000
rigid_original,HR,660,5.968000000,5.968500000,0.000500000
rigid_original,HR,661,5.969000000,5.971500000,0.002500000
rigid_original,HR,662,5.973000000,5.975500000,0.002500000
rigid_original,HR,663,5.977500000,5.980500000,0.003000000
rigid_original,HR,664,5.981500000,5.982500000,0.001000000
rigid_original,HR,665,5.983500000,5.984500000,0.001000000
rigid_original,HR,666,5.986000000,5.987500000,0.001500000
rigid_original,HR,667,5.989500000,5.991000000,0.001500000
rigid_original,HR,668,5.991500000,5.992000000,0.000500000
rigid_original,HR,669,5.993000000,5.994000000,0.001000000
rigid_original,HR,670,5.994500000,5.996000000,0.001500000
rigid_original,HR,671,5.997000000,5.998500000,0.001500000
rigid_original,HR,672,5.999000000,6.000000000,0.001000000
rigid_original,HL,0,0.290000000,0.290500000,0.000500000
rigid_original,HL,1,0.412500000,0.413000000,0.000500000
rigid_original,HL,2,0.416000000,0.416500000,0.000500000
rigid_original,HL,3,0.422000000,0.422500000,0.000500000
rigid_original,HL,4,0.425500000,0.426000000,0.000500000
rigid_original,HL,5,0.432000000,0.432500000,0.000500000
rigid_original,HL,6,0.437000000,0.437500000,0.000500000
rigid_original,HL,7,0.465500000,0.466000000,0.000500000
rigid_original,HL,8,0.474000000,0.474500000,0.000500000
rigid_original,HL,9,0.498500000,0.499000000,0.000500000
rigid_original,HL,10,2.645000000,2.645500000,0.000500000
rigid_original,HL,11,2.647000000,2.647500000,0.000500000
rigid_original,HL,12,2.648500000,2.649500000,0.001000000
rigid_original,HL,13,2.651500000,2.654500000,0.003000000
rigid_original,HL,14,2.655000000,2.657000000,0.002000000
rigid_original,HL,15,2.676500000,2.677500000,0.001000000
rigid_original,HL,16,2.681000000,2.682000000,0.001000000
rigid_original,HL,17,2.684000000,2.685500000,0.001500000
rigid_original,HL,18,2.687500000,2.694500000,0.007000000
rigid_original,HL,19,2.713500000,2.715000000,0.001500000
rigid_original,HL,20,2.718500000,2.719500000,0.001000000
rigid_original,HL,21,2.720500000,2.721500000,0.001000000
rigid_original,HL,22,2.722500000,2.723500000,0.001000000
rigid_original,HL,23,2.724000000,2.732000000,0.008000000
rigid_original,HL,24,2.752000000,2.753500000,0.001500000
rigid_original,HL,25,2.758000000,2.760000000,0.002000000
rigid_original,HL,26,2.762500000,2.770500000,0.008000000
rigid_original,HL,27,2.790500000,2.792000000,0.001500000
rigid_original,HL,28,2.797000000,2.799000000,0.002000000
rigid_original,HL,29,2.802500000,2.804000000,0.001500000
rigid_original,HL,30,2.805500000,2.806500000,0.001000000
rigid_original,HL,31,2.808000000,2.810000000,0.002000000
rigid_original,HL,32,2.824000000,2.825000000,0.001000000
rigid_original,HL,33,2.827000000,2.827500000,0.000500000
rigid_original,HL,34,2.828000000,2.828500000,0.000500000
rigid_original,HL,35,2.830500000,2.832000000,0.001500000
rigid_original,HL,36,2.834500000,2.836500000,0.002000000
rigid_original,HL,37,2.837500000,2.838500000,0.001000000
rigid_original,HL,38,2.839500000,2.841000000,0.001500000
rigid_original,HL,39,2.850500000,2.851500000,0.001000000
rigid_original,HL,40,2.853500000,2.855000000,0.001500000
rigid_original,HL,41,2.857000000,2.859000000,0.002000000
rigid_original,HL,42,2.860000000,2.861000000,0.001000000
rigid_original,HL,43,2.861500000,2.863000000,0.001500000
rigid_original,HL,44,2.863500000,2.867500000,0.004000000
rigid_original,HL,45,2.875500000,2.877000000,0.001500000
rigid_original,HL,46,2.879000000,2.881000000,0.002000000
rigid_original,HL,47,2.882500000,2.885500000,0.003000000
rigid_original,HL,48,2.886000000,2.888000000,0.002000000
rigid_original,HL,49,2.888500000,2.890000000,0.001500000
rigid_original,HL,50,2.895000000,2.897500000,0.002500000
rigid_original,HL,51,2.898500000,2.900500000,0.002000000
rigid_original,HL,52,2.901000000,2.903500000,0.002500000
rigid_original,HL,53,2.904000000,2.918500000,0.014500000
rigid_original,HL,54,2.922500000,2.924500000,0.002000000
rigid_original,HL,55,2.926000000,2.928500000,0.002500000
rigid_original,HL,56,2.929000000,2.930000000,0.001000000
rigid_original,HL,57,2.930500000,2.931500000,0.001000000
rigid_original,HL,58,2.932500000,2.933500000,0.001000000
rigid_original,HL,59,2.934000000,2.936500000,0.002500000
rigid_original,HL,60,2.937000000,2.946000000,0.009000000
rigid_original,HL,61,2.947000000,2.948500000,0.001500000
rigid_original,HL,62,2.949000000,2.954000000,0.005000000
rigid_original,HL,63,2.956500000,2.964500000,0.008000000
rigid_original,HL,64,2.965000000,2.967000000,0.002000000
rigid_original,HL,65,2.968000000,2.971500000,0.003500000
rigid_original,HL,66,2.972000000,2.974000000,0.002000000
rigid_original,HL,67,2.975500000,2.979500000,0.004000000
rigid_original,HL,68,2.980000000,2.983500000,0.003500000
rigid_original,HL,69,2.985000000,2.987000000,0.002000000
rigid_original,HL,70,2.987500000,2.997500000,0.010000000
rigid_original,HL,71,3.006000000,3.007500000,0.001500000
rigid_original,HL,72,3.010000000,3.012500000,0.002500000
rigid_original,HL,73,3.013500000,3.015000000,0.001500000
rigid_original,HL,74,3.015500000,3.016500000,0.001000000
rigid_original,HL,75,3.017000000,3.018500000,0.001500000
rigid_original,HL,76,3.019000000,3.021500000,0.002500000
rigid_original,HL,77,3.022000000,3.022500000,0.000500000
rigid_original,HL,78,3.031000000,3.032500000,0.001500000
rigid_original,HL,79,3.036000000,3.040000000,0.004000000
rigid_original,HL,80,3.040500000,3.050500000,0.010000000
rigid_original,HL,81,3.060000000,3.061000000,0.001000000
rigid_original,HL,82,3.062000000,3.063000000,0.001000000
rigid_original,HL,83,3.064000000,3.080500000,0.016500000
rigid_original,HL,84,3.089000000,3.091500000,0.002500000
rigid_original,HL,85,3.092500000,3.114000000,0.021500000
rigid_original,HL,86,3.122000000,3.133000000,0.011000000
rigid_original,HL,87,3.137000000,3.146500000,0.009500000
rigid_original,HL,88,3.150000000,3.163500000,0.013500000
rigid_original,HL,89,3.167000000,3.179000000,0.012000000
rigid_original,HL,90,3.182500000,3.197500000,0.015000000
rigid_original,HL,91,3.201000000,3.207500000,0.006500000
rigid_original,HL,92,3.208000000,3.214000000,0.006000000
rigid_original,HL,93,3.216500000,3.222500000,0.006000000
rigid_original,HL,94,3.223000000,3.226000000,0.003000000
rigid_original,HL,95,3.226500000,3.228500000,0.002000000
rigid_original,HL,96,3.230000000,3.232000000,0.002000000
rigid_original,HL,97,3.232500000,3.234000000,0.001500000
rigid_original,HL,98,3.234500000,3.236000000,0.001500000
rigid_original,HL,99,3.236500000,3.238500000,0.002000000
rigid_original,HL,100,3.239000000,3.243500000,0.004500000
rigid_original,HL,101,3.244000000,3.249500000,0.005500000
rigid_original,HL,102,3.252500000,3.256500000,0.004000000
rigid_original,HL,103,3.257500000,3.262000000,0.004500000
rigid_original,HL,104,3.264500000,3.269000000,0.004500000
rigid_original,HL,105,3.269500000,3.271500000,0.002000000
rigid_original,HL,106,3.272000000,3.276000000,0.004000000
rigid_original,HL,107,3.276500000,3.280000000,0.003500000
rigid_original,HL,108,3.280500000,3.281500000,0.001000000
rigid_original,HL,109,3.283000000,3.288500000,0.005500000
rigid_original,HL,110,3.289500000,3.293000000,0.003500000
rigid_original,HL,111,3.293500000,3.297000000,0.003500000
rigid_original,HL,112,3.297500000,3.299500000,0.002000000
rigid_original,HL,113,3.301000000,3.303000000,0.002000000
rigid_original,HL,114,3.303500000,3.306500000,0.003000000
rigid_original,HL,115,3.307000000,3.313000000,0.006000000
rigid_original,HL,116,3.313500000,3.317000000,0.003500000
rigid_original,HL,117,3.317500000,3.321500000,0.004000000
rigid_original,HL,118,3.322000000,3.325500000,0.003500000
rigid_original,HL,119,3.327000000,3.331000000,0.004000000
rigid_original,HL,120,3.332000000,3.334000000,0.002000000
rigid_original,HL,121,3.335000000,3.338000000,0.003000000
rigid_original,HL,122,3.339000000,3.342000000,0.003000000
rigid_original,HL,123,3.343000000,3.345500000,0.002500000
rigid_original,HL,124,3.348000000,3.351000000,0.003000000
rigid_original,HL,125,3.351500000,3.354500000,0.003000000
rigid_original,HL,126,3.355500000,3.358500000,0.003000000
rigid_original,HL,127,3.359000000,3.362500000,0.003500000
rigid_original,HL,128,3.363000000,3.367500000,0.004500000
rigid_original,HL,129,3.368500000,3.371500000,0.003000000
rigid_original,HL,130,3.372500000,3.375000000,0.002500000
rigid_original,HL,131,3.375500000,3.376000000,0.000500000
rigid_original,HL,132,3.378000000,3.381500000,0.003500000
rigid_original,HL,133,3.382500000,3.383500000,0.001000000
rigid_original,HL,134,3.384000000,3.385000000,0.001000000
rigid_original,HL,135,3.385500000,3.386500000,0.001000000
rigid_original,HL,136,3.387000000,3.390000000,0.003000000
rigid_original,HL,137,3.391000000,3.392500000,0.001500000
rigid_original,HL,138,3.393500000,3.396000000,0.002500000
rigid_original,HL,139,3.396500000,3.399500000,0.003000000
rigid_original,HL,140,3.400500000,3.401500000,0.001000000
rigid_original,HL,141,3.402000000,3.404000000,0.002000000
rigid_original,HL,142,3.405000000,3.406500000,0.001500000
rigid_original,HL,143,3.407000000,3.410500000,0.003500000
rigid_original,HL,144,3.412000000,3.414500000,0.002500000
rigid_original,HL,145,3.415500000,3.416500000,0.001000000
rigid_original,HL,146,3.417000000,3.418000000,0.001000000
rigid_original,HL,147,3.418500000,3.419500000,0.001000000
rigid_original,HL,148,3.420500000,3.423000000,0.002500000
rigid_original,HL,149,3.423500000,3.426000000,0.002500000
rigid_original,HL,150,3.426500000,3.429500000,0.003000000
rigid_original,HL,151,3.430000000,3.433000000,0.003000000
rigid_original,HL,152,3.434500000,3.436000000,0.001500000
rigid_original,HL,153,3.437000000,3.439000000,0.002000000
rigid_original,HL,154,3.440500000,3.443000000,0.002500000
rigid_original,HL,155,3.444500000,3.446500000,0.002000000
rigid_original,HL,156,3.448000000,3.450000000,0.002000000
rigid_original,HL,157,3.451000000,3.452000000,0.001000000
rigid_original,HL,158,3.452500000,3.453500000,0.001000000
rigid_original,HL,159,3.454500000,3.458500000,0.004000000
rigid_original,HL,160,3.460000000,3.462500000,0.002500000
rigid_original,HL,161,3.463500000,3.467000000,0.003500000
rigid_original,HL,162,3.467500000,3.470500000,0.003000000
rigid_original,HL,163,3.472000000,3.475500000,0.003500000
rigid_original,HL,164,3.477000000,3.478500000,0.001500000
rigid_original,HL,165,3.479000000,3.480500000,0.001500000
rigid_original,HL,166,3.481500000,3.484500000,0.003000000
rigid_original,HL,167,3.485000000,3.486500000,0.001500000
rigid_original,HL,168,3.487500000,3.490000000,0.002500000
rigid_original,HL,169,3.491500000,3.493500000,0.002000000
rigid_original,HL,170,3.495000000,3.497000000,0.002000000
rigid_original,HL,171,3.499500000,3.502000000,0.002500000
rigid_original,HL,172,3.503000000,3.504500000,0.001500000
rigid_original,HL,173,3.506000000,3.507000000,0.001000000
rigid_original,HL,174,3.507500000,3.508500000,0.001000000
rigid_original,HL,175,3.511000000,3.512500000,0.001500000
rigid_original,HL,176,3.513000000,3.514500000,0.001500000
rigid_original,HL,177,3.516500000,3.518000000,0.001500000
rigid_original,HL,178,3.518500000,3.519500000,0.001000000
rigid_original,HL,179,3.520000000,3.520500000,0.000500000
rigid_original,HL,180,3.521500000,3.522000000,0.000500000
rigid_original,HL,181,3.522500000,3.523500000,0.001000000
rigid_original,HL,182,3.524000000,3.525000000,0.001000000
rigid_original,HL,183,3.526000000,3.527000000,0.001000000
rigid_original,HL,184,3.528500000,3.530000000,0.001500000
rigid_original,HL,185,3.531000000,3.532500000,0.001500000
rigid_original,HL,186,3.533000000,3.533500000,0.000500000
rigid_original,HL,187,3.534000000,3.535000000,0.001000000
rigid_original,HL,188,3.536500000,3.537500000,0.001000000
rigid_original,HL,189,3.539500000,3.540000000,0.000500000
rigid_original,HL,190,3.540500000,3.542000000,0.001500000
rigid_original,HL,191,3.544000000,3.545000000,0.001000000
rigid_original,HL,192,3.545500000,3.546000000,0.000500000
rigid_original,HL,193,3.547500000,3.548000000,0.000500000
rigid_original,HL,194,3.548500000,3.549500000,0.001000000
rigid_original,HL,195,3.551000000,3.552000000,0.001000000
rigid_original,HL,196,3.553000000,3.554500000,0.001500000
rigid_original,HL,197,3.558000000,3.560000000,0.002000000
rigid_original,HL,198,3.563000000,3.564000000,0.001000000
rigid_original,HL,199,3.565000000,3.566000000,0.001000000
rigid_original,HL,200,3.569000000,3.570500000,0.001500000
rigid_original,HL,201,3.573000000,3.574000000,0.001000000
rigid_original,HL,202,3.576500000,3.577500000,0.001000000
rigid_original,HL,203,3.580000000,3.581000000,0.001000000
rigid_original,HL,204,3.585000000,3.586500000,0.001500000
rigid_original,HL,205,3.588000000,3.589000000,0.001000000
rigid_original,HL,206,3.591500000,3.592500000,0.001000000
rigid_original,HL,207,3.594000000,3.594500000,0.000500000
rigid_original,HL,208,3.595500000,3.596000000,0.000500000
rigid_original,HL,209,3.597000000,3.598000000,0.001000000
rigid_original,HL,210,3.601000000,3.602000000,0.001000000
rigid_original,HL,211,3.604500000,3.605000000,0.000500000
rigid_original,HL,212,3.606000000,3.606500000,0.000500000
rigid_original,HL,213,3.608500000,3.609500000,0.001000000
rigid_original,HL,214,3.612500000,3.613500000,0.001000000
rigid_original,HL,215,3.616000000,3.616500000,0.000500000
rigid_original,HL,216,3.618000000,3.619000000,0.001000000
rigid_original,HL,217,3.622500000,3.623500000,0.001000000
rigid_original,HL,218,3.625000000,3.625500000,0.000500000
rigid_original,HL,219,3.626000000,3.626500000,0.000500000
rigid_original,HL,220,3.628500000,3.629000000,0.000500000
rigid_original,HL,221,3.630500000,3.631000000,0.000500000
rigid_original,HL,222,3.632500000,3.633000000,0.000500000
rigid_original,HL,223,3.634500000,3.635000000,0.000500000
rigid_original,HL,224,3.637000000,3.638000000,0.001000000
rigid_original,HL,225,3.641500000,3.642500000,0.001000000
rigid_original,HL,226,3.643500000,3.644000000,0.000500000
rigid_original,HL,227,3.645500000,3.646000000,0.000500000
rigid_original,HL,228,3.646500000,3.647000000,0.000500000
rigid_original,HL,229,3.648000000,3.648500000,0.000500000
rigid_original,HL,230,3.649500000,3.650500000,0.001000000
rigid_original,HL,231,3.653000000,3.653500000,0.000500000
rigid_original,HL,232,3.654500000,3.655000000,0.000500000
rigid_original,HL,233,3.656500000,3.657500000,0.001000000
rigid_original,HL,234,3.658500000,3.659000000,0.000500000
rigid_original,HL,235,3.660000000,3.660500000,0.000500000
rigid_original,HL,236,3.661500000,3.662500000,0.001000000
rigid_original,HL,237,3.665000000,3.666500000,0.001500000
rigid_original,HL,238,3.668500000,3.669000000,0.000500000
rigid_original,HL,239,3.669500000,3.671000000,0.001500000
rigid_original,HL,240,3.673500000,3.675000000,0.001500000
rigid_original,HL,241,3.676000000,3.677500000,0.001500000
rigid_original,HL,242,3.679000000,3.680500000,0.001500000
rigid_original,HL,243,3.681000000,3.682000000,0.001000000
rigid_original,HL,244,3.683500000,3.684500000,0.001000000
rigid_original,HL,245,3.685500000,3.687500000,0.002000000
rigid_original,HL,246,3.688000000,3.689500000,0.001500000
rigid_original,HL,247,3.690000000,3.691500000,0.001500000
rigid_original,HL,248,3.692500000,3.694500000,0.002000000
rigid_original,HL,249,3.695000000,3.696500000,0.001500000
rigid_original,HL,250,3.697500000,3.698500000,0.001000000
rigid_original,HL,251,3.700000000,3.702000000,0.002000000
rigid_original,HL,252,3.703000000,3.703500000,0.000500000
rigid_original,HL,253,3.704000000,3.705500000,0.001500000
rigid_original,HL,254,3.707000000,3.709500000,0.002500000
rigid_original,HL,255,3.711000000,3.713500000,0.002500000
rigid_original,HL,256,3.715000000,3.717500000,0.002500000
rigid_original,HL,257,3.718500000,3.720000000,0.001500000
rigid_original,HL,258,3.720500000,3.721000000,0.000500000
rigid_original,HL,259,3.721500000,3.723500000,0.002000000
rigid_original,HL,260,3.724000000,3.724500000,0.000500000
rigid_original,HL,261,3.725000000,3.727500000,0.002500000
rigid_original,HL,262,3.728000000,3.729000000,0.001000000
rigid_original,HL,263,3.729500000,3.736500000,0.007000000
rigid_original,HL,264,3.737000000,3.743500000,0.006500000
rigid_original,HL,265,3.744000000,3.750500000,0.006500000
rigid_original,HL,266,3.751000000,3.751500000,0.000500000
rigid_original,HL,267,3.752000000,3.757000000,0.005000000
rigid_original,HL,268,3.758000000,3.761500000,0.003500000
rigid_original,HL,269,3.762000000,3.764000000,0.002000000
rigid_original,HL,270,3.764500000,3.767000000,0.002500000
rigid_original,HL,271,3.767500000,3.771000000,0.003500000
rigid_original,HL,272,3.771500000,3.775500000,0.004000000
rigid_original,HL,273,3.776000000,3.780000000,0.004000000
rigid_original,HL,274,3.780500000,3.783500000,0.003000000
rigid_original,HL,275,3.784000000,3.787000000,0.003000000
rigid_original,HL,276,3.787500000,3.792500000,0.005000000
rigid_original,HL,277,3.793000000,3.799000000,0.006000000
rigid_original,HL,278,3.799500000,3.805000000,0.005500000
rigid_original,HL,279,3.805500000,3.809000000,0.003500000
rigid_original,HL,280,3.809500000,3.812500000,0.003000000
rigid_original,HL,281,3.813000000,3.816500000,0.003500000
rigid_original,HL,282,3.817500000,3.822000000,0.004500000
rigid_original,HL,283,3.822500000,3.824500000,0.002000000
rigid_original,HL,284,3.825000000,3.828000000,0.003000000
rigid_original,HL,285,3.828500000,3.832000000,0.003500000
rigid_original,HL,286,3.832500000,3.837500000,0.005000000
rigid_original,HL,287,3.838000000,3.841000000,0.003000000
rigid_original,HL,288,3.841500000,3.845500000,0.004000000
rigid_original,HL,289,3.846000000,3.854000000,0.008000000
rigid_original,HL,290,3.854500000,3.857500000,0.003000000
rigid_original,HL,291,3.858000000,3.861000000,0.003000000
rigid_original,HL,292,3.861500000,3.865000000,0.003500000
rigid_original,HL,293,3.865500000,3.869000000,0.003500000
rigid_original,HL,294,3.870000000,3.874500000,0.004500000
rigid_original,HL,295,3.875500000,3.879500000,0.004000000
rigid_original,HL,296,3.880500000,3.884500000,0.004000000
rigid_original,HL,297,3.885500000,3.889000000,0.003500000
rigid_original,HL,298,3.889500000,3.891500000,0.002000000
rigid_original,HL,299,3.892000000,3.894500000,0.002500000
rigid_original,HL,300,3.895000000,3.898000000,0.003000000
rigid_original,HL,301,3.898500000,3.905000000,0.006500000
rigid_original,HL,302,3.905500000,3.918000000,0.012500000
rigid_original,HL,303,3.918500000,3.922000000,0.003500000
rigid_original,HL,304,3.922500000,3.928500000,0.006000000
rigid_original,HL,305,3.929000000,3.932000000,0.003000000
rigid_original,HL,306,3.932500000,3.935500000,0.003000000
rigid_original,HL,307,3.936000000,3.937000000,0.001000000
rigid_original,HL,308,3.937500000,3.940500000,0.003000000
rigid_original,HL,309,3.941000000,3.943000000,0.002000000
rigid_original,HL,310,3.943500000,3.946000000,0.002500000
rigid_original,HL,311,3.946500000,3.949500000,0.003000000
rigid_original,HL,312,3.950500000,3.954500000,0.004000000
rigid_original,HL,313,3.955000000,3.956000000,0.001000000
rigid_original,HL,314,3.956500000,3.961500000,0.005000000
rigid_original,HL,315,3.962500000,3.965000000,0.002500000
rigid_original,HL,316,3.966000000,3.968000000,0.002000000
rigid_original,HL,317,3.969000000,3.971000000,0.002000000
rigid_original,HL,318,3.971500000,3.974500000,0.003000000
rigid_original,HL,319,3.975500000,3.976500000,0.001000000
rigid_original,HL,320,3.977000000,3.980000000,0.003000000
rigid_original,HL,321,3.980500000,3.982000000,0.001500000
rigid_original,HL,322,3.983000000,3.985500000,0.002500000
rigid_original,HL,323,3.987000000,3.989500000,0.002500000
rigid_original,HL,324,3.991000000,3.992500000,0.001500000
rigid_original,HL,325,3.993500000,3.995000000,0.001500000
rigid_original,HL,326,3.995500000,3.996000000,0.000500000
rigid_original,HL,327,3.997000000,3.999000000,0.002000000
rigid_original,HL,328,4.000500000,4.002000000,0.001500000
rigid_original,HL,329,4.003000000,4.004000000,0.001000000
rigid_original,HL,330,4.005500000,4.006500000,0.001000000
rigid_original,HL,331,4.007500000,4.008500000,0.001000000
rigid_original,HL,332,4.009500000,4.011000000,0.001500000
rigid_original,HL,333,4.012500000,4.013000000,0.000500000
rigid_original,HL,334,4.013500000,4.014000000,0.000500000
rigid_original,HL,335,4.014500000,4.015000000,0.000500000
rigid_original,HL,336,4.016000000,4.017000000,0.001000000
rigid_original,HL,337,4.018500000,4.020000000,0.001500000
rigid_original,HL,338,4.021500000,4.022500000,0.001000000
rigid_original,HL,339,4.024000000,4.025500000,0.001500000
rigid_original,HL,340,4.027000000,4.027500000,0.000500000
rigid_original,HL,341,4.028000000,4.029500000,0.001500000
rigid_original,HL,342,4.031000000,4.032000000,0.001000000
rigid_original,HL,343,4.033500000,4.034000000,0.000500000
rigid_original,HL,344,4.034500000,4.035000000,0.000500000
rigid_original,HL,345,4.036000000,4.036500000,0.000500000
rigid_original,HL,346,4.037000000,4.037500000,0.000500000
rigid_original,HL,347,4.038500000,4.039000000,0.000500000
rigid_original,HL,348,4.040000000,4.041000000,0.001000000
rigid_original,HL,349,4.042500000,4.043500000,0.001000000
rigid_original,HL,350,4.045000000,4.046500000,0.001500000
rigid_original,HL,351,4.048500000,4.050000000,0.001500000
rigid_original,HL,352,4.052000000,4.053500000,0.001500000
rigid_original,HL,353,4.055000000,4.056000000,0.001000000
rigid_original,HL,354,4.057000000,4.057500000,0.000500000
rigid_original,HL,355,4.058000000,4.058500000,0.000500000
rigid_original,HL,356,4.059500000,4.060500000,0.001000000
rigid_original,HL,357,4.061500000,4.062000000,0.000500000
rigid_original,HL,358,4.062500000,4.063000000,0.000500000
rigid_original,HL,359,4.063500000,4.064000000,0.000500000
rigid_original,HL,360,4.065000000,4.066000000,0.001000000
rigid_original,HL,361,4.067000000,4.067500000,0.000500000
rigid_original,HL,362,4.068000000,4.068500000,0.000500000
rigid_original,HL,363,4.069000000,4.069500000,0.000500000
rigid_original,HL,364,4.070500000,4.071500000,0.001000000
rigid_original,HL,365,4.072500000,4.073500000,0.001000000
rigid_original,HL,366,4.075000000,4.076500000,0.001500000
rigid_original,HL,367,4.078000000,4.079500000,0.001500000
rigid_original,HL,368,4.081000000,4.082000000,0.001000000
rigid_original,HL,369,4.083000000,4.084000000,0.001000000
rigid_original,HL,370,4.085000000,4.085500000,0.000500000
rigid_original,HL,371,4.086000000,4.086500000,0.000500000
rigid_original,HL,372,4.087000000,4.087500000,0.000500000
rigid_original,HL,373,4.088500000,4.089500000,0.001000000
rigid_original,HL,374,4.090500000,4.091500000,0.001000000
rigid_original,HL,375,4.093000000,4.094500000,0.001500000
rigid_original,HL,376,4.095500000,4.096500000,0.001000000
rigid_original,HL,377,4.097500000,4.098500000,0.001000000
rigid_original,HL,378,4.099500000,4.100500000,0.001000000
rigid_original,HL,379,4.101500000,4.102500000,0.001000000
rigid_original,HL,380,4.103500000,4.104500000,0.001000000
rigid_original,HL,381,4.105000000,4.112000000,0.007000000
rigid_original,HL,382,4.112500000,4.117000000,0.004500000
rigid_original,HL,383,4.117500000,4.121000000,0.003500000
rigid_original,HL,384,4.121500000,4.124500000,0.003000000
rigid_original,HL,385,4.125000000,4.130500000,0.005500000
rigid_original,HL,386,4.131000000,4.132000000,0.001000000
rigid_original,HL,387,4.132500000,4.134000000,0.001500000
rigid_original,HL,388,4.134500000,4.136000000,0.001500000
rigid_original,HL,389,4.136500000,4.137000000,0.000500000
rigid_original,HL,390,4.137500000,4.139000000,0.001500000
rigid_original,HL,391,4.140000000,4.142500000,0.002500000
rigid_original,HL,392,4.143000000,4.143500000,0.000500000
rigid_original,HL,393,4.144500000,4.145500000,0.001000000
rigid_original,HL,394,4.147500000,4.149000000,0.001500000
rigid_original,HL,395,4.150500000,4.151500000,0.001000000
rigid_original,HL,396,4.153500000,4.154500000,0.001000000
rigid_original,HL,397,4.156500000,4.157500000,0.001000000
rigid_original,HL,398,4.158500000,4.159500000,0.001000000
rigid_original,HL,399,4.161000000,4.162000000,0.001000000
rigid_original,HL,400,4.163000000,4.163500000,0.000500000
rigid_original,HL,401,4.164500000,4.165000000,0.000500000
rigid_original,HL,402,4.165500000,4.166500000,0.001000000
rigid_original,HL,403,4.168500000,4.170000000,0.001500000
rigid_original,HL,404,4.172000000,4.173000000,0.001000000
rigid_original,HL,405,4.174500000,4.175000000,0.000500000
rigid_original,HL,406,4.175500000,4.176000000,0.000500000
rigid_original,HL,407,4.177500000,4.178500000,0.001000000
rigid_original,HL,408,4.180000000,4.180500000,0.000500000
rigid_original,HL,409,4.181500000,4.182500000,0.001000000
rigid_original,HL,410,4.184500000,4.186000000,0.001500000
rigid_original,HL,411,4.188500000,4.190000000,0.001500000
rigid_original,HL,412,4.192000000,4.193000000,0.001000000
rigid_original,HL,413,4.194500000,4.195500000,0.001000000
rigid_original,HL,414,4.197000000,4.198000000,0.001000000
rigid_original,HL,415,4.199500000,4.200500000,0.001000000
rigid_original,HL,416,4.202000000,4.203000000,0.001000000
rigid_original,HL,417,4.204500000,4.205500000,0.001000000
rigid_original,HL,418,4.207000000,4.208500000,0.001500000
rigid_original,HL,419,4.210500000,4.212000000,0.001500000
rigid_original,HL,420,4.214000000,4.215500000,0.001500000
rigid_original,HL,421,4.217000000,4.218000000,0.001000000
rigid_original,HL,422,4.219000000,4.220000000,0.001000000
rigid_original,HL,423,4.221500000,4.223000000,0.001500000
rigid_original,HL,424,4.224500000,4.226000000,0.001500000
rigid_original,HL,425,4.227500000,4.229000000,0.001500000
rigid_original,HL,426,4.230500000,4.232000000,0.001500000
rigid_original,HL,427,4.233000000,4.234000000,0.001000000
rigid_original,HL,428,4.235000000,4.236000000,0.001000000
rigid_original,HL,429,4.236500000,4.237000000,0.000500000
rigid_original,HL,430,4.237500000,4.238000000,0.000500000
rigid_original,HL,431,4.238500000,4.239500000,0.001000000
rigid_original,HL,432,4.240500000,4.242000000,0.001500000
rigid_original,HL,433,4.243000000,4.244000000,0.001000000
rigid_original,HL,434,4.244500000,4.245500000,0.001000000
rigid_original,HL,435,4.246500000,4.248500000,0.002000000
rigid_original,HL,436,4.249500000,4.251000000,0.001500000
rigid_original,HL,437,4.251500000,4.252000000,0.000500000
rigid_original,HL,438,4.253000000,4.255000000,0.002000000
rigid_original,HL,439,4.256000000,4.257500000,0.001500000
rigid_original,HL,440,4.258500000,4.261000000,0.002500000
rigid_original,HL,441,4.262000000,4.265500000,0.003500000
rigid_original,HL,442,4.266000000,4.269000000,0.003000000
rigid_original,HL,443,4.269500000,4.357500000,0.088000000
rigid_original,HL,444,4.358000000,4.365500000,0.007500000
rigid_original,HL,445,4.366000000,4.371500000,0.005500000
rigid_original,HL,446,4.372000000,4.376500000,0.004500000
rigid_original,HL,447,4.377000000,4.381000000,0.004000000
rigid_original,HL,448,4.381500000,4.385000000,0.003500000
rigid_original,HL,449,4.385500000,4.389000000,0.003500000
rigid_original,HL,450,4.389500000,4.393500000,0.004000000
rigid_original,HL,451,4.394000000,4.400000000,0.006000000
rigid_original,HL,452,4.400500000,4.711500000,0.311000000
rigid_original,HL,453,4.713000000,4.714500000,0.001500000
rigid_original,HL,454,4.716000000,4.718500000,0.002500000
rigid_original,HL,455,4.719500000,4.721500000,0.002000000
rigid_original,HL,456,4.722000000,4.722500000,0.000500000
rigid_original,HL,457,4.723000000,4.724500000,0.001500000
rigid_original,HL,458,4.725500000,4.727500000,0.002000000
rigid_original,HL,459,4.728500000,4.730500000,0.002000000
rigid_original,HL,460,4.731500000,4.733000000,0.001500000
rigid_original,HL,461,4.734000000,4.735500000,0.001500000
rigid_original,HL,462,4.736000000,4.736500000,0.000500000
rigid_original,HL,463,4.737000000,4.737500000,0.000500000
rigid_original,HL,464,4.738000000,4.739000000,0.001000000
rigid_original,HL,465,4.739500000,4.740000000,0.000500000
rigid_original,HL,466,4.740500000,4.741000000,0.000500000
rigid_original,HL,467,4.741500000,4.742500000,0.001000000
rigid_original,HL,468,4.743500000,4.744500000,0.001000000
rigid_original,HL,469,4.745500000,4.747000000,0.001500000
rigid_original,HL,470,4.748500000,4.750000000,0.001500000
rigid_original,HL,471,4.751500000,4.752500000,0.001000000
rigid_original,HL,472,4.753500000,4.755000000,0.001500000
rigid_original,HL,473,4.756500000,4.758000000,0.001500000
rigid_original,HL,474,4.759000000,4.760500000,0.001500000
rigid_original,HL,475,4.761500000,4.762500000,0.001000000
rigid_original,HL,476,4.764000000,4.765000000,0.001000000
rigid_original,HL,477,4.767000000,4.768500000,0.001500000
rigid_original,HL,478,4.771000000,4.772500000,0.001500000
rigid_original,HL,479,4.774500000,4.775000000,0.000500000
rigid_original,HL,480,4.775500000,4.776000000,0.000500000
rigid_original,HL,481,4.777500000,4.778500000,0.001000000
rigid_original,HL,482,4.781000000,4.782000000,0.001000000
rigid_original,HL,483,4.783500000,4.784500000,0.001000000
rigid_original,HL,484,4.787000000,4.788000000,0.001000000
rigid_original,HL,485,4.790000000,4.791500000,0.001500000
rigid_original,HL,486,4.794000000,4.795000000,0.001000000
rigid_original,HL,487,4.795500000,4.796000000,0.000500000
rigid_original,HL,488,4.797000000,4.798000000,0.001000000
rigid_original,HL,489,4.800000000,4.801000000,0.001000000
rigid_original,HL,490,4.803500000,4.805000000,0.001500000
rigid_original,HL,491,4.807000000,4.808000000,0.001000000
rigid_original,HL,492,4.810000000,4.810500000,0.000500000
rigid_original,HL,493,4.811500000,4.812000000,0.000500000
rigid_original,HL,494,4.813000000,4.813500000,0.000500000
rigid_original,HL,495,4.814500000,4.815000000,0.000500000
rigid_original,HL,496,4.816000000,4.817000000,0.001000000
rigid_original,HL,497,4.819000000,4.820000000,0.001000000
rigid_original,HL,498,4.821500000,4.823000000,0.001500000
rigid_original,HL,499,4.823500000,4.834000000,0.010500000
rigid_original,HL,500,4.836000000,4.845000000,0.009000000
rigid_original,HL,501,4.845500000,4.856500000,0.011000000
rigid_original,HL,502,4.857000000,4.859000000,0.002000000
rigid_original,HL,503,5.398500000,5.399000000,0.000500000
rigid_original,HL,504,5.412500000,5.413500000,0.001000000
rigid_original,HL,505,5.445000000,5.445500000,0.000500000
rigid_original,HL,506,5.452000000,5.452500000,0.000500000
rigid_original,HL,507,5.460000000,5.460500000,0.000500000
rigid_original,HL,508,5.480500000,5.481000000,0.000500000
rigid_original,HL,509,5.494000000,5.494500000,0.000500000
rigid_original,Tail,0,0.059500000,0.119500000,0.060000000
rigid_original,Tail,1,0.120000000,0.121000000,0.001000000
rigid_original,Tail,2,0.121500000,0.123000000,0.001500000
rigid_original,Tail,3,0.123500000,0.125000000,0.001500000
rigid_original,Tail,4,0.125500000,0.126500000,0.001000000
rigid_original,Tail,5,0.127000000,0.127500000,0.000500000
rigid_original,Tail,6,0.128000000,0.128500000,0.000500000
rigid_original,Tail,7,0.129500000,0.130500000,0.001000000
rigid_original,Tail,8,0.131500000,0.132000000,0.000500000
rigid_original,Tail,9,0.132500000,0.133000000,0.000500000
rigid_original,Tail,10,0.134000000,0.134500000,0.000500000
rigid_original,Tail,11,0.135500000,0.136500000,0.001000000
rigid_original,Tail,12,0.139500000,0.140500000,0.001000000
rigid_original,Tail,13,0.142000000,0.142500000,0.000500000
rigid_original,Tail,14,0.144500000,0.145500000,0.001000000
rigid_original,Tail,15,0.148500000,0.149000000,0.000500000
rigid_original,Tail,16,0.152000000,0.152500000,0.000500000
rigid_original,Tail,17,0.157000000,0.157500000,0.000500000
rigid_original,Tail,18,0.163500000,0.164000000,0.000500000
rigid_original,Tail,19,0.168000000,0.168500000,0.000500000
rigid_original,Tail,20,0.177000000,0.178000000,0.001000000
rigid_original,Tail,21,0.184500000,0.185000000,0.000500000
rigid_original,Tail,22,0.209500000,0.212000000,0.002500000
rigid_original,Tail,23,0.218000000,0.222000000,0.004000000
rigid_original,Tail,24,0.225500000,0.226500000,0.001000000
rigid_original,Tail,25,0.245500000,0.247000000,0.001500000
rigid_original,Tail,26,0.260000000,0.261500000,0.001500000
rigid_original,Tail,27,0.279500000,0.280000000,0.000500000
rigid_original,Tail,28,0.282000000,0.283000000,0.001000000
rigid_original,Tail,29,0.290000000,0.291000000,0.001000000
rigid_original,Tail,30,0.296500000,0.298000000,0.001500000
rigid_original,Tail,31,0.299500000,0.300500000,0.001000000
rigid_original,Tail,32,0.301500000,0.302500000,0.001000000
rigid_original,Tail,33,0.303500000,0.305000000,0.001500000
rigid_original,Tail,34,0.306000000,0.308000000,0.002000000
rigid_original,Tail,35,0.357000000,0.361000000,0.004000000
rigid_original,Tail,36,0.363500000,0.365500000,0.002000000
rigid_original,Tail,37,0.367000000,0.369000000,0.002000000
rigid_original,Tail,38,0.369500000,0.370000000,0.000500000
rigid_original,Tail,39,0.370500000,0.372000000,0.001500000
rigid_original,Tail,40,0.392500000,0.396000000,0.003500000
rigid_original,Tail,41,0.397000000,0.399500000,0.002500000
rigid_original,Tail,42,0.400000000,0.401500000,0.001500000
rigid_original,Tail,43,0.412000000,0.413500000,0.001500000
rigid_original,Tail,44,0.442000000,0.442500000,0.000500000
rigid_original,Tail,45,0.445000000,0.445500000,0.000500000
rigid_original,Tail,46,0.454000000,0.454500000,0.000500000
rigid_original,Tail,47,0.457000000,0.457500000,0.000500000
rigid_original,Tail,48,0.482000000,0.482500000,0.000500000
rigid_original,Tail,49,0.485500000,0.486000000,0.000500000
rigid_original,Tail,50,0.498500000,0.499500000,0.001000000
rigid_original,Tail,51,0.507000000,0.507500000,0.000500000
rigid_original,Tail,52,0.516000000,0.516500000,0.000500000
rigid_original,Tail,53,0.519500000,0.520000000,0.000500000
rigid_original,Tail,54,0.521500000,0.522000000,0.000500000
rigid_original,Tail,55,0.535500000,0.536000000,0.000500000
rigid_original,Tail,56,0.538500000,0.539000000,0.000500000
rigid_original,Tail,57,0.541000000,0.541500000,0.000500000
rigid_original,Tail,58,0.554000000,0.554500000,0.000500000
rigid_original,Tail,59,0.558000000,0.558500000,0.000500000
rigid_original,Tail,60,0.570500000,0.571000000,0.000500000
rigid_original,Tail,61,0.575000000,0.575500000,0.000500000
rigid_original,Tail,62,0.590000000,0.590500000,0.000500000
rigid_original,Tail,63,0.594500000,0.595000000,0.000500000
rigid_original,Tail,64,0.613500000,0.614000000,0.000500000
rigid_original,Tail,65,0.618500000,0.619000000,0.000500000
rigid_original,Tail,66,0.641000000,0.641500000,0.000500000
rigid_original,Tail,67,0.646000000,0.646500000,0.000500000
rigid_original,Tail,68,0.673500000,0.674500000,0.001000000
rigid_original,Tail,69,0.704500000,0.705000000,0.000500000
rigid_original,Tail,70,0.708000000,0.708500000,0.000500000
rigid_original,Tail,71,0.733500000,0.734500000,0.001000000
rigid_original,Tail,72,0.764500000,0.765500000,0.001000000
rigid_original,Tail,73,0.802500000,0.803500000,0.001000000
rigid_original,Tail,74,0.841000000,0.842000000,0.001000000
rigid_original,Tail,75,0.886500000,0.887000000,0.000500000
rigid_original,Tail,76,0.903500000,0.904000000,0.000500000
rigid_original,Tail,77,0.937000000,0.937500000,0.000500000
rigid_original,Tail,78,0.967000000,0.967500000,0.000500000
rigid_original,Tail,79,1.004000000,1.004500000,0.000500000
rigid_original,Tail,80,1.049000000,1.049500000,0.000500000
rigid_original,Tail,81,1.099000000,1.099500000,0.000500000
rigid_original,Tail,82,1.152500000,1.153000000,0.000500000
rigid_original,Tail,83,1.199000000,1.199500000,0.000500000
rigid_original,Tail,84,2.320000000,2.323000000,0.003000000
rigid_original,Tail,85,2.331500000,2.333000000,0.001500000
rigid_original,Tail,86,2.338000000,2.338500000,0.000500000
rigid_original,Tail,87,2.339000000,2.339500000,0.000500000
rigid_original,Tail,88,2.343000000,2.344000000,0.001000000
rigid_original,Tail,89,2.348500000,2.349000000,0.000500000
rigid_original,Tail,90,2.350000000,2.350500000,0.000500000
rigid_original,Tail,91,2.354000000,2.355000000,0.001000000
rigid_original,Tail,92,2.360000000,2.363500000,0.003500000
rigid_original,Tail,93,2.365500000,2.366500000,0.001000000
rigid_original,Tail,94,2.367500000,2.369500000,0.002000000
rigid_original,Tail,95,2.371000000,2.373000000,0.002000000
rigid_original,Tail,96,2.374000000,2.375000000,0.001000000
rigid_original,Tail,97,2.376000000,2.377000000,0.001000000
rigid_original,Tail,98,2.378000000,2.379500000,0.001500000
rigid_original,Tail,99,2.381000000,2.382500000,0.001500000
rigid_original,Tail,100,2.384000000,2.385500000,0.001500000
rigid_original,Tail,101,2.387000000,2.388000000,0.001000000
rigid_original,Tail,102,2.389000000,2.389500000,0.000500000
rigid_original,Tail,103,2.390000000,2.390500000,0.000500000
rigid_original,Tail,104,2.391500000,2.392500000,0.001000000
rigid_original,Tail,105,2.394000000,2.395000000,0.001000000
rigid_original,Tail,106,2.396500000,2.397000000,0.000500000
rigid_original,Tail,107,2.398500000,2.399500000,0.001000000
rigid_original,Tail,108,2.400500000,2.401500000,0.001000000
rigid_original,Tail,109,2.404000000,2.405000000,0.001000000
rigid_original,Tail,110,2.406500000,2.407000000,0.000500000
rigid_original,Tail,111,2.408000000,2.408500000,0.000500000
rigid_original,Tail,112,2.409500000,2.410000000,0.000500000
rigid_original,Tail,113,2.411500000,2.412000000,0.000500000
rigid_original,Tail,114,2.413000000,2.413500000,0.000500000
rigid_original,Tail,115,2.415000000,2.415500000,0.000500000
rigid_original,Tail,116,2.417000000,2.418000000,0.001000000
rigid_original,Tail,117,2.421000000,2.422000000,0.001000000
rigid_original,Tail,118,2.424500000,2.425500000,0.001000000
rigid_original,Tail,119,2.428000000,2.429000000,0.001000000
rigid_original,Tail,120,2.432000000,2.432500000,0.000500000
rigid_original,Tail,121,2.433000000,2.433500000,0.000500000
rigid_original,Tail,122,2.435500000,2.436000000,0.000500000
rigid_original,Tail,123,2.438000000,2.439000000,0.001000000
rigid_original,Tail,124,2.442500000,2.443500000,0.001000000
rigid_original,Tail,125,2.446500000,2.447500000,0.001000000
rigid_original,Tail,126,2.450500000,2.451000000,0.000500000
rigid_original,Tail,127,2.452000000,2.452500000,0.000500000
rigid_original,Tail,128,2.454500000,2.455000000,0.000500000
rigid_original,Tail,129,2.457000000,2.457500000,0.000500000
rigid_original,Tail,130,2.458500000,2.459000000,0.000500000
rigid_original,Tail,131,2.461000000,2.461500000,0.000500000
rigid_original,Tail,132,2.463000000,2.463500000,0.000500000
rigid_original,Tail,133,2.465000000,2.465500000,0.000500000
rigid_original,Tail,134,2.467500000,2.468500000,0.001000000
rigid_original,Tail,135,2.472000000,2.473500000,0.001500000
rigid_original,Tail,136,2.478000000,2.479500000,0.001500000
rigid_original,Tail,137,2.483000000,2.484000000,0.001000000
rigid_original,Tail,138,2.486500000,2.487000000,0.000500000
rigid_original,Tail,139,2.488000000,2.488500000,0.000500000
rigid_original,Tail,140,2.490500000,2.491000000,0.000500000
rigid_original,Tail,141,2.492000000,2.492500000,0.000500000
rigid_original,Tail,142,2.494000000,2.494500000,0.000500000
rigid_original,Tail,143,2.496000000,2.496500000,0.000500000
rigid_original,Tail,144,2.498000000,2.499000000,0.001000000
rigid_original,Tail,145,2.502500000,2.504000000,0.001500000
rigid_original,Tail,146,2.507500000,2.508500000,0.001000000
rigid_original,Tail,147,2.511000000,2.512000000,0.001000000
rigid_original,Tail,148,2.514500000,2.515500000,0.001000000
rigid_original,Tail,149,2.518500000,2.519000000,0.000500000
rigid_original,Tail,150,2.519500000,2.520000000,0.000500000
rigid_original,Tail,151,2.522000000,2.522500000,0.000500000
rigid_original,Tail,152,2.524000000,2.524500000,0.000500000
rigid_original,Tail,153,2.526000000,2.526500000,0.000500000
rigid_original,Tail,154,2.528500000,2.529000000,0.000500000
rigid_original,Tail,155,2.531000000,2.532000000,0.001000000
rigid_original,Tail,156,2.535500000,2.536500000,0.001000000
rigid_original,Tail,157,2.540000000,2.540500000,0.000500000
rigid_original,Tail,158,2.542000000,2.542500000,0.000500000
rigid_original,Tail,159,2.545000000,2.546000000,0.001000000
rigid_original,Tail,160,2.549500000,2.550000000,0.000500000
rigid_original,Tail,161,2.551500000,2.552000000,0.000500000
rigid_original,Tail,162,2.555500000,2.556000000,0.000500000
rigid_original,Tail,163,2.559000000,2.559500000,0.000500000
rigid_original,Tail,164,2.563000000,2.563500000,0.000500000
rigid_original,Tail,165,2.567000000,2.567500000,0.000500000
rigid_original,Tail,166,2.571000000,2.571500000,0.000500000
rigid_original,Tail,167,2.575500000,2.576000000,0.000500000
rigid_original,Tail,168,2.580500000,2.581000000,0.000500000
rigid_original,Tail,169,2.585500000,2.586000000,0.000500000
rigid_original,Tail,170,2.590500000,2.591000000,0.000500000
rigid_original,Tail,171,2.596000000,2.596500000,0.000500000
rigid_original,Tail,172,2.600500000,2.601500000,0.001000000
rigid_original,Tail,173,2.605000000,2.606000000,0.001000000
rigid_original,Tail,174,2.609500000,2.611000000,0.001500000
rigid_original,Tail,175,2.614000000,2.615000000,0.001000000
rigid_original,Tail,176,2.616500000,2.617000000,0.000500000
rigid_original,Tail,177,2.618000000,2.619000000,0.001000000
rigid_original,Tail,178,2.619500000,2.620500000,0.001000000
rigid_original,Tail,179,2.623500000,2.625500000,0.002000000
rigid_original,Tail,180,2.627000000,2.628000000,0.001000000
rigid_original,Tail,181,2.630000000,2.631000000,0.001000000
rigid_original,Tail,182,2.632500000,2.633000000,0.000500000
rigid_original,Tail,183,2.633500000,2.634000000,0.000500000
rigid_original,Tail,184,2.634500000,2.635000000,0.000500000
rigid_original,Tail,185,2.635500000,2.636000000,0.000500000
rigid_original,Tail,186,2.636500000,2.637000000,0.000500000
rigid_original,Tail,187,2.637500000,2.638000000,0.000500000
rigid_original,Tail,188,2.638500000,2.640000000,0.001500000
rigid_original,Tail,189,2.641000000,2.641500000,0.000500000
rigid_original,Tail,190,2.642000000,2.645500000,0.003500000
rigid_original,Tail,191,2.656500000,2.657000000,0.000500000
rigid_original,Tail,192,2.658000000,2.658500000,0.000500000
rigid_original,Tail,193,2.659500000,2.660000000,0.000500000
rigid_original,Tail,194,2.661000000,2.662000000,0.001000000
rigid_original,Tail,195,2.663000000,2.677000000,0.014000000
rigid_original,Tail,196,2.694000000,2.695500000,0.001500000
rigid_original,Tail,197,2.698000000,2.714000000,0.016000000
rigid_original,Tail,198,2.731500000,2.733500000,0.002000000
rigid_original,Tail,199,2.735500000,2.752500000,0.017000000
rigid_original,Tail,200,2.770500000,2.772500000,0.002000000
rigid_original,Tail,201,2.775000000,2.777000000,0.002000000
rigid_original,Tail,202,2.778000000,2.791000000,0.013000000
rigid_original,Tail,203,2.809500000,2.811000000,0.001500000
rigid_original,Tail,204,2.813500000,2.815500000,0.002000000
rigid_original,Tail,205,2.817500000,2.820000000,0.002500000
rigid_original,Tail,206,2.821000000,2.823500000,0.002500000
rigid_original,Tail,207,2.824000000,2.824500000,0.000500000
rigid_original,Tail,208,2.840500000,2.842000000,0.001500000
rigid_original,Tail,209,2.845000000,2.846500000,0.001500000
rigid_original,Tail,210,2.849000000,2.851000000,0.002000000
rigid_original,Tail,211,2.867000000,2.868000000,0.001000000
rigid_original,Tail,212,2.869500000,2.870000000,0.000500000
rigid_original,Tail,213,2.871500000,2.872500000,0.001000000
rigid_original,Tail,214,2.875000000,2.876000000,0.001000000
rigid_original,Tail,215,2.889500000,2.890500000,0.001000000
rigid_original,Tail,216,2.893500000,2.894500000,0.001000000
rigid_original,Tail,217,2.918000000,2.919000000,0.001000000
rigid_original,Tail,218,2.923500000,2.924000000,0.000500000
rigid_original,Tail,219,2.931000000,2.931500000,0.000500000
rigid_original,Tail,220,2.945500000,2.946000000,0.000500000
rigid_original,Tail,221,2.953500000,2.954000000,0.000500000
rigid_original,Tail,222,2.966000000,2.966500000,0.000500000
rigid_original,Tail,223,2.973000000,2.973500000,0.000500000
rigid_original,Tail,224,2.983000000,2.983500000,0.000500000
rigid_original,Tail,225,2.997000000,2.997500000,0.000500000
rigid_original,Tail,226,3.000000000,3.000500000,0.000500000
rigid_original,Tail,227,3.002500000,3.003500000,0.001000000
rigid_original,Tail,228,3.006000000,3.006500000,0.000500000
rigid_original,Tail,229,3.022000000,3.022500000,0.000500000
rigid_original,Tail,230,3.024000000,3.024500000,0.000500000
rigid_original,Tail,231,3.027000000,3.028000000,0.001000000
rigid_original,Tail,232,3.031000000,3.032000000,0.001000000
rigid_original,Tail,233,3.050000000,3.050500000,0.000500000
rigid_original,Tail,234,3.053000000,3.053500000,0.000500000
rigid_original,Tail,235,3.056000000,3.056500000,0.000500000
rigid_original,Tail,236,3.058500000,3.059000000,0.000500000
rigid_original,Tail,237,3.080000000,3.080500000,0.000500000
rigid_original,Tail,238,3.084000000,3.084500000,0.000500000
rigid_original,Tail,239,3.087500000,3.088000000,0.000500000
rigid_original,Tail,240,3.113500000,3.114500000,0.001000000
rigid_original,Tail,241,3.132500000,3.133000000,0.000500000
rigid_original,Tail,242,3.146000000,3.146500000,0.000500000
rigid_original,Tail,243,3.163000000,3.163500000,0.000500000
rigid_original,Tail,244,3.178500000,3.179000000,0.000500000
rigid_original,Tail,245,3.197000000,3.197500000,0.000500000
rigid_original,Tail,246,3.213500000,3.214000000,0.000500000
rigid_original,Tail,247,3.227500000,3.228000000,0.000500000
rigid_original,Tail,248,3.249000000,3.249500000,0.000500000
rigid_original,Tail,249,3.261500000,3.262000000,0.000500000
rigid_original,Tail,250,3.281000000,3.281500000,0.000500000
rigid_original,Tail,251,3.298500000,3.299000000,0.000500000
rigid_original,Tail,252,3.325000000,3.325500000,0.000500000
rigid_original,Tail,253,3.345000000,3.345500000,0.000500000
rigid_original,Tail,254,3.375500000,3.376000000,0.000500000
rigid_original,Tail,255,3.401000000,3.401500000,0.000500000
rigid_original,Tail,256,3.435500000,3.436500000,0.001000000
rigid_original,Tail,257,3.508500000,3.509500000,0.001000000
rigid_original,Tail,258,3.581000000,3.581500000,0.000500000
rigid_original,Tail,259,3.620500000,3.621000000,0.000500000
rigid_original,Tail,260,3.671000000,3.671500000,0.000500000
rigid_original,Tail,261,3.753000000,3.753500000,0.000500000
rigid_original,Tail,262,4.820000000,4.823500000,0.003500000
rigid_original,Tail,263,4.833000000,4.834500000,0.001500000
rigid_original,Tail,264,4.839000000,4.839500000,0.000500000
rigid_original,Tail,265,4.840500000,4.841000000,0.000500000
rigid_original,Tail,266,4.844000000,4.844500000,0.000500000
rigid_original,Tail,267,4.846000000,4.846500000,0.000500000
rigid_original,Tail,268,4.850000000,4.851000000,0.001000000
rigid_original,Tail,269,4.855500000,4.856000000,0.000500000
rigid_original,Tail,270,4.857500000,4.858000000,0.000500000
rigid_original,Tail,271,4.859000000,4.860500000,0.001500000
rigid_original,Tail,272,4.862000000,4.864000000,0.002000000
rigid_original,Tail,273,4.865500000,4.866500000,0.001000000
rigid_original,Tail,274,4.867500000,4.868500000,0.001000000
rigid_original,Tail,275,4.869000000,4.870000000,0.001000000
rigid_original,Tail,276,4.871000000,4.872500000,0.001500000
rigid_original,Tail,277,4.873500000,4.874000000,0.000500000
rigid_original,Tail,278,4.874500000,4.875000000,0.000500000
rigid_original,Tail,279,4.876000000,4.877000000,0.001000000
rigid_original,Tail,280,4.878000000,4.879000000,0.001000000
rigid_original,Tail,281,4.880000000,4.881000000,0.001000000
rigid_original,Tail,282,4.882000000,4.882500000,0.000500000
rigid_original,Tail,283,4.883000000,4.883500000,0.000500000
rigid_original,Tail,284,4.884000000,4.884500000,0.000500000
rigid_original,Tail,285,4.885500000,4.886500000,0.001000000
rigid_original,Tail,286,4.887500000,4.888000000,0.000500000
rigid_original,Tail,287,4.889000000,4.890000000,0.001000000
rigid_original,Tail,288,4.892000000,4.893000000,0.001000000
rigid_original,Tail,289,4.894000000,4.894500000,0.000500000
rigid_original,Tail,290,4.895500000,4.896500000,0.001000000
rigid_original,Tail,291,4.899000000,4.900000000,0.001000000
rigid_original,Tail,292,4.901500000,4.902000000,0.000500000
rigid_original,Tail,293,4.903000000,4.903500000,0.000500000
rigid_original,Tail,294,4.905000000,4.906000000,0.001000000
rigid_original,Tail,295,4.908500000,4.909500000,0.001000000
rigid_original,Tail,296,4.911500000,4.912000000,0.000500000
rigid_original,Tail,297,4.914000000,4.915000000,0.001000000
rigid_original,Tail,298,4.917000000,4.918000000,0.001000000
rigid_original,Tail,299,4.920500000,4.921000000,0.000500000
rigid_original,Tail,300,4.922500000,4.923500000,0.001000000
rigid_original,Tail,301,4.926500000,4.927000000,0.000500000
rigid_original,Tail,302,4.928000000,4.928500000,0.000500000
rigid_original,Tail,303,4.931000000,4.932000000,0.001000000
rigid_original,Tail,304,4.935000000,4.935500000,0.000500000
rigid_original,Tail,305,4.936500000,4.937000000,0.000500000
rigid_original,Tail,306,4.938500000,4.939000000,0.000500000
rigid_original,Tail,307,4.941000000,4.942000000,0.001000000
rigid_original,Tail,308,4.945500000,4.946500000,0.001000000
rigid_original,Tail,309,4.949500000,4.950500000,0.001000000
rigid_original,Tail,310,4.953500000,4.954500000,0.001000000
rigid_original,Tail,311,4.957500000,4.958500000,0.001000000
rigid_original,Tail,312,4.961500000,4.962500000,0.001000000
rigid_original,Tail,313,4.965000000,4.966000000,0.001000000
rigid_original,Tail,314,4.969000000,4.970000000,0.001000000
rigid_original,Tail,315,4.973000000,4.974000000,0.001000000
rigid_original,Tail,316,4.976500000,4.977000000,0.000500000
rigid_original,Tail,317,4.978500000,4.979500000,0.001000000
rigid_original,Tail,318,4.982500000,4.983500000,0.001000000
rigid_original,Tail,319,4.986000000,4.987000000,0.001000000
rigid_original,Tail,320,4.990000000,4.990500000,0.000500000
rigid_original,Tail,321,4.991000000,4.991500000,0.000500000
rigid_original,Tail,322,4.993500000,4.994500000,0.001000000
rigid_original,Tail,323,4.997500000,4.998000000,0.000500000
rigid_original,Tail,324,4.998500000,4.999000000,0.000500000
rigid_original,Tail,325,5.001000000,5.001500000,0.000500000
rigid_original,Tail,326,5.003000000,5.003500000,0.000500000
rigid_original,Tail,327,5.005000000,5.005500000,0.000500000
rigid_original,Tail,328,5.007000000,5.007500000,0.000500000
rigid_original,Tail,329,5.009000000,5.010000000,0.001000000
rigid_original,Tail,330,5.014000000,5.015500000,0.001500000
rigid_original,Tail,331,5.020000000,5.021500000,0.001500000
rigid_original,Tail,332,5.025500000,5.027000000,0.001500000
rigid_original,Tail,333,5.031000000,5.032000000,0.001000000
rigid_original,Tail,334,5.035000000,5.036000000,0.001000000
rigid_original,Tail,335,5.039500000,5.040500000,0.001000000
rigid_original,Tail,336,5.044000000,5.045000000,0.001000000
rigid_original,Tail,337,5.048500000,5.049000000,0.000500000
rigid_original,Tail,338,5.051500000,5.052000000,0.000500000
rigid_original,Tail,339,5.055500000,5.056500000,0.001000000
rigid_original,Tail,340,5.061500000,5.062500000,0.001000000
rigid_original,Tail,341,5.067500000,5.068000000,0.000500000
rigid_original,Tail,342,5.070500000,5.071000000,0.000500000
rigid_original,Tail,343,5.076000000,5.076500000,0.000500000
rigid_original,Tail,344,5.080000000,5.080500000,0.000500000
rigid_original,Tail,345,5.085500000,5.086000000,0.000500000
rigid_original,Tail,346,5.090000000,5.090500000,0.000500000
rigid_original,Tail,347,5.096500000,5.097000000,0.000500000
rigid_original,Tail,348,5.101000000,5.102500000,0.001500000
rigid_original,Tail,349,5.107500000,5.108500000,0.001000000
rigid_original,Tail,350,5.110000000,5.110500000,0.000500000
rigid_original,Tail,351,5.112000000,5.113000000,0.001000000
rigid_original,Tail,352,5.115500000,5.117000000,0.001500000
rigid_original,Tail,353,5.119500000,5.120500000,0.001000000
rigid_original,Tail,354,5.122000000,5.125000000,0.003000000
rigid_original,Tail,355,5.125500000,5.134000000,0.008500000
rigid_original,Tail,356,5.135000000,5.136000000,0.001000000
rigid_original,Tail,357,5.138000000,5.139000000,0.001000000
rigid_original,Tail,358,5.140500000,5.143000000,0.002500000
rigid_original,Tail,359,5.144500000,5.145000000,0.000500000
rigid_original,Tail,360,5.155500000,5.156500000,0.001000000
rigid_original,Tail,361,5.158500000,5.159500000,0.001000000
rigid_original,Tail,362,5.160500000,5.161500000,0.001000000
rigid_original,Tail,363,5.162000000,5.177500000,0.015500000
rigid_original,Tail,364,5.196500000,5.198500000,0.002000000
rigid_original,Tail,365,5.201000000,5.218000000,0.017000000
rigid_original,Tail,366,5.237500000,5.239500000,0.002000000
rigid_original,Tail,367,5.242000000,5.259000000,0.017000000
rigid_original,Tail,368,5.278000000,5.279500000,0.001500000
rigid_original,Tail,369,5.281000000,5.282000000,0.001000000
rigid_original,Tail,370,5.283000000,5.284500000,0.001500000
rigid_original,Tail,371,5.285500000,5.298000000,0.012500000
rigid_original,Tail,372,5.316500000,5.318000000,0.001500000
rigid_original,Tail,373,5.320500000,5.322000000,0.001500000
rigid_original,Tail,374,5.324000000,5.326000000,0.002000000
rigid_original,Tail,375,5.327000000,5.328000000,0.001000000
rigid_original,Tail,376,5.342000000,5.343000000,0.001000000
rigid_original,Tail,377,5.345500000,5.346500000,0.001000000
rigid_original,Tail,378,5.348500000,5.349500000,0.001000000
rigid_original,Tail,379,5.351000000,5.351500000,0.000500000
rigid_original,Tail,380,5.363000000,5.364000000,0.001000000
rigid_original,Tail,381,5.367000000,5.368500000,0.001500000
rigid_original,Tail,382,5.380000000,5.381000000,0.001000000
rigid_original,Tail,383,5.384500000,5.385500000,0.001000000
rigid_original,Tail,384,5.395000000,5.396000000,0.001000000
rigid_original,Tail,385,5.399000000,5.399500000,0.000500000
rigid_original,Tail,386,5.422500000,5.423500000,0.001000000
rigid_original,Tail,387,5.427500000,5.428000000,0.000500000
rigid_original,Tail,388,5.435500000,5.436000000,0.000500000
rigid_original,Tail,389,5.438000000,5.438500000,0.000500000
rigid_original,Tail,390,5.466000000,5.466500000,0.000500000
rigid_original,Tail,391,5.469500000,5.470000000,0.000500000
rigid_original,Tail,392,5.480500000,5.481500000,0.001000000
rigid_original,Tail,393,5.498500000,5.499000000,0.000500000
rigid_original,Tail,394,5.501500000,5.502000000,0.000500000
rigid_original,Tail,395,5.503500000,5.504000000,0.000500000
rigid_original,Tail,396,5.506000000,5.506500000,0.000500000
rigid_original,Tail,397,5.520500000,5.521000000,0.000500000
rigid_original,Tail,398,5.523000000,5.523500000,0.000500000
rigid_original,Tail,399,5.525500000,5.526000000,0.000500000
rigid_original,Tail,400,5.527500000,5.528000000,0.000500000
rigid_original,Tail,401,5.529000000,5.529500000,0.000500000
rigid_original,Tail,402,5.547000000,5.548000000,0.001000000
rigid_original,Tail,403,5.554000000,5.555500000,0.001500000
rigid_original,Tail,404,5.581000000,5.582000000,0.001000000
rigid_original,Tail,405,5.589500000,5.590500000,0.001000000
rigid_original,Tail,406,5.624000000,5.625000000,0.001000000
rigid_original,Tail,407,5.640000000,5.640500000,0.000500000
rigid_original,Tail,408,5.658000000,5.658500000,0.000500000
rigid_original,Tail,409,5.671500000,5.672000000,0.000500000
rigid_original,Tail,410,5.690500000,5.691000000,0.000500000
rigid_original,Tail,411,5.707000000,5.707500000,0.000500000
rigid_original,Tail,412,5.726000000,5.726500000,0.000500000
rigid_original,Tail,413,5.744000000,5.744500000,0.000500000
rigid_original,Tail,414,5.758500000,5.759000000,0.000500000
rigid_original,Tail,415,5.781500000,5.782000000,0.000500000
rigid_original,Tail,416,5.801000000,5.801500000,0.000500000
rigid_original,Tail,417,5.822000000,5.822500000,0.000500000
rigid_original,Tail,418,5.846000000,5.846500000,0.000500000
rigid_original,Tail,419,5.874500000,5.875000000,0.000500000
rigid_original,Tail,420,5.903500000,5.904000000,0.000500000
rigid_original,Tail,421,5.936500000,5.937000000,0.000500000
rigid_original,Tail,422,5.968000000,5.968500000,0.000500000
sand_rft,Mid,0,0.063500000,0.076000000,0.012500000
sand_rft,Mid,1,0.090000000,0.090500000,0.000500000
sand_rft,Mid,2,0.096500000,0.097500000,0.001000000
sand_rft,Mid,3,0.104500000,0.106000000,0.001500000
sand_rft,Mid,4,0.108500000,0.110000000,0.001500000
sand_rft,Mid,5,0.112500000,0.113000000,0.000500000
sand_rft,Mid,6,0.115500000,0.117000000,0.001500000
sand_rft,Mid,7,0.119000000,0.121000000,0.002000000
sand_rft,Mid,8,0.123000000,0.125000000,0.002000000
sand_rft,Mid,9,0.126000000,0.153000000,0.027000000
sand_rft,Mid,10,0.178000000,0.346500000,0.168500000
sand_rft,Mid,11,0.349500000,0.350500000,0.001000000
sand_rft,Mid,12,0.353500000,0.354500000,0.001000000
sand_rft,Mid,13,0.357500000,0.358000000,0.000500000
sand_rft,Mid,14,0.407000000,0.407500000,0.000500000
sand_rft,Mid,15,0.410500000,0.411500000,0.001000000
sand_rft,Mid,16,0.414500000,0.415000000,0.000500000
sand_rft,Mid,17,2.017500000,2.048500000,0.031000000
sand_rft,Mid,18,2.049000000,2.056000000,0.007000000
sand_rft,Mid,19,2.056500000,2.077500000,0.021000000
sand_rft,Mid,20,2.078500000,2.091000000,0.012500000
sand_rft,Mid,21,2.091500000,2.095000000,0.003500000
sand_rft,Mid,22,2.096500000,2.100000000,0.003500000
sand_rft,Mid,23,2.101000000,2.105000000,0.004000000
sand_rft,Mid,24,2.106000000,2.110000000,0.004000000
sand_rft,Mid,25,2.111500000,2.115500000,0.004000000
sand_rft,Mid,26,2.117500000,2.121000000,0.003500000
sand_rft,Mid,27,2.122500000,2.126500000,0.004000000
sand_rft,Mid,28,2.128000000,2.131000000,0.003000000
sand_rft,Mid,29,2.132500000,2.135500000,0.003000000
sand_rft,Mid,30,2.137000000,2.140000000,0.003000000
sand_rft,Mid,31,2.142000000,2.144500000,0.002500000
sand_rft,Mid,32,2.146500000,2.149000000,0.002500000
sand_rft,Mid,33,2.150500000,2.153500000,0.003000000
sand_rft,Mid,34,2.155000000,2.157500000,0.002500000
sand_rft,Mid,35,2.159500000,2.162000000,0.002500000
sand_rft,Mid,36,2.163000000,2.165500000,0.002500000
sand_rft,Mid,37,2.167500000,2.170000000,0.002500000
sand_rft,Mid,38,2.171000000,2.173500000,0.002500000
sand_rft,Mid,39,2.175000000,2.177500000,0.002500000
sand_rft,Mid,40,2.179000000,2.181500000,0.002500000
sand_rft,Mid,41,2.183000000,2.185500000,0.002500000
sand_rft,Mid,42,2.187000000,2.190000000,0.003000000
sand_rft,Mid,43,2.191000000,2.193500000,0.002500000
sand_rft,Mid,44,2.194500000,2.196500000,0.002000000
sand_rft,Mid,45,2.197500000,2.200000000,0.002500000
sand_rft,Mid,46,2.201500000,2.204000000,0.002500000
sand_rft,Mid,47,2.204500000,2.207000000,0.002500000
sand_rft,Mid,48,2.208500000,2.211000000,0.002500000
sand_rft,Mid,49,2.211500000,2.214000000,0.002500000
sand_rft,Mid,50,2.215500000,2.218000000,0.002500000
sand_rft,Mid,51,2.218500000,2.221500000,0.003000000
sand_rft,Mid,52,2.222000000,2.225000000,0.003000000
sand_rft,Mid,53,2.225500000,2.228500000,0.003000000
sand_rft,Mid,54,2.229000000,2.232000000,0.003000000
sand_rft,Mid,55,2.232500000,2.235500000,0.003000000
sand_rft,Mid,56,2.236000000,2.239000000,0.003000000
sand_rft,Mid,57,2.239500000,2.242500000,0.003000000
sand_rft,Mid,58,2.243000000,2.246000000,0.003000000
sand_rft,Mid,59,2.246500000,2.249500000,0.003000000
sand_rft,Mid,60,2.250000000,2.253000000,0.003000000
sand_rft,Mid,61,2.253500000,2.256500000,0.003000000
sand_rft,Mid,62,2.257000000,2.260000000,0.003000000
sand_rft,Mid,63,2.260500000,2.263500000,0.003000000
sand_rft,Mid,64,2.264000000,2.267000000,0.003000000
sand_rft,Mid,65,2.267500000,2.270500000,0.003000000
sand_rft,Mid,66,2.271000000,2.274000000,0.003000000
sand_rft,Mid,67,2.274500000,2.277500000,0.003000000
sand_rft,Mid,68,2.278000000,2.281000000,0.003000000
sand_rft,Mid,69,2.281500000,2.284500000,0.003000000
sand_rft,Mid,70,2.285000000,2.288000000,0.003000000
sand_rft,Mid,71,2.288500000,2.291500000,0.003000000
sand_rft,Mid,72,2.292000000,2.295000000,0.003000000
sand_rft,Mid,73,2.295500000,2.306000000,0.010500000
sand_rft,Mid,74,2.306500000,2.310500000,0.004000000
sand_rft,Mid,75,2.311500000,2.314500000,0.003000000
sand_rft,Mid,76,2.316000000,2.319000000,0.003000000
sand_rft,Mid,77,2.320000000,2.323500000,0.003500000
sand_rft,Mid,78,2.324500000,2.328000000,0.003500000
sand_rft,Mid,79,2.329000000,2.332500000,0.003500000
sand_rft,Mid,80,2.334000000,2.337000000,0.003000000
sand_rft,Mid,81,2.338500000,2.341500000,0.003000000
sand_rft,Mid,82,2.342500000,2.346000000,0.003500000
sand_rft,Mid,83,2.347500000,2.350500000,0.003000000
sand_rft,Mid,84,2.351500000,2.355000000,0.003500000
sand_rft,Mid,85,2.356000000,2.359500000,0.003500000
sand_rft,Mid,86,2.360500000,2.364000000,0.003500000
sand_rft,Mid,87,2.365000000,2.368500000,0.003500000
sand_rft,Mid,88,2.369500000,2.373000000,0.003500000
sand_rft,Mid,89,2.374000000,2.377500000,0.003500000
sand_rft,Mid,90,2.378500000,2.382000000,0.003500000
sand_rft,Mid,91,2.383000000,2.386500000,0.003500000
sand_rft,Mid,92,2.387500000,2.391000000,0.003500000
sand_rft,Mid,93,2.391500000,2.413000000,0.021500000
sand_rft,Mid,94,2.413500000,2.757500000,0.344000000
sand_rft,Mid,95,4.562000000,4.638500000,0.076500000
sand_rft,Mid,96,4.639500000,4.643000000,0.003500000
sand_rft,Mid,97,4.644500000,4.648000000,0.003500000
sand_rft,Mid,98,4.649500000,4.653500000,0.004000000
sand_rft,Mid,99,4.655000000,4.658500000,0.003500000
sand_rft,Mid,100,4.659500000,4.662000000,0.002500000
sand_rft,Mid,101,4.663000000,4.668500000,0.005500000
sand_rft,Mid,102,4.669500000,4.672000000,0.002500000
sand_rft,Mid,103,4.672500000,4.674500000,0.002000000
sand_rft,Mid,104,4.675500000,4.678000000,0.002500000
sand_rft,Mid,105,4.679000000,4.681500000,0.002500000
sand_rft,Mid,106,4.682500000,4.687500000,0.005000000
sand_rft,Mid,107,4.689000000,4.692000000,0.003000000
sand_rft,Mid,108,4.693000000,4.695000000,0.002000000
sand_rft,Mid,109,4.696500000,4.701500000,0.005000000
sand_rft,Mid,110,4.702500000,4.705000000,0.002500000
sand_rft,Mid,111,4.706500000,4.708500000,0.002000000
sand_rft,Mid,112,4.709500000,4.714500000,0.005000000
sand_rft,Mid,113,4.715500000,4.718000000,0.002500000
sand_rft,Mid,114,4.719000000,4.721000000,0.002000000
sand_rft,Mid,115,4.721500000,4.724000000,0.002500000
sand_rft,Mid,116,4.724500000,4.727500000,0.003000000
sand_rft,Mid,117,4.728000000,4.733000000,0.005000000
sand_rft,Mid,118,4.734000000,4.737000000,0.003000000
sand_rft,Mid,119,4.738500000,4.741500000,0.003000000
sand_rft,Mid,120,4.743500000,4.746500000,0.003000000
sand_rft,Mid,121,4.748000000,4.751000000,0.003000000
sand_rft,Mid,122,4.752500000,4.755500000,0.003000000
sand_rft,Mid,123,4.757000000,4.760000000,0.003000000
sand_rft,Mid,124,4.761500000,4.764500000,0.003000000
sand_rft,Mid,125,4.766000000,4.769000000,0.003000000
sand_rft,Mid,126,4.770500000,4.773500000,0.003000000
sand_rft,Mid,127,4.775000000,4.778000000,0.003000000
sand_rft,Mid,128,4.779500000,4.782500000,0.003000000
sand_rft,Mid,129,4.784000000,4.787000000,0.003000000
sand_rft,Mid,130,4.788500000,4.791500000,0.003000000
sand_rft,Mid,131,4.793000000,4.796000000,0.003000000
sand_rft,Mid,132,4.797500000,4.800500000,0.003000000
sand_rft,Mid,133,4.802000000,4.805000000,0.003000000
sand_rft,Mid,134,4.806500000,4.809500000,0.003000000
sand_rft,Mid,135,4.811000000,4.814000000,0.003000000
sand_rft,Mid,136,4.815500000,4.818500000,0.003000000
sand_rft,Mid,137,4.820000000,4.823000000,0.003000000
sand_rft,Mid,138,4.824500000,4.827500000,0.003000000
sand_rft,Mid,139,4.829000000,4.832000000,0.003000000
sand_rft,Mid,140,4.833500000,4.836500000,0.003000000
sand_rft,Mid,141,4.838000000,4.841000000,0.003000000
sand_rft,Mid,142,4.842500000,4.845500000,0.003000000
sand_rft,Mid,143,4.846500000,4.850000000,0.003500000
sand_rft,Mid,144,4.851000000,4.854500000,0.003500000
sand_rft,Mid,145,4.855500000,4.858500000,0.003000000
sand_rft,Mid,146,4.860000000,4.863000000,0.003000000
sand_rft,Mid,147,4.864000000,4.867000000,0.003000000
sand_rft,Mid,148,4.867500000,4.874000000,0.006500000
sand_rft,Mid,149,4.874500000,4.877500000,0.003000000
sand_rft,Mid,150,4.878000000,4.882000000,0.004000000
sand_rft,Mid,151,4.883000000,4.886000000,0.003000000
sand_rft,Mid,152,4.886500000,4.893000000,0.006500000
sand_rft,Mid,153,4.893500000,4.896500000,0.003000000
sand_rft,Mid,154,4.897000000,4.901000000,0.004000000
sand_rft,Mid,155,4.902000000,4.911000000,0.009000000
sand_rft,Mid,156,4.911500000,4.914500000,0.003000000
sand_rft,Mid,157,4.915500000,4.919000000,0.003500000
sand_rft,Mid,158,4.920500000,4.923500000,0.003000000
sand_rft,Mid,159,4.924500000,4.927500000,0.003000000
sand_rft,Mid,160,4.928000000,4.937500000,0.009500000
sand_rft,Mid,161,4.938500000,4.942000000,0.003500000
sand_rft,Mid,162,4.943000000,4.946500000,0.003500000
sand_rft,Mid,163,4.947500000,4.951000000,0.003500000
sand_rft,Mid,164,4.952000000,4.955000000,0.003000000
sand_rft,Mid,165,4.956000000,4.959500000,0.003500000
sand_rft,Mid,166,4.960000000,4.963500000,0.003500000
sand_rft,Mid,167,4.964000000,4.967500000,0.003500000
sand_rft,Mid,168,4.968000000,4.971500000,0.003500000
sand_rft,Mid,169,4.972000000,4.975500000,0.003500000
sand_rft,Mid,170,4.976000000,4.979500000,0.003500000
sand_rft,Mid,171,4.980000000,4.983500000,0.003500000
sand_rft,Mid,172,4.984000000,4.987500000,0.003500000
sand_rft,Mid,173,4.988000000,4.991500000,0.003500000
sand_rft,Mid,174,4.992000000,4.995500000,0.003500000
sand_rft,Mid,175,4.996000000,4.999500000,0.003500000
sand_rft,Mid,176,5.000000000,5.003500000,0.003500000
sand_rft,Mid,177,5.004000000,5.007500000,0.003500000
sand_rft,Mid,178,5.008000000,5.011500000,0.003500000
sand_rft,Mid,179,5.012000000,5.015500000,0.003500000
sand_rft,Mid,180,5.016000000,5.019500000,0.003500000
sand_rft,Mid,181,5.020000000,5.023500000,0.003500000
sand_rft,Mid,182,5.024000000,5.027500000,0.003500000
sand_rft,Mid,183,5.028000000,5.031500000,0.003500000
sand_rft,Mid,184,5.032000000,5.035500000,0.003500000
sand_rft,Mid,185,5.036000000,5.039500000,0.003500000
sand_rft,Mid,186,5.040000000,5.043500000,0.003500000
sand_rft,Mid,187,5.044000000,5.047500000,0.003500000
sand_rft,Mid,188,5.048000000,5.051500000,0.003500000
sand_rft,Mid,189,5.052000000,5.055500000,0.003500000
sand_rft,Mid,190,5.056000000,5.059500000,0.003500000
sand_rft,Mid,191,5.060000000,5.327000000,0.267000000
sand_rft,Mid,192,5.328000000,5.331000000,0.003000000
sand_rft,Mid,193,5.333000000,5.334000000,0.001000000
sand_rft,Mid,194,5.336000000,5.338000000,0.002000000
sand_rft,Mid,195,5.339500000,5.342500000,0.003000000
sand_rft,Mid,196,5.343000000,5.346000000,0.003000000
sand_rft,Mid,197,5.346500000,5.350000000,0.003500000
sand_rft,Mid,198,5.351000000,5.353500000,0.002500000
sand_rft,Mid,199,5.354000000,5.361000000,0.007000000
sand_rft,Mid,200,5.361500000,5.381000000,0.019500000
sand_rft,Front,0,0.063000000,0.094000000,0.031000000
sand_rft,Front,1,0.096500000,0.098000000,0.001500000
sand_rft,Front,2,0.100000000,0.101500000,0.001500000
sand_rft,Front,3,0.104500000,0.106000000,0.001500000
sand_rft,Front,4,0.108500000,0.110000000,0.001500000
sand_rft,Front,5,0.112000000,0.113500000,0.001500000
sand_rft,Front,6,0.115000000,0.117500000,0.002500000
sand_rft,Front,7,0.118000000,0.338500000,0.220500000
sand_rft,Front,8,1.753000000,1.754000000,0.001000000
sand_rft,Front,9,1.755500000,1.758000000,0.002500000
sand_rft,Front,10,1.759000000,1.762000000,0.003000000
sand_rft,Front,11,1.762500000,1.773000000,0.010500000
sand_rft,Front,12,1.773500000,1.776500000,0.003000000
sand_rft,Front,13,1.778000000,1.780000000,0.002000000
sand_rft,Front,14,1.781500000,1.783500000,0.002000000
sand_rft,Front,15,1.785500000,1.787500000,0.002000000
sand_rft,Front,16,1.789500000,1.791000000,0.001500000
sand_rft,Front,17,1.793000000,1.795000000,0.002000000
sand_rft,Front,18,1.796500000,1.798500000,0.002000000
sand_rft,Front,19,1.800500000,1.802000000,0.001500000
sand_rft,Front,20,1.804000000,1.806000000,0.002000000
sand_rft,Front,21,1.808000000,1.809500000,0.001500000
sand_rft,Front,22,1.811500000,1.813500000,0.002000000
sand_rft,Front,23,1.815000000,1.817000000,0.002000000
sand_rft,Front,24,1.819000000,1.821000000,0.002000000
sand_rft,Front,25,1.822500000,1.824500000,0.002000000
sand_rft,Front,26,1.826000000,1.828000000,0.002000000
sand_rft,Front,27,1.830000000,1.832000000,0.002000000
sand_rft,Front,28,1.833500000,1.835500000,0.002000000
sand_rft,Front,29,1.837000000,1.839500000,0.002500000
sand_rft,Front,30,1.841000000,1.843000000,0.002000000
sand_rft,Front,31,1.844500000,1.846500000,0.002000000
sand_rft,Front,32,1.848500000,1.850500000,0.002000000
sand_rft,Front,33,1.852000000,1.854000000,0.002000000
sand_rft,Front,34,1.855500000,1.857500000,0.002000000
sand_rft,Front,35,1.859500000,1.861500000,0.002000000
sand_rft,Front,36,1.863000000,1.865000000,0.002000000
sand_rft,Front,37,1.866500000,1.869000000,0.002500000
sand_rft,Front,38,1.870000000,1.872500000,0.002500000
sand_rft,Front,39,1.873500000,1.876000000,0.002500000
sand_rft,Front,40,1.877500000,1.879500000,0.002000000
sand_rft,Front,41,1.881000000,1.883000000,0.002000000
sand_rft,Front,42,1.884500000,1.886500000,0.002000000
sand_rft,Front,43,1.888000000,1.890000000,0.002000000
sand_rft,Front,44,1.891500000,1.893500000,0.002000000
sand_rft,Front,45,1.895000000,1.897000000,0.002000000
sand_rft,Front,46,1.898500000,1.900500000,0.002000000
sand_rft,Front,47,1.902000000,1.904000000,0.002000000
sand_rft,Front,48,1.905500000,1.907500000,0.002000000
sand_rft,Front,49,1.909000000,1.911000000,0.002000000
sand_rft,Front,50,1.912500000,1.914500000,0.002000000
sand_rft,Front,51,1.916000000,1.918000000,0.002000000
sand_rft,Front,52,1.919500000,1.921500000,0.002000000
sand_rft,Front,53,1.923000000,1.925000000,0.002000000
sand_rft,Front,54,1.926500000,1.928500000,0.002000000
sand_rft,Front,55,1.930000000,1.932000000,0.002000000
sand_rft,Front,56,1.933500000,1.935500000,0.002000000
sand_rft,Front,57,1.937000000,1.939000000,0.002000000
sand_rft,Front,58,1.940500000,1.942500000,0.002000000
sand_rft,Front,59,1.944000000,1.946000000,0.002000000
sand_rft,Front,60,1.947500000,1.949500000,0.002000000
sand_rft,Front,61,1.951000000,1.953000000,0.002000000
sand_rft,Front,62,1.954500000,1.957000000,0.002500000
sand_rft,Front,63,1.958500000,1.961000000,0.002500000
sand_rft,Front,64,1.962000000,1.964500000,0.002500000
sand_rft,Front,65,1.966000000,1.968000000,0.002000000
sand_rft,Front,66,1.970000000,1.972000000,0.002000000
sand_rft,Front,67,1.973500000,1.975500000,0.002000000
sand_rft,Front,68,1.977500000,1.979500000,0.002000000
sand_rft,Front,69,1.981000000,1.983000000,0.002000000
sand_rft,Front,70,1.985000000,1.987000000,0.002000000
sand_rft,Front,71,1.988000000,1.990500000,0.002500000
sand_rft,Front,72,1.991500000,1.993500000,0.002000000
sand_rft,Front,73,1.995500000,1.997500000,0.002000000
sand_rft,Front,74,1.998500000,2.001000000,0.002500000
sand_rft,Front,75,2.002000000,2.004000000,0.002000000
sand_rft,Front,76,2.006000000,2.008000000,0.002000000
sand_rft,Front,77,2.009000000,2.011000000,0.002000000
sand_rft,Front,78,2.012500000,2.014500000,0.002000000
sand_rft,Front,79,2.016500000,2.018500000,0.002000000
sand_rft,Front,80,2.019500000,2.021500000,0.002000000
sand_rft,Front,81,2.023000000,2.025500000,0.002500000
sand_rft,Front,82,2.026500000,2.028500000,0.002000000
sand_rft,Front,83,2.030500000,2.032500000,0.002000000
sand_rft,Front,84,2.033500000,2.036000000,0.002500000
sand_rft,Front,85,2.037000000,2.039000000,0.002000000
sand_rft,Front,86,2.040500000,2.043000000,0.002500000
sand_rft,Front,87,2.044000000,2.046500000,0.002500000
sand_rft,Front,88,2.048500000,2.050500000,0.002000000
sand_rft,Front,89,2.051500000,2.054000000,0.002500000
sand_rft,Front,90,2.056000000,2.058000000,0.002000000
sand_rft,Front,91,2.059000000,2.061500000,0.002500000
sand_rft,Front,92,2.063500000,2.065500000,0.002000000
sand_rft,Front,93,2.066500000,2.069000000,0.002500000
sand_rft,Front,94,2.071000000,2.073500000,0.002500000
sand_rft,Front,95,2.074500000,2.077500000,0.003000000
sand_rft,Front,96,2.080000000,2.082000000,0.002000000
sand_rft,Front,97,2.083000000,2.086500000,0.003500000
sand_rft,Front,98,2.087500000,2.090500000,0.003000000
sand_rft,Front,99,2.092500000,2.095500000,0.003000000
sand_rft,Front,100,2.097500000,2.100500000,0.003000000
sand_rft,Front,101,2.102000000,2.105500000,0.003500000
sand_rft,Front,102,2.107000000,2.110500000,0.003500000
sand_rft,Front,103,2.111500000,2.112000000,0.000500000
sand_rft,Front,104,2.112500000,2.116000000,0.003500000
sand_rft,Front,105,2.117000000,2.117500000,0.000500000
sand_rft,Front,106,2.118000000,2.121500000,0.003500000
sand_rft,Front,107,2.122500000,2.123000000,0.000500000
sand_rft,Front,108,2.123500000,2.126500000,0.003000000
sand_rft,Front,109,2.128000000,2.131500000,0.003500000
sand_rft,Front,110,2.133000000,2.135500000,0.002500000
sand_rft,Front,111,2.137500000,2.140000000,0.002500000
sand_rft,Front,112,2.142000000,2.144500000,0.002500000
sand_rft,Front,113,2.146500000,2.149000000,0.002500000
sand_rft,Front,114,2.150500000,2.153500000,0.003000000
sand_rft,Front,115,2.155000000,2.158000000,0.003000000
sand_rft,Front,116,2.159000000,2.162000000,0.003000000
sand_rft,Front,117,2.163000000,2.166000000,0.003000000
sand_rft,Front,118,2.167000000,2.170000000,0.003000000
sand_rft,Front,119,2.171000000,2.174000000,0.003000000
sand_rft,Front,120,2.175000000,2.178000000,0.003000000
sand_rft,Front,121,2.178500000,2.182000000,0.003500000
sand_rft,Front,122,2.182500000,2.186000000,0.003500000
sand_rft,Front,123,2.186500000,2.190000000,0.003500000
sand_rft,Front,124,2.190500000,2.197000000,0.006500000
sand_rft,Front,125,2.197500000,2.769000000,0.571500000
sand_rft,Front,126,4.259500000,4.261500000,0.002000000
sand_rft,Front,127,4.262500000,4.265000000,0.002500000
sand_rft,Front,128,4.266000000,4.269000000,0.003000000
sand_rft,Front,129,4.270000000,4.273000000,0.003000000
sand_rft,Front,130,4.273500000,4.276500000,0.003000000
sand_rft,Front,131,4.277500000,4.284000000,0.006500000
sand_rft,Front,132,4.284500000,4.288000000,0.003500000
sand_rft,Front,133,4.288500000,4.291500000,0.003000000
sand_rft,Front,134,4.292500000,4.295000000,0.002500000
sand_rft,Front,135,4.296500000,4.298500000,0.002000000
sand_rft,Front,136,4.300500000,4.302500000,0.002000000
sand_rft,Front,137,4.304500000,4.306000000,0.001500000
sand_rft,Front,138,4.308000000,4.310000000,0.002000000
sand_rft,Front,139,4.312000000,4.313500000,0.001500000
sand_rft,Front,140,4.315500000,4.317500000,0.002000000
sand_rft,Front,141,4.319500000,4.321500000,0.002000000
sand_rft,Front,142,4.323500000,4.325500000,0.002000000
sand_rft,Front,143,4.327500000,4.329500000,0.002000000
sand_rft,Front,144,4.331000000,4.333000000,0.002000000
sand_rft,Front,145,4.334500000,4.336500000,0.002000000
sand_rft,Front,146,4.338000000,4.340000000,0.002000000
sand_rft,Front,147,4.341500000,4.343500000,0.002000000
sand_rft,Front,148,4.345000000,4.347000000,0.002000000
sand_rft,Front,149,4.348500000,4.350500000,0.002000000
sand_rft,Front,150,4.352000000,4.354000000,0.002000000
sand_rft,Front,151,4.355500000,4.357500000,0.002000000
sand_rft,Front,152,4.359000000,4.361000000,0.002000000
sand_rft,Front,153,4.363000000,4.365000000,0.002000000
sand_rft,Front,154,4.366500000,4.368500000,0.002000000
sand_rft,Front,155,4.370000000,4.372000000,0.002000000
sand_rft,Front,156,4.373500000,4.376000000,0.002500000
sand_rft,Front,157,4.377000000,4.379500000,0.002500000
sand_rft,Front,158,4.381000000,4.383500000,0.002500000
sand_rft,Front,159,4.384500000,4.386500000,0.002000000
sand_rft,Front,160,4.388000000,4.390000000,0.002000000
sand_rft,Front,161,4.391500000,4.393500000,0.002000000
sand_rft,Front,162,4.395000000,4.397000000,0.002000000
sand_rft,Front,163,4.398500000,4.400500000,0.002000000
sand_rft,Front,164,4.402000000,4.404000000,0.002000000
sand_rft,Front,165,4.405500000,4.407500000,0.002000000
sand_rft,Front,166,4.409000000,4.411000000,0.002000000
sand_rft,Front,167,4.412500000,4.414500000,0.002000000
sand_rft,Front,168,4.416000000,4.418000000,0.002000000
sand_rft,Front,169,4.419500000,4.422000000,0.002500000
sand_rft,Front,170,4.423000000,4.425000000,0.002000000
sand_rft,Front,171,4.427000000,4.429500000,0.002500000
sand_rft,Front,172,4.430500000,4.432500000,0.002000000
sand_rft,Front,173,4.434000000,4.436500000,0.002500000
sand_rft,Front,174,4.438000000,4.440500000,0.002500000
sand_rft,Front,175,4.441500000,4.444500000,0.003000000
sand_rft,Front,176,4.445500000,4.448000000,0.002500000
sand_rft,Front,177,4.449000000,4.451500000,0.002500000
sand_rft,Front,178,4.452500000,4.455500000,0.003000000
sand_rft,Front,179,4.456000000,4.469000000,0.013000000
sand_rft,Front,180,4.469500000,4.473000000,0.003500000
sand_rft,Front,181,4.473500000,4.476500000,0.003000000
sand_rft,Front,182,4.477500000,4.480500000,0.003000000
sand_rft,Front,183,4.481500000,4.484000000,0.002500000
sand_rft,Front,184,4.485000000,4.491500000,0.006500000
sand_rft,Front,185,4.492000000,4.502000000,0.010000000
sand_rft,Front,186,4.503000000,4.505500000,0.002500000
sand_rft,Front,187,4.506000000,4.509500000,0.003500000
sand_rft,Front,188,4.510000000,4.513000000,0.003000000
sand_rft,Front,189,4.514000000,4.516500000,0.002500000
sand_rft,Front,190,4.517000000,4.520000000,0.003000000
sand_rft,Front,191,4.520500000,4.524000000,0.003500000
sand_rft,Front,192,4.525000000,4.527500000,0.002500000
sand_rft,Front,193,4.528000000,4.531000000,0.003000000
sand_rft,Front,194,4.531500000,4.535000000,0.003500000
sand_rft,Front,195,4.535500000,4.538500000,0.003000000
sand_rft,Front,196,4.540000000,4.542000000,0.002000000
sand_rft,Front,197,4.543000000,4.546000000,0.003000000
sand_rft,Front,198,4.547000000,4.549000000,0.002000000
sand_rft,Front,199,4.550000000,4.552500000,0.002500000
sand_rft,Front,200,4.553500000,4.556500000,0.003000000
sand_rft,Front,201,4.558000000,4.560000000,0.002000000
sand_rft,Front,202,4.561000000,4.563500000,0.002500000
sand_rft,Front,203,4.564500000,4.567000000,0.002500000
sand_rft,Front,204,4.568500000,4.570500000,0.002000000
sand_rft,Front,205,4.571000000,4.574000000,0.003000000
sand_rft,Front,206,4.575000000,4.577500000,0.002500000
sand_rft,Front,207,4.578500000,4.581000000,0.002500000
sand_rft,Front,208,4.582000000,4.584500000,0.002500000
sand_rft,Front,209,4.585500000,4.588000000,0.002500000
sand_rft,Front,210,4.589000000,4.591500000,0.002500000
sand_rft,Front,211,4.592500000,4.595000000,0.002500000
sand_rft,Front,212,4.596000000,4.598500000,0.002500000
sand_rft,Front,213,4.599500000,4.602000000,0.002500000
sand_rft,Front,214,4.603000000,4.605500000,0.002500000
sand_rft,Front,215,4.606500000,4.609000000,0.002500000
sand_rft,Front,216,4.610000000,4.612500000,0.002500000
sand_rft,Front,217,4.613500000,4.616000000,0.002500000
sand_rft,Front,218,4.617000000,5.299000000,0.682000000
sand_rft,FR,0,0.068500000,0.070000000,0.001500000
sand_rft,FR,1,2.579000000,4.765000000,2.186000000
sand_rft,FR,2,4.766500000,4.769000000,0.002500000
sand_rft,FR,3,4.771000000,4.773500000,0.002500000
sand_rft,FR,4,4.775500000,4.778000000,0.002500000
sand_rft,FR,5,4.780000000,4.782500000,0.002500000
sand_rft,FR,6,4.784500000,4.785000000,0.000500000
sand_rft,FL,0,0.068000000,0.070000000,0.002000000
sand_rft,FL,1,0.182500000,2.306500000,2.124000000
sand_rft,FL,2,2.309000000,2.310500000,0.001500000
sand_rft,FL,3,2.313500000,2.315000000,0.001500000
sand_rft,FL,4,2.318000000,2.319500000,0.001500000
sand_rft,FL,5,2.322500000,2.324000000,0.001500000
sand_rft,FL,6,2.327000000,2.328500000,0.001500000
sand_rft,FL,7,2.331500000,2.333000000,0.001500000
sand_rft,FL,8,2.336000000,2.336500000,0.000500000
sand_rft,FL,9,5.079500000,6.000500000,0.921000000
sand_rft,Back,0,0.062000000,0.077500000,0.015500000
sand_rft,Back,1,0.086500000,0.087500000,0.001000000
sand_rft,Back,2,0.090500000,0.091500000,0.001000000
sand_rft,Back,3,0.095000000,0.096000000,0.001000000
sand_rft,Back,4,0.098500000,0.099500000,0.001000000
sand_rft,Back,5,0.103500000,0.104500000,0.001000000
sand_rft,Back,6,0.107500000,0.108000000,0.000500000
sand_rft,Back,7,0.111000000,0.111500000,0.000500000
sand_rft,Back,8,0.114000000,0.115000000,0.001000000
sand_rft,Back,9,0.117500000,0.119000000,0.001500000
sand_rft,Back,10,0.120500000,0.123000000,0.002500000
sand_rft,Back,11,0.124000000,0.155500000,0.031500000
sand_rft,Back,12,0.158500000,0.403000000,0.244500000
sand_rft,Back,13,0.403500000,0.406500000,0.003000000
sand_rft,Back,14,0.407500000,0.410500000,0.003000000
sand_rft,Back,15,0.411000000,0.414500000,0.003500000
sand_rft,Back,16,0.415000000,0.445500000,0.030500000
sand_rft,Back,17,0.446000000,0.449500000,0.003500000
sand_rft,Back,18,0.450000000,0.453500000,0.003500000
sand_rft,Back,19,0.454000000,0.457000000,0.003000000
sand_rft,Back,20,0.458000000,0.461000000,0.003000000
sand_rft,Back,21,0.461500000,0.464500000,0.003000000
sand_rft,Back,22,0.465500000,0.468500000,0.003000000
sand_rft,Back,23,0.469500000,0.472000000,0.002500000
sand_rft,Back,24,0.473000000,0.476000000,0.003000000
sand_rft,Back,25,0.477000000,0.480000000,0.003000000
sand_rft,Back,26,0.481000000,0.483500000,0.002500000
sand_rft,Back,27,0.484500000,0.487500000,0.003000000
sand_rft,Back,28,0.488500000,0.491000000,0.002500000
sand_rft,Back,29,0.492500000,0.495000000,0.002500000
sand_rft,Back,30,0.496000000,0.499000000,0.003000000
sand_rft,Back,31,0.500000000,0.502500000,0.002500000
sand_rft,Back,32,0.504000000,0.506500000,0.002500000
sand_rft,Back,33,0.507500000,0.510500000,0.003000000
sand_rft,Back,34,0.511500000,0.514000000,0.002500000
sand_rft,Back,35,0.515500000,0.518000000,0.002500000
sand_rft,Back,36,0.519500000,0.521500000,0.002000000
sand_rft,Back,37,0.523500000,0.525000000,0.001500000
sand_rft,Back,38,0.527500000,0.529000000,0.001500000
sand_rft,Back,39,0.531500000,0.533000000,0.001500000
sand_rft,Back,40,0.535000000,0.537000000,0.002000000
sand_rft,Back,41,0.539000000,0.540500000,0.001500000
sand_rft,Back,42,0.543000000,0.544500000,0.001500000
sand_rft,Back,43,0.547000000,0.548500000,0.001500000
sand_rft,Back,44,0.551000000,0.552000000,0.001000000
sand_rft,Back,45,0.554500000,0.556000000,0.001500000
sand_rft,Back,46,0.558500000,0.559500000,0.001000000
sand_rft,Back,47,0.562500000,0.563500000,0.001000000
sand_rft,Back,48,1.973000000,1.974000000,0.001000000
sand_rft,Back,49,1.976500000,1.977500000,0.001000000
sand_rft,Back,50,1.978500000,1.981500000,0.003000000
sand_rft,Back,51,1.982500000,1.985000000,0.002500000
sand_rft,Back,52,1.985500000,1.992000000,0.006500000
sand_rft,Back,53,1.993000000,1.995500000,0.002500000
sand_rft,Back,54,1.996000000,2.002500000,0.006500000
sand_rft,Back,55,2.003000000,2.006000000,0.003000000
sand_rft,Back,56,2.006500000,2.013000000,0.006500000
sand_rft,Back,57,2.014000000,2.016500000,0.002500000
sand_rft,Back,58,2.017000000,2.023500000,0.006500000
sand_rft,Back,59,2.024000000,2.030500000,0.006500000
sand_rft,Back,60,2.031000000,2.041000000,0.010000000
sand_rft,Back,61,2.041500000,2.048500000,0.007000000
sand_rft,Back,62,2.049000000,2.076000000,0.027000000
sand_rft,Back,63,2.076500000,2.091000000,0.014500000
sand_rft,Back,64,2.091500000,2.095000000,0.003500000
sand_rft,Back,65,2.096500000,2.098500000,0.002000000
sand_rft,Back,66,2.099000000,2.105500000,0.006500000
sand_rft,Back,67,2.106500000,2.111000000,0.004500000
sand_rft,Back,68,2.112000000,2.116500000,0.004500000
sand_rft,Back,69,2.117500000,2.122000000,0.004500000
sand_rft,Back,70,2.123000000,2.127500000,0.004500000
sand_rft,Back,71,2.128500000,2.132500000,0.004000000
sand_rft,Back,72,2.133500000,2.137000000,0.003500000
sand_rft,Back,73,2.138000000,2.141500000,0.003500000
sand_rft,Back,74,2.143000000,2.146000000,0.003000000
sand_rft,Back,75,2.147000000,2.150500000,0.003500000
sand_rft,Back,76,2.151500000,2.155000000,0.003500000
sand_rft,Back,77,2.156000000,2.159500000,0.003500000
sand_rft,Back,78,2.160000000,2.163500000,0.003500000
sand_rft,Back,79,2.164500000,2.167000000,0.002500000
sand_rft,Back,80,2.168000000,2.171500000,0.003500000
sand_rft,Back,81,2.172000000,2.175000000,0.003000000
sand_rft,Back,82,2.176000000,2.179500000,0.003500000
sand_rft,Back,83,2.180000000,2.183000000,0.003000000
sand_rft,Back,84,2.184500000,2.187000000,0.002500000
sand_rft,Back,85,2.188500000,2.191500000,0.003000000
sand_rft,Back,86,2.192000000,2.195500000,0.003500000
sand_rft,Back,87,2.196500000,2.199000000,0.002500000
sand_rft,Back,88,2.200000000,2.202500000,0.002500000
sand_rft,Back,89,2.203000000,2.206000000,0.003000000
sand_rft,Back,90,2.207000000,2.209500000,0.002500000
sand_rft,Back,91,2.210000000,2.213000000,0.003000000
sand_rft,Back,92,2.214000000,2.216500000,0.002500000
sand_rft,Back,93,2.217000000,2.220000000,0.003000000
sand_rft,Back,94,2.221000000,2.223500000,0.002500000
sand_rft,Back,95,2.224000000,2.227000000,0.003000000
sand_rft,Back,96,2.227500000,2.230500000,0.003000000
sand_rft,Back,97,2.231000000,2.234000000,0.003000000
sand_rft,Back,98,2.234500000,2.237500000,0.003000000
sand_rft,Back,99,2.238000000,2.241000000,0.003000000
sand_rft,Back,100,2.241500000,2.244500000,0.003000000
sand_rft,Back,101,2.245000000,2.248000000,0.003000000
sand_rft,Back,102,2.248500000,2.251500000,0.003000000
sand_rft,Back,103,2.252000000,2.255000000,0.003000000
sand_rft,Back,104,2.255500000,2.258500000,0.003000000
sand_rft,Back,105,2.259000000,2.262000000,0.003000000
sand_rft,Back,106,2.262500000,2.265500000,0.003000000
sand_rft,Back,107,2.266000000,2.269000000,0.003000000
sand_rft,Back,108,2.269500000,2.272500000,0.003000000
sand_rft,Back,109,2.273000000,2.276000000,0.003000000
sand_rft,Back,110,2.276500000,2.279500000,0.003000000
sand_rft,Back,111,2.280000000,2.283000000,0.003000000
sand_rft,Back,112,2.283500000,2.286500000,0.003000000
sand_rft,Back,113,2.287000000,2.290000000,0.003000000
sand_rft,Back,114,2.290500000,2.293500000,0.003000000
sand_rft,Back,115,2.294000000,2.297000000,0.003000000
sand_rft,Back,116,2.297500000,2.300500000,0.003000000
sand_rft,Back,117,2.301000000,2.304000000,0.003000000
sand_rft,Back,118,2.304500000,2.307500000,0.003000000
sand_rft,Back,119,2.308500000,2.311500000,0.003000000
sand_rft,Back,120,2.312500000,2.316000000,0.003500000
sand_rft,Back,121,2.317000000,2.320000000,0.003000000
sand_rft,Back,122,2.321500000,2.324500000,0.003000000
sand_rft,Back,123,2.326000000,2.329000000,0.003000000
sand_rft,Back,124,2.330500000,2.333500000,0.003000000
sand_rft,Back,125,2.335000000,2.338000000,0.003000000
sand_rft,Back,126,2.339500000,2.342500000,0.003000000
sand_rft,Back,127,2.344000000,2.347000000,0.003000000
sand_rft,Back,128,2.348500000,2.351500000,0.003000000
sand_rft,Back,129,2.353000000,2.356000000,0.003000000
sand_rft,Back,130,2.357500000,2.360500000,0.003000000
sand_rft,Back,131,2.362000000,2.365000000,0.003000000
sand_rft,Back,132,2.366500000,2.369500000,0.003000000
sand_rft,Back,133,2.370500000,2.374000000,0.003500000
sand_rft,Back,134,2.375000000,2.378500000,0.003500000
sand_rft,Back,135,2.379500000,2.383000000,0.003500000
sand_rft,Back,136,2.384000000,2.387500000,0.003500000
sand_rft,Back,137,2.388500000,2.392000000,0.003500000
sand_rft,Back,138,2.393000000,2.396500000,0.003500000
sand_rft,Back,139,2.397500000,2.400500000,0.003000000
sand_rft,Back,140,2.401000000,2.404000000,0.003000000
sand_rft,Back,141,2.404500000,2.410500000,0.006000000
sand_rft,Back,142,2.411000000,2.414000000,0.003000000
sand_rft,Back,143,2.415500000,2.418500000,0.003000000
sand_rft,Back,144,2.419000000,2.422000000,0.003000000
sand_rft,Back,145,2.422500000,2.425500000,0.003000000
sand_rft,Back,146,2.426000000,2.429000000,0.003000000
sand_rft,Back,147,2.429500000,2.432500000,0.003000000
sand_rft,Back,148,2.434000000,2.437000000,0.003000000
sand_rft,Back,149,2.438000000,2.441000000,0.003000000
sand_rft,Back,150,2.441500000,2.447500000,0.006000000
sand_rft,Back,151,2.448000000,2.451000000,0.003000000
sand_rft,Back,152,2.452500000,2.455500000,0.003000000
sand_rft,Back,153,2.456000000,2.459000000,0.003000000
sand_rft,Back,154,2.459500000,2.466000000,0.006500000
sand_rft,Back,155,2.466500000,2.470000000,0.003500000
sand_rft,Back,156,2.471000000,2.474000000,0.003000000
sand_rft,Back,157,2.474500000,2.484000000,0.009500000
sand_rft,Back,158,2.485000000,2.488500000,0.003500000
sand_rft,Back,159,2.489000000,2.492500000,0.003500000
sand_rft,Back,160,2.493000000,2.503000000,0.010000000
sand_rft,Back,161,2.503500000,2.507000000,0.003500000
sand_rft,Back,162,2.507500000,2.517500000,0.010000000
sand_rft,Back,163,2.518000000,2.521500000,0.003500000
sand_rft,Back,164,2.522000000,2.525500000,0.003500000
sand_rft,Back,165,2.526000000,2.536000000,0.010000000
sand_rft,Back,166,2.536500000,2.540000000,0.003500000
sand_rft,Back,167,2.540500000,2.550500000,0.010000000
sand_rft,Back,168,2.551000000,2.554500000,0.003500000
sand_rft,Back,169,2.555000000,2.950000000,0.395000000
sand_rft,Back,170,2.951000000,2.954000000,0.003000000
sand_rft,Back,171,2.954500000,2.957500000,0.003000000
sand_rft,Back,172,2.958500000,2.961500000,0.003000000
sand_rft,Back,173,2.962000000,2.965000000,0.003000000
sand_rft,Back,174,2.966000000,2.969000000,0.003000000
sand_rft,Back,175,2.969500000,2.972500000,0.003000000
sand_rft,Back,176,2.973500000,2.976500000,0.003000000
sand_rft,Back,177,2.977000000,2.980000000,0.003000000
sand_rft,Back,178,2.981000000,2.984000000,0.003000000
sand_rft,Back,179,2.985000000,2.988000000,0.003000000
sand_rft,Back,180,2.988500000,2.991500000,0.003000000
sand_rft,Back,181,2.992500000,2.995000000,0.002500000
sand_rft,Back,182,2.996500000,2.999000000,0.002500000
sand_rft,Back,183,3.000000000,3.003000000,0.003000000
sand_rft,Back,184,3.004000000,3.006500000,0.002500000
sand_rft,Back,185,3.008000000,3.010500000,0.002500000
sand_rft,Back,186,3.012000000,3.014500000,0.002500000
sand_rft,Back,187,3.015500000,3.018000000,0.002500000
sand_rft,Back,188,3.019500000,3.022000000,0.002500000
sand_rft,Back,189,3.023500000,3.026000000,0.002500000
sand_rft,Back,190,3.027500000,3.029500000,0.002000000
sand_rft,Back,191,3.031500000,3.033500000,0.002000000
sand_rft,Back,192,3.035500000,3.037500000,0.002000000
sand_rft,Back,193,4.546000000,4.554500000,0.008500000
sand_rft,Back,194,4.555000000,4.558000000,0.003000000
sand_rft,Back,195,4.559000000,4.639000000,0.080000000
sand_rft,Back,196,4.640000000,4.644000000,0.004000000
sand_rft,Back,197,4.645000000,4.648500000,0.003500000
sand_rft,Back,198,4.649500000,4.653500000,0.004000000
sand_rft,Back,199,4.654500000,4.658500000,0.004000000
sand_rft,Back,200,4.659000000,4.664500000,0.005500000
sand_rft,Back,201,4.665000000,4.668000000,0.003000000
sand_rft,Back,202,4.668500000,4.674500000,0.006000000
sand_rft,Back,203,4.675500000,4.678000000,0.002500000
sand_rft,Back,204,4.679000000,4.683500000,0.004500000
sand_rft,Back,205,4.684500000,4.687500000,0.003000000
sand_rft,Back,206,4.689000000,4.691500000,0.002500000
sand_rft,Back,207,4.692000000,4.697000000,0.005000000
sand_rft,Back,208,4.698000000,4.701000000,0.003000000
sand_rft,Back,209,4.702500000,4.705000000,0.002500000
sand_rft,Back,210,4.706000000,4.710000000,0.004000000
sand_rft,Back,211,4.711000000,4.714000000,0.003000000
sand_rft,Back,212,4.715000000,4.717500000,0.002500000
sand_rft,Back,213,4.718000000,4.720500000,0.002500000
sand_rft,Back,214,4.721500000,4.724000000,0.002500000
sand_rft,Back,215,4.724500000,4.728500000,0.004000000
sand_rft,Back,216,4.729500000,4.732000000,0.002500000
sand_rft,Back,217,4.733000000,4.738500000,0.005500000
sand_rft,Back,218,4.739500000,4.742500000,0.003000000
sand_rft,Back,219,4.744000000,4.747500000,0.003500000
sand_rft,Back,220,4.748500000,4.752000000,0.003500000
sand_rft,Back,221,4.753500000,4.756500000,0.003000000
sand_rft,Back,222,4.758000000,4.761000000,0.003000000
sand_rft,Back,223,4.762500000,4.765500000,0.003000000
sand_rft,Back,224,4.767000000,4.770000000,0.003000000
sand_rft,Back,225,4.771000000,4.774500000,0.003500000
sand_rft,Back,226,4.775500000,4.779000000,0.003500000
sand_rft,Back,227,4.780000000,4.783500000,0.003500000
sand_rft,Back,228,4.784500000,4.788000000,0.003500000
sand_rft,Back,229,4.789000000,4.792500000,0.003500000
sand_rft,Back,230,4.793500000,4.797000000,0.003500000
sand_rft,Back,231,4.798000000,4.801500000,0.003500000
sand_rft,Back,232,4.802500000,4.806000000,0.003500000
sand_rft,Back,233,4.807000000,4.810500000,0.003500000
sand_rft,Back,234,4.811500000,4.815000000,0.003500000
sand_rft,Back,235,4.816000000,4.819500000,0.003500000
sand_rft,Back,236,4.820500000,4.824000000,0.003500000
sand_rft,Back,237,4.825000000,4.828500000,0.003500000
sand_rft,Back,238,4.829500000,4.833000000,0.003500000
sand_rft,Back,239,4.834000000,4.837500000,0.003500000
sand_rft,Back,240,4.838500000,4.842000000,0.003500000
sand_rft,Back,241,4.843000000,4.846500000,0.003500000
sand_rft,Back,242,4.847500000,4.851000000,0.003500000
sand_rft,Back,243,4.852000000,4.855500000,0.003500000
sand_rft,Back,244,4.856500000,4.860000000,0.003500000
sand_rft,Back,245,4.861000000,4.864500000,0.003500000
sand_rft,Back,246,4.865000000,4.868500000,0.003500000
sand_rft,Back,247,4.869000000,4.872500000,0.003500000
sand_rft,Back,248,4.873000000,4.879500000,0.006500000
sand_rft,Back,249,4.880000000,4.883500000,0.003500000
sand_rft,Back,250,4.884000000,4.887500000,0.003500000
sand_rft,Back,251,4.888000000,4.891500000,0.003500000
sand_rft,Back,252,4.892000000,4.898500000,0.006500000
sand_rft,Back,253,4.899000000,4.902500000,0.003500000
sand_rft,Back,254,4.903000000,4.906500000,0.003500000
sand_rft,Back,255,4.907000000,4.920500000,0.013500000
sand_rft,Back,256,4.921000000,4.925000000,0.004000000
sand_rft,Back,257,4.925500000,4.929000000,0.003500000
sand_rft,Back,258,4.929500000,4.933000000,0.003500000
sand_rft,Back,259,4.933500000,4.947500000,0.014000000
sand_rft,Back,260,4.948000000,4.952000000,0.004000000
sand_rft,Back,261,4.952500000,4.956500000,0.004000000
sand_rft,Back,262,4.957000000,4.960500000,0.003500000
sand_rft,Back,263,4.961000000,4.964500000,0.003500000
sand_rft,Back,264,4.965000000,4.968500000,0.003500000
sand_rft,Back,265,4.969000000,4.976500000,0.007500000
sand_rft,Back,266,4.977000000,5.221500000,0.244500000
sand_rft,Back,267,5.222000000,5.225500000,0.003500000
sand_rft,Back,268,5.226000000,5.229000000,0.003000000
sand_rft,Back,269,5.229500000,5.232500000,0.003000000
sand_rft,Back,270,5.233000000,5.236500000,0.003500000
sand_rft,Back,271,5.237000000,5.240000000,0.003000000
sand_rft,Back,272,5.240500000,5.243500000,0.003000000
sand_rft,Back,273,5.244000000,5.251000000,0.007000000
sand_rft,Back,274,5.251500000,5.254500000,0.003000000
sand_rft,Back,275,5.255000000,5.262000000,0.007000000
sand_rft,Back,276,5.262500000,5.420500000,0.158000000
sand_rft,Back,277,5.421000000,5.424000000,0.003000000
sand_rft,Back,278,5.425000000,5.428000000,0.003000000
sand_rft,Back,279,5.428500000,5.431500000,0.003000000
sand_rft,Back,280,5.432500000,5.435500000,0.003000000
sand_rft,Back,281,5.436000000,5.439000000,0.003000000
sand_rft,Back,282,5.440000000,5.442500000,0.002500000
sand_rft,Back,283,5.443500000,5.446500000,0.003000000
sand_rft,Back,284,5.447500000,5.450000000,0.002500000
sand_rft,Back,285,5.451000000,5.454000000,0.003000000
sand_rft,Back,286,5.455000000,5.457500000,0.002500000
sand_rft,Back,287,5.458500000,5.461000000,0.002500000
sand_rft,Back,288,5.462000000,5.465000000,0.003000000
sand_rft,Back,289,5.466000000,5.468500000,0.002500000
sand_rft,Back,290,5.469500000,5.472500000,0.003000000
sand_rft,Back,291,5.473500000,5.476000000,0.002500000
sand_rft,Back,292,5.477000000,5.479500000,0.002500000
sand_rft,Back,293,5.481000000,5.483500000,0.002500000
sand_rft,Back,294,5.484500000,5.487500000,0.003000000
sand_rft,Back,295,5.488500000,5.491000000,0.002500000
sand_rft,Back,296,5.492000000,5.494500000,0.002500000
sand_rft,Back,297,5.496000000,5.498500000,0.002500000
sand_rft,Back,298,5.499500000,5.502500000,0.003000000
sand_rft,Back,299,5.504000000,5.505500000,0.001500000
sand_rft,Back,300,5.507500000,5.509500000,0.002000000
sand_rft,Back,301,5.511500000,5.513000000,0.001500000
sand_rft,Back,302,5.515000000,5.517000000,0.002000000
sand_rft,Back,303,5.519000000,5.520500000,0.001500000
sand_rft,Back,304,5.523000000,5.524500000,0.001500000
sand_rft,Back,305,5.526500000,5.528000000,0.001500000
sand_rft,Back,306,5.530500000,5.532000000,0.001500000
sand_rft,Back,307,5.534500000,5.536000000,0.001500000
sand_rft,Back,308,5.538500000,5.540000000,0.001500000
sand_rft,Back,309,5.542500000,5.543500000,0.001000000
sand_rft,Back,310,5.546000000,5.547000000,0.001000000
sand_rft,Back,311,5.550000000,5.551000000,0.001000000
sand_rft,Back,312,5.554000000,5.555000000,0.001000000
sand_rft,HR,0,0.169000000,2.379000000,2.210000000
sand_rft,HR,1,2.380000000,2.382000000,0.002000000
sand_rft,HR,2,2.929500000,3.017000000,0.087500000
sand_rft,HR,3,3.017500000,3.020500000,0.003000000
sand_rft,HR,4,3.021500000,3.024500000,0.003000000
sand_rft,HR,5,3.025500000,3.028000000,0.002500000
sand_rft,HR,6,3.029500000,3.032000000,0.002500000
sand_rft,HR,7,3.033500000,3.036000000,0.002500000
sand_rft,HR,8,3.037500000,3.040000000,0.002500000
sand_rft,HR,9,3.041500000,3.044000000,0.002500000
sand_rft,HR,10,3.045500000,3.047500000,0.002000000
sand_rft,HR,11,5.119500000,6.000500000,0.881000000
sand_rft,HL,0,0.385000000,0.570500000,0.185500000
sand_rft,HL,1,0.571000000,0.574500000,0.003500000
sand_rft,HL,2,0.575000000,0.578000000,0.003000000
sand_rft,HL,3,0.579500000,0.581500000,0.002000000
sand_rft,HL,4,0.583000000,0.585000000,0.002000000
sand_rft,HL,5,0.587000000,0.589000000,0.002000000
sand_rft,HL,6,0.591000000,0.593000000,0.002000000
sand_rft,HL,7,2.620500000,4.879000000,2.258500000
sand_rft,HL,8,4.879500000,4.880000000,0.000500000
sand_rft,HL,9,4.884000000,4.884500000,0.000500000
sand_rft,HL,10,5.384500000,5.554000000,0.169500000
sand_rft,HL,11,5.555500000,5.558000000,0.002500000
sand_rft,HL,12,5.559500000,5.562000000,0.002500000
sand_rft,HL,13,5.563500000,5.566000000,0.002500000
sand_rft,HL,14,5.567500000,5.570000000,0.002500000
sand_rft,HL,15,5.571500000,5.573500000,0.002000000
sand_rft,Tail,0,0.060000000,0.092000000,0.032000000
sand_rft,Tail,1,0.094500000,0.096000000,0.001500000
sand_rft,Tail,2,0.098500000,0.099500000,0.001000000
sand_rft,Tail,3,0.103500000,0.104500000,0.001000000
sand_rft,Tail,4,0.106500000,0.108000000,0.001500000
sand_rft,Tail,5,0.110500000,0.112000000,0.001500000
sand_rft,Tail,6,0.113500000,0.115500000,0.002000000
sand_rft,Tail,7,0.117000000,0.119500000,0.002500000
sand_rft,Tail,8,0.120000000,0.345500000,0.225500000
sand_rft,Tail,9,0.346500000,0.349500000,0.003000000
sand_rft,Tail,10,0.350500000,0.353500000,0.003000000
sand_rft,Tail,11,0.354000000,1.237000000,0.883000000
sand_rft,Tail,12,1.237500000,1.241000000,0.003500000
sand_rft,Tail,13,1.241500000,1.244500000,0.003000000
sand_rft,Tail,14,1.245000000,1.248500000,0.003500000
sand_rft,Tail,15,1.249000000,1.252000000,0.003000000
sand_rft,Tail,16,1.252500000,1.256000000,0.003500000
sand_rft,Tail,17,1.256500000,1.259500000,0.003000000
sand_rft,Tail,18,1.260000000,1.263500000,0.003500000
sand_rft,Tail,19,1.264000000,1.267000000,0.003000000
sand_rft,Tail,20,1.267500000,1.271000000,0.003500000
sand_rft,Tail,21,1.271500000,1.274500000,0.003000000
sand_rft,Tail,22,1.275000000,1.278500000,0.003500000
sand_rft,Tail,23,1.279000000,1.282000000,0.003000000
sand_rft,Tail,24,1.282500000,1.286000000,0.003500000
sand_rft,Tail,25,1.286500000,1.289500000,0.003000000
sand_rft,Tail,26,1.290000000,1.293500000,0.003500000
sand_rft,Tail,27,1.294000000,1.297000000,0.003000000
sand_rft,Tail,28,1.297500000,1.301000000,0.003500000
sand_rft,Tail,29,1.301500000,1.304500000,0.003000000
sand_rft,Tail,30,1.305000000,1.308500000,0.003500000
sand_rft,Tail,31,1.309000000,1.312000000,0.003000000
sand_rft,Tail,32,1.312500000,1.316000000,0.003500000
sand_rft,Tail,33,1.316500000,1.319500000,0.003000000
sand_rft,Tail,34,1.320000000,1.323500000,0.003500000
sand_rft,Tail,35,1.324000000,1.327000000,0.003000000
sand_rft,Tail,36,1.327500000,1.331000000,0.003500000
sand_rft,Tail,37,1.331500000,1.334500000,0.003000000
sand_rft,Tail,38,1.335000000,1.338500000,0.003500000
sand_rft,Tail,39,1.339000000,1.342000000,0.003000000
sand_rft,Tail,40,1.342500000,1.346000000,0.003500000
sand_rft,Tail,41,1.346500000,1.349500000,0.003000000
sand_rft,Tail,42,1.350000000,1.353500000,0.003500000
sand_rft,Tail,43,1.354000000,1.357000000,0.003000000
sand_rft,Tail,44,1.357500000,1.361000000,0.003500000
sand_rft,Tail,45,1.361500000,1.364500000,0.003000000
sand_rft,Tail,46,1.365000000,1.368500000,0.003500000
sand_rft,Tail,47,1.369000000,1.372000000,0.003000000
sand_rft,Tail,48,1.372500000,1.376000000,0.003500000
sand_rft,Tail,49,1.376500000,1.379500000,0.003000000
sand_rft,Tail,50,1.380000000,1.383500000,0.003500000
sand_rft,Tail,51,1.384000000,1.387000000,0.003000000
sand_rft,Tail,52,1.387500000,1.391000000,0.003500000
sand_rft,Tail,53,1.391500000,1.394500000,0.003000000
sand_rft,Tail,54,1.395000000,1.398500000,0.003500000
sand_rft,Tail,55,1.399000000,1.402000000,0.003000000
sand_rft,Tail,56,1.403000000,1.406000000,0.003000000
sand_rft,Tail,57,1.406500000,1.409500000,0.003000000
sand_rft,Tail,58,1.410500000,1.413500000,0.003000000
sand_rft,Tail,59,1.414000000,1.417000000,0.003000000
sand_rft,Tail,60,1.418000000,1.421000000,0.003000000
sand_rft,Tail,61,1.421500000,1.424500000,0.003000000
sand_rft,Tail,62,1.425500000,1.428500000,0.003000000
sand_rft,Tail,63,1.429000000,1.432000000,0.003000000
sand_rft,Tail,64,1.433000000,1.436000000,0.003000000
sand_rft,Tail,65,1.436500000,1.439500000,0.003000000
sand_rft,Tail,66,1.440500000,1.443500000,0.003000000
sand_rft,Tail,67,1.444500000,1.447000000,0.002500000
sand_rft,Tail,68,1.448000000,1.451000000,0.003000000
sand_rft,Tail,69,1.452000000,1.454500000,0.002500000
sand_rft,Tail,70,1.455500000,1.458000000,0.002500000
sand_rft,Tail,71,1.459500000,1.462000000,0.002500000
sand_rft,Tail,72,1.463000000,1.465500000,0.002500000
sand_rft,Tail,73,1.467000000,1.469500000,0.002500000
sand_rft,Tail,74,1.470500000,1.473000000,0.002500000
sand_rft,Tail,75,1.474500000,1.477000000,0.002500000
sand_rft,Tail,76,1.478000000,1.480500000,0.002500000
sand_rft,Tail,77,1.482000000,1.484500000,0.002500000
sand_rft,Tail,78,1.485500000,1.488000000,0.002500000
sand_rft,Tail,79,1.489500000,1.492000000,0.002500000
sand_rft,Tail,80,1.493000000,1.495500000,0.002500000
sand_rft,Tail,81,1.497000000,1.499500000,0.002500000
sand_rft,Tail,82,1.500500000,1.503000000,0.002500000
sand_rft,Tail,83,1.504500000,1.506500000,0.002000000
sand_rft,Tail,84,1.508000000,1.510500000,0.002500000
sand_rft,Tail,85,1.512000000,1.514500000,0.002500000
sand_rft,Tail,86,1.515500000,1.518000000,0.002500000
sand_rft,Tail,87,1.519500000,1.521500000,0.002000000
sand_rft,Tail,88,1.523000000,1.525500000,0.002500000
sand_rft,Tail,89,1.527000000,1.529000000,0.002000000
sand_rft,Tail,90,1.530500000,1.533000000,0.002500000
sand_rft,Tail,91,1.534500000,1.536500000,0.002000000
sand_rft,Tail,92,1.538000000,1.540500000,0.002500000
sand_rft,Tail,93,1.542000000,1.544000000,0.002000000
sand_rft,Tail,94,1.545500000,1.548000000,0.002500000
sand_rft,Tail,95,1.549500000,1.551500000,0.002000000
sand_rft,Tail,96,1.553000000,1.555500000,0.002500000
sand_rft,Tail,97,1.557000000,1.559000000,0.002000000
sand_rft,Tail,98,1.560500000,1.563000000,0.002500000
sand_rft,Tail,99,1.564500000,1.566500000,0.002000000
sand_rft,Tail,100,1.568500000,1.570500000,0.002000000
sand_rft,Tail,101,1.572000000,1.574000000,0.002000000
sand_rft,Tail,102,1.576000000,1.577500000,0.001500000
sand_rft,Tail,103,1.579500000,1.581500000,0.002000000
sand_rft,Tail,104,1.583500000,1.585000000,0.001500000
sand_rft,Tail,105,1.587000000,1.589000000,0.002000000
sand_rft,Tail,106,1.591000000,1.593000000,0.002000000
sand_rft,Tail,107,1.594500000,1.596500000,0.002000000
sand_rft,Tail,108,1.598500000,1.600000000,0.001500000
sand_rft,Tail,109,1.602000000,1.604000000,0.002000000
sand_rft,Tail,110,1.606000000,1.607500000,0.001500000
sand_rft,Tail,111,1.609500000,1.611500000,0.002000000
sand_rft,Tail,112,1.613500000,1.615500000,0.002000000
sand_rft,Tail,113,1.617500000,1.619000000,0.001500000
sand_rft,Tail,114,1.621000000,1.622500000,0.001500000
sand_rft,Tail,115,1.625000000,1.626500000,0.001500000
sand_rft,Tail,116,1.628500000,1.630000000,0.001500000
sand_rft,Tail,117,1.632500000,1.634000000,0.001500000
sand_rft,Tail,118,1.636500000,1.637500000,0.001000000
sand_rft,Tail,119,1.640500000,1.641500000,0.001000000
sand_rft,Tail,120,1.844500000,1.854500000,0.010000000
sand_rft,Tail,121,1.855000000,1.858000000,0.003000000
sand_rft,Tail,122,1.859000000,1.861500000,0.002500000
sand_rft,Tail,123,1.863000000,1.865000000,0.002000000
sand_rft,Tail,124,1.866500000,1.868500000,0.002000000
sand_rft,Tail,125,1.870500000,1.872000000,0.001500000
sand_rft,Tail,126,1.874000000,1.875500000,0.001500000
sand_rft,Tail,127,1.877500000,1.879500000,0.002000000
sand_rft,Tail,128,1.881000000,1.883000000,0.002000000
sand_rft,Tail,129,1.884000000,1.886500000,0.002500000
sand_rft,Tail,130,1.887500000,1.890500000,0.003000000
sand_rft,Tail,131,1.891000000,1.894000000,0.003000000
sand_rft,Tail,132,1.894500000,1.897500000,0.003000000
sand_rft,Tail,133,1.898000000,1.900500000,0.002500000
sand_rft,Tail,134,1.901500000,1.904000000,0.002500000
sand_rft,Tail,135,1.905500000,1.907500000,0.002000000
sand_rft,Tail,136,1.909000000,1.911000000,0.002000000
sand_rft,Tail,137,1.912500000,1.914500000,0.002000000
sand_rft,Tail,138,1.916000000,1.918000000,0.002000000
sand_rft,Tail,139,1.919500000,1.921500000,0.002000000
sand_rft,Tail,140,1.923000000,1.925000000,0.002000000
sand_rft,Tail,141,1.926500000,1.928500000,0.002000000
sand_rft,Tail,142,1.930000000,1.932000000,0.002000000
sand_rft,Tail,143,1.933500000,1.935500000,0.002000000
sand_rft,Tail,144,1.937000000,1.939000000,0.002000000
sand_rft,Tail,145,1.940500000,1.942500000,0.002000000
sand_rft,Tail,146,1.944000000,1.946000000,0.002000000
sand_rft,Tail,147,1.947500000,1.949500000,0.002000000
sand_rft,Tail,148,1.951000000,1.953500000,0.002500000
sand_rft,Tail,149,1.954500000,1.957000000,0.002500000
sand_rft,Tail,150,1.958500000,1.961000000,0.002500000
sand_rft,Tail,151,1.962000000,1.964500000,0.002500000
sand_rft,Tail,152,1.966000000,1.968000000,0.002000000
sand_rft,Tail,153,1.969500000,1.972000000,0.002500000
sand_rft,Tail,154,1.973500000,1.975500000,0.002000000
sand_rft,Tail,155,1.977500000,1.979500000,0.002000000
sand_rft,Tail,156,1.981000000,1.983000000,0.002000000
sand_rft,Tail,157,1.984500000,1.987000000,0.002500000
sand_rft,Tail,158,1.988000000,1.990000000,0.002000000
sand_rft,Tail,159,1.991500000,1.993500000,0.002000000
sand_rft,Tail,160,1.995500000,1.997500000,0.002000000
sand_rft,Tail,161,1.998500000,2.000500000,0.002000000
sand_rft,Tail,162,2.002000000,2.004000000,0.002000000
sand_rft,Tail,163,2.006000000,2.008000000,0.002000000
sand_rft,Tail,164,2.009000000,2.011000000,0.002000000
sand_rft,Tail,165,2.012500000,2.014500000,0.002000000
sand_rft,Tail,166,2.016500000,2.018500000,0.002000000
sand_rft,Tail,167,2.019500000,2.021500000,0.002000000
sand_rft,Tail,168,2.023500000,2.025500000,0.002000000
sand_rft,Tail,169,2.026500000,2.028500000,0.002000000
sand_rft,Tail,170,2.030500000,2.032500000,0.002000000
sand_rft,Tail,171,2.033500000,2.036000000,0.002500000
sand_rft,Tail,172,2.037000000,2.039000000,0.002000000
sand_rft,Tail,173,2.041000000,2.042500000,0.001500000
sand_rft,Tail,174,2.044000000,2.046500000,0.002500000
sand_rft,Tail,175,2.048500000,2.050500000,0.002000000
sand_rft,Tail,176,2.052000000,2.054000000,0.002000000
sand_rft,Tail,177,2.056000000,2.058000000,0.002000000
sand_rft,Tail,178,2.059500000,2.061500000,0.002000000
sand_rft,Tail,179,2.063000000,2.065000000,0.002000000
sand_rft,Tail,180,2.067000000,2.069000000,0.002000000
sand_rft,Tail,181,2.071000000,2.073000000,0.002000000
sand_rft,Tail,182,2.075500000,2.077500000,0.002000000
sand_rft,Tail,183,2.080000000,2.081500000,0.001500000
sand_rft,Tail,184,2.083500000,2.086000000,0.002500000
sand_rft,Tail,185,2.088000000,2.090500000,0.002500000
sand_rft,Tail,186,2.093000000,2.095500000,0.002500000
sand_rft,Tail,187,2.098000000,2.100500000,0.002500000
sand_rft,Tail,188,2.103000000,2.105500000,0.002500000
sand_rft,Tail,189,2.108000000,2.111000000,0.003000000
sand_rft,Tail,190,2.113500000,2.116500000,0.003000000
sand_rft,Tail,191,2.119000000,2.122000000,0.003000000
sand_rft,Tail,192,2.124500000,2.127500000,0.003000000
sand_rft,Tail,193,2.130000000,2.132500000,0.002500000
sand_rft,Tail,194,2.134500000,2.137000000,0.002500000
sand_rft,Tail,195,2.139000000,2.141500000,0.002500000
sand_rft,Tail,196,2.143500000,2.146000000,0.002500000
sand_rft,Tail,197,2.148000000,2.150500000,0.002500000
sand_rft,Tail,198,2.152500000,2.155000000,0.002500000
sand_rft,Tail,199,2.156500000,2.159500000,0.003000000
sand_rft,Tail,200,2.160500000,2.163500000,0.003000000
sand_rft,Tail,201,2.164500000,2.167500000,0.003000000
sand_rft,Tail,202,2.168500000,2.171500000,0.003000000
sand_rft,Tail,203,2.172500000,2.175500000,0.003000000
sand_rft,Tail,204,2.176500000,2.179500000,0.003000000
sand_rft,Tail,205,2.180500000,2.183000000,0.002500000
sand_rft,Tail,206,2.184500000,2.187500000,0.003000000
sand_rft,Tail,207,2.188500000,2.191500000,0.003000000
sand_rft,Tail,208,2.192500000,2.195500000,0.003000000
sand_rft,Tail,209,2.196000000,2.199000000,0.003000000
sand_rft,Tail,210,2.199500000,2.202500000,0.003000000
sand_rft,Tail,211,2.203000000,2.206000000,0.003000000
sand_rft,Tail,212,2.206500000,2.209500000,0.003000000
sand_rft,Tail,213,2.210000000,2.213000000,0.003000000
sand_rft,Tail,214,2.213500000,2.216500000,0.003000000
sand_rft,Tail,215,2.217000000,2.220000000,0.003000000
sand_rft,Tail,216,2.220500000,2.223500000,0.003000000
sand_rft,Tail,217,2.224000000,2.227000000,0.003000000
sand_rft,Tail,218,2.227500000,2.230500000,0.003000000
sand_rft,Tail,219,2.231000000,2.234000000,0.003000000
sand_rft,Tail,220,2.234500000,3.886500000,1.652000000
sand_rft,Tail,221,3.887000000,3.890500000,0.003500000
sand_rft,Tail,222,3.891000000,3.894000000,0.003000000
sand_rft,Tail,223,3.894500000,3.898000000,0.003500000
sand_rft,Tail,224,3.898500000,3.901500000,0.003000000
sand_rft,Tail,225,3.902000000,3.905500000,0.003500000
sand_rft,Tail,226,3.906000000,3.909000000,0.003000000
sand_rft,Tail,227,3.909500000,3.913000000,0.003500000
sand_rft,Tail,228,3.913500000,3.916500000,0.003000000
sand_rft,Tail,229,3.917000000,3.920500000,0.003500000
sand_rft,Tail,230,3.921000000,3.924000000,0.003000000
sand_rft,Tail,231,3.924500000,3.928000000,0.003500000
sand_rft,Tail,232,3.928500000,3.931500000,0.003000000
sand_rft,Tail,233,3.932000000,3.935500000,0.003500000
sand_rft,Tail,234,3.936000000,3.939000000,0.003000000
sand_rft,Tail,235,3.939500000,3.943000000,0.003500000
sand_rft,Tail,236,3.943500000,3.946500000,0.003000000
sand_rft,Tail,237,3.947000000,3.950500000,0.003500000
sand_rft,Tail,238,3.951000000,3.954000000,0.003000000
sand_rft,Tail,239,3.954500000,3.958000000,0.003500000
sand_rft,Tail,240,3.958500000,3.961500000,0.003000000
sand_rft,Tail,241,3.962000000,3.965500000,0.003500000
sand_rft,Tail,242,3.966000000,3.969000000,0.003000000
sand_rft,Tail,243,3.970000000,3.973000000,0.003000000
sand_rft,Tail,244,3.973500000,3.976500000,0.003000000
sand_rft,Tail,245,3.977500000,3.980500000,0.003000000
sand_rft,Tail,246,3.981000000,3.984000000,0.003000000
sand_rft,Tail,247,3.985000000,3.988000000,0.003000000
sand_rft,Tail,248,3.988500000,3.991500000,0.003000000
sand_rft,Tail,249,3.992500000,3.995000000,0.002500000
sand_rft,Tail,250,3.996000000,3.999000000,0.003000000
sand_rft,Tail,251,4.000000000,4.002500000,0.002500000
sand_rft,Tail,252,4.003500000,4.006500000,0.003000000
sand_rft,Tail,253,4.007500000,4.010000000,0.002500000
sand_rft,Tail,254,4.011000000,4.014000000,0.003000000
sand_rft,Tail,255,4.015000000,4.017500000,0.002500000
sand_rft,Tail,256,4.018500000,4.021500000,0.003000000
sand_rft,Tail,257,4.022500000,4.025000000,0.002500000
sand_rft,Tail,258,4.026000000,4.029000000,0.003000000
sand_rft,Tail,259,4.030000000,4.032500000,0.002500000
sand_rft,Tail,260,4.033500000,4.036500000,0.003000000
sand_rft,Tail,261,4.037500000,4.040000000,0.002500000
sand_rft,Tail,262,4.041000000,4.044000000,0.003000000
sand_rft,Tail,263,4.045000000,4.047500000,0.002500000
sand_rft,Tail,264,4.048500000,4.051500000,0.003000000
sand_rft,Tail,265,4.053000000,4.055000000,0.002000000
sand_rft,Tail,266,4.056500000,4.059000000,0.002500000
sand_rft,Tail,267,4.060500000,4.062500000,0.002000000
sand_rft,Tail,268,4.064000000,4.066000000,0.002000000
sand_rft,Tail,269,4.068000000,4.070000000,0.002000000
sand_rft,Tail,270,4.071500000,4.073500000,0.002000000
sand_rft,Tail,271,4.075500000,4.077000000,0.001500000
sand_rft,Tail,272,4.079000000,4.081000000,0.002000000
sand_rft,Tail,273,4.083000000,4.084500000,0.001500000
sand_rft,Tail,274,4.086500000,4.088500000,0.002000000
sand_rft,Tail,275,4.090500000,4.092000000,0.001500000
sand_rft,Tail,276,4.094000000,4.096000000,0.002000000
sand_rft,Tail,277,4.098000000,4.099500000,0.001500000
sand_rft,Tail,278,4.102000000,4.103500000,0.001500000
sand_rft,Tail,279,4.105500000,4.107000000,0.001500000
sand_rft,Tail,280,4.109500000,4.111000000,0.001500000
sand_rft,Tail,281,4.113000000,4.114500000,0.001500000
sand_rft,Tail,282,4.117000000,4.118500000,0.001500000
sand_rft,Tail,283,4.121500000,4.122000000,0.000500000
sand_rft,Tail,284,4.357500000,4.368500000,0.011000000
sand_rft,Tail,285,4.370000000,4.372000000,0.002000000
sand_rft,Tail,286,4.374000000,4.375500000,0.001500000
sand_rft,Tail,287,4.377500000,4.379000000,0.001500000
sand_rft,Tail,288,4.381500000,4.383000000,0.001500000
sand_rft,Tail,289,4.385000000,4.386500000,0.001500000
sand_rft,Tail,290,4.388000000,4.390000000,0.002000000
sand_rft,Tail,291,4.391500000,4.393500000,0.002000000
sand_rft,Tail,292,4.395000000,4.397000000,0.002000000
sand_rft,Tail,293,4.398000000,4.400500000,0.002500000
sand_rft,Tail,294,4.401500000,4.404500000,0.003000000
sand_rft,Tail,295,4.405000000,4.407500000,0.002500000
sand_rft,Tail,296,4.408500000,4.411500000,0.003000000
sand_rft,Tail,297,4.412000000,4.414500000,0.002500000
sand_rft,Tail,298,4.416000000,4.418000000,0.002000000
sand_rft,Tail,299,4.419500000,4.422000000,0.002500000
sand_rft,Tail,300,4.423000000,4.425000000,0.002000000
sand_rft,Tail,301,4.427000000,4.429000000,0.002000000
sand_rft,Tail,302,4.430500000,4.432500000,0.002000000
sand_rft,Tail,303,4.434000000,4.436500000,0.002500000
sand_rft,Tail,304,4.437500000,4.440000000,0.002500000
sand_rft,Tail,305,4.441500000,4.444500000,0.003000000
sand_rft,Tail,306,4.445000000,4.447500000,0.002500000
sand_rft,Tail,307,4.449000000,4.451500000,0.002500000
sand_rft,Tail,308,4.452500000,4.455000000,0.002500000
sand_rft,Tail,309,4.456000000,4.458000000,0.002000000
sand_rft,Tail,310,4.459500000,4.462000000,0.002500000
sand_rft,Tail,311,4.463000000,4.465500000,0.002500000
sand_rft,Tail,312,4.466000000,4.468500000,0.002500000
sand_rft,Tail,313,4.470500000,4.472500000,0.002000000
sand_rft,Tail,314,4.474000000,4.476000000,0.002000000
sand_rft,Tail,315,4.477500000,4.480000000,0.002500000
sand_rft,Tail,316,4.481500000,4.483500000,0.002000000
sand_rft,Tail,317,4.485000000,4.487500000,0.002500000
sand_rft,Tail,318,4.488500000,4.491000000,0.002500000
sand_rft,Tail,319,4.492500000,4.495000000,0.002500000
sand_rft,Tail,320,4.496000000,4.498500000,0.002500000
sand_rft,Tail,321,4.499000000,4.501500000,0.002500000
sand_rft,Tail,322,4.503500000,4.505500000,0.002000000
sand_rft,Tail,323,4.506500000,4.509000000,0.002500000
sand_rft,Tail,324,4.510500000,4.512500000,0.002000000
sand_rft,Tail,325,4.514500000,4.516500000,0.002000000
sand_rft,Tail,326,4.517500000,4.520000000,0.002500000
sand_rft,Tail,327,4.521000000,4.523500000,0.002500000
sand_rft,Tail,328,4.525500000,4.527500000,0.002000000
sand_rft,Tail,329,4.528500000,4.531000000,0.002500000
sand_rft,Tail,330,4.532000000,4.534500000,0.002500000
sand_rft,Tail,331,4.536000000,4.538000000,0.002000000
sand_rft,Tail,332,4.540000000,4.542000000,0.002000000
sand_rft,Tail,333,4.543000000,4.545500000,0.002500000
sand_rft,Tail,334,4.546500000,4.549000000,0.002500000
sand_rft,Tail,335,4.550000000,4.552500000,0.002500000
sand_rft,Tail,336,4.553500000,4.556000000,0.002500000
sand_rft,Tail,337,4.558000000,4.560000000,0.002000000
sand_rft,Tail,338,4.561000000,4.563500000,0.002500000
sand_rft,Tail,339,4.564500000,4.567000000,0.002500000
sand_rft,Tail,340,4.568000000,4.570500000,0.002500000
sand_rft,Tail,341,4.571500000,4.574000000,0.002500000
sand_rft,Tail,342,4.575500000,4.577000000,0.001500000
sand_rft,Tail,343,4.579000000,4.580500000,0.001500000
sand_rft,Tail,344,4.582500000,4.584000000,0.001500000
sand_rft,Tail,345,4.586000000,4.587500000,0.001500000
sand_rft,Tail,346,4.589500000,4.591000000,0.001500000
sand_rft,Tail,347,4.593000000,4.594500000,0.001500000
sand_rft,Tail,348,4.596500000,4.598000000,0.001500000
sand_rft,Tail,349,4.600000000,4.601500000,0.001500000
sand_rft,Tail,350,4.603500000,4.605000000,0.001500000
sand_rft,Tail,351,4.607000000,4.608500000,0.001500000
sand_rft,Tail,352,4.610000000,4.612000000,0.002000000
sand_rft,Tail,353,4.613500000,4.616000000,0.002500000
sand_rft,Tail,354,4.617000000,4.619500000,0.002500000
sand_rft,Tail,355,4.620500000,4.623000000,0.002500000
sand_rft,Tail,356,4.624500000,4.626500000,0.002000000
sand_rft,Tail,357,4.628000000,4.630500000,0.002500000
sand_rft,Tail,358,4.632000000,4.634500000,0.002500000
sand_rft,Tail,359,4.636500000,4.639000000,0.002500000
sand_rft,Tail,360,4.641500000,4.644000000,0.002500000
sand_rft,Tail,361,4.646500000,4.648500000,0.002000000
sand_rft,Tail,362,4.650500000,4.653500000,0.003000000
sand_rft,Tail,363,4.655000000,4.658000000,0.003000000
sand_rft,Tail,364,4.659000000,4.661500000,0.002500000
sand_rft,Tail,365,4.662000000,4.664000000,0.002000000
sand_rft,Tail,366,4.665500000,4.668000000,0.002500000
sand_rft,Tail,367,4.668500000,4.670500000,0.002000000
sand_rft,Tail,368,4.672000000,4.674000000,0.002000000
sand_rft,Tail,369,4.675000000,4.678000000,0.003000000
sand_rft,Tail,370,4.678500000,4.680500000,0.002000000
sand_rft,Tail,371,4.681000000,4.683500000,0.002500000
sand_rft,Tail,372,4.684500000,4.688000000,0.003500000
sand_rft,Tail,373,4.688500000,4.694000000,0.005500000
sand_rft,Tail,374,4.695000000,4.697000000,0.002000000
sand_rft,Tail,375,4.698500000,4.701000000,0.002500000
sand_rft,Tail,376,4.702000000,4.710500000,0.008500000
sand_rft,Tail,377,4.711500000,4.713500000,0.002000000
sand_rft,Tail,378,4.714500000,4.717000000,0.002500000
sand_rft,Tail,379,4.718000000,4.720000000,0.002000000
sand_rft,Tail,380,4.721000000,4.729000000,0.008000000
sand_rft,Tail,381,4.729500000,4.735000000,0.005500000
sand_rft,Tail,382,4.735500000,4.738500000,0.003000000
sand_rft,Tail,383,4.740000000,4.743000000,0.003000000
sand_rft,Tail,384,4.744500000,4.747500000,0.003000000
sand_rft,Tail,385,4.749000000,4.752000000,0.003000000
sand_rft,Tail,386,4.753500000,4.757000000,0.003500000
sand_rft,Tail,387,4.758000000,4.761000000,0.003000000
sand_rft,Tail,388,4.762500000,4.765500000,0.003000000
sand_rft,Tail,389,4.767000000,4.770000000,0.003000000
sand_rft,Tail,390,4.771500000,4.774500000,0.003000000
sand_rft,Tail,391,4.776000000,4.779000000,0.003000000
sand_rft,Tail,392,4.780500000,4.783500000,0.003000000
sand_rft,Tail,393,4.785000000,4.788000000,0.003000000
sand_rft,Tail,394,4.789500000,4.792500000,0.003000000
sand_rft,Tail,395,4.794000000,4.797000000,0.003000000
sand_rft,Tail,396,4.798500000,4.801500000,0.003000000
sand_rft,Tail,397,4.803000000,4.806000000,0.003000000
sand_rft,Tail,398,4.807500000,4.810500000,0.003000000
sand_rft,Tail,399,4.812000000,4.815000000,0.003000000
sand_rft,Tail,400,4.816500000,4.819500000,0.003000000
sand_rft,Tail,401,4.821000000,4.824000000,0.003000000
sand_rft,Tail,402,4.825500000,4.828500000,0.003000000
sand_rft,Tail,403,4.830000000,4.833000000,0.003000000
sand_rft,Tail,404,4.834500000,4.837500000,0.003000000
sand_rft,Tail,405,4.839000000,4.842000000,0.003000000
sand_rft,Tail,406,4.843500000,4.846500000,0.003000000
sand_rft,Tail,407,4.848000000,4.851000000,0.003000000
sand_rft,Tail,408,4.852500000,4.855500000,0.003000000
sand_rft,Tail,409,4.857000000,4.860000000,0.003000000
sand_rft,Tail,410,4.861000000,4.864500000,0.003500000
sand_rft,Tail,411,4.865500000,4.868500000,0.003000000
sand_rft,Tail,412,4.869000000,4.872500000,0.003500000
sand_rft,Tail,413,4.873000000,4.876000000,0.003000000
sand_rft,Tail,414,4.876500000,4.879500000,0.003000000
sand_rft,Tail,415,4.880000000,4.883500000,0.003500000
sand_rft,Tail,416,4.884500000,4.887500000,0.003000000
sand_rft,Tail,417,4.888000000,4.891500000,0.003500000
sand_rft,Tail,418,4.892000000,4.895000000,0.003000000
sand_rft,Tail,419,4.895500000,4.898500000,0.003000000
sand_rft,Tail,420,4.899000000,4.902500000,0.003500000
sand_rft,Tail,421,4.903500000,4.906500000,0.003000000
sand_rft,Tail,422,4.907000000,4.916500000,0.009500000
sand_rft,Tail,423,4.917000000,4.920500000,0.003500000
sand_rft,Tail,424,4.921500000,4.925000000,0.003500000
sand_rft,Tail,425,4.925500000,4.929000000,0.003500000
sand_rft,Tail,426,4.930000000,4.933000000,0.003000000
sand_rft,Tail,427,4.933500000,4.943000000,0.009500000
sand_rft,Tail,428,4.943500000,6.000500000,1.057000000
