sys_time,status,fx,fy,fz,mx,my,mz,sensor_timestamp
1755193409.122166,,0.0,0.0,0.0,0.0,0.0,0.0,0.0
1755193409.1411574,0,-9.239208221435547,-25.84138298034668,3.2311720848083496,-0.22780168056488037,0.06902541220188141,0.003445543348789215,64463699
1755193409.1570752,0,-9.235204696655273,-25.830886840820312,3.214183807373047,-0.2276533544063568,0.06911057233810425,0.0034832432866096497,64473353
1755193409.1730294,0,-9.234275817871094,-25.814125061035156,3.2382633686065674,-0.22750326991081238,0.06908424198627472,0.0034770891070365906,64492658
1755193409.1882277,0,-9.224517822265625,-25.80978012084961,3.2172553539276123,-0.2275325506925583,0.06887751072645187,0.003539063036441803,64511964
1755193409.2040005,0,-9.209468841552734,-25.81298828125,3.2275774478912354,-0.22765402495861053,0.06883048266172409,0.003493182361125946,64521617
1755193409.2199066,0,-9.242586135864258,-25.808691024780273,3.2184243202209473,-0.22727322578430176,0.06907086074352264,0.003691263496875763,64540922
1755193409.2348661,0,-9.259468078613281,-25.81427001953125,3.2250916957855225,-0.22777584195137024,0.0692698284983635,0.0034902989864349365,64550576
1755193409.2498248,0,-9.240909576416016,-25.81737518310547,3.2462539672851562,-0.22748160362243652,0.06907469034194946,0.0035468563437461853,64569882
1755193409.2668142,0,-9.251874923706055,-25.817373275756836,3.2325823307037354,-0.22773084044456482,0.06914326548576355,0.003508836030960083,64589188
1755193409.2818058,0,-9.27828311920166,-25.81573486328125,3.227963924407959,-0.2276729941368103,0.06943930685520172,0.003467857837677002,64598841
1755193409.2967005,0,-9.251272201538086,-25.796403884887695,3.220755100250244,-0.22724434733390808,0.06898874044418335,0.0034374073147773743,64618147
1755193409.311958,0,-9.225590705871582,-25.815479278564453,3.216381549835205,-0.2275248020887375,0.06892727315425873,0.0035157501697540283,64627801
1755193409.3276186,0,-9.240550994873047,-25.81661605834961,3.228487491607666,-0.2276502549648285,0.06894835829734802,0.003574483096599579,64647107
1755193409.3435745,0,-9.240754127502441,-25.836772918701172,3.226801633834839,-0.22790110111236572,0.06917986273765564,0.00344732403755188,64666412
1755193409.3595326,0,-9.245807647705078,-25.832908630371094,3.2190661430358887,-0.2276984453201294,0.06915530562400818,0.003643631935119629,64676065
1755193409.3754883,0,-9.242997169494629,-25.7959041595459,3.218458652496338,-0.22715477645397186,0.0691009908914566,0.003376901149749756,64695372
1755193409.391446,0,-9.224491119384766,-25.831214904785156,3.2498059272766113,-0.2276497781276703,0.06880490481853485,0.003710411489009857,64714678
1755193409.4064064,0,-9.236532211303711,-25.85053253173828,3.2224411964416504,-0.22802647948265076,0.0690261721611023,0.003550320863723755,64724330
1755193409.4213657,0,-9.226272583007812,-25.844009399414062,3.2259836196899414,-0.22776764631271362,0.06901724636554718,0.0036603063344955444,64743637
1755193409.4373236,0,-9.226499557495117,-25.830589294433594,3.2311105728149414,-0.22750043869018555,0.06891006976366043,0.003698311746120453,64753290
1755193409.4532804,0,-9.22854995727539,-25.838542938232422,3.234905481338501,-0.22784297168254852,0.06871834397315979,0.0035319477319717407,64772597
1755193409.471234,0,-9.214990615844727,-25.815114974975586,3.234025001525879,-0.22745704650878906,0.06889258325099945,0.003405340015888214,64791903
1755193409.4835804,0,-9.260778427124023,-25.82025146484375,3.231102705001831,-0.22786152362823486,0.06926855444908142,0.00328652560710907,64801556
1755193409.4991577,0,-9.212215423583984,-25.838943481445312,3.227786064147949,-0.2279350459575653,0.06888249516487122,0.003500908613204956,64820862
1755193409.5151157,0,-9.224834442138672,-25.810462951660156,3.2447237968444824,-0.2273883819580078,0.06879812479019165,0.003542467951774597,64830515
1755193409.5301383,0,-9.216744422912598,-25.796817779541016,3.2163949012756348,-0.22728699445724487,0.06867130100727081,0.0036080926656723022,64849822
1755193409.5470304,0,-9.231887817382812,-25.881427764892578,3.2163333892822266,-0.22783251106739044,0.06896645575761795,0.003685995936393738,64869128
1755193409.5609925,0,-9.223674774169922,-25.822542190551758,3.2278690338134766,-0.2277112901210785,0.06889376044273376,0.003277711570262909,64878782
1755193409.576951,0,-9.208181381225586,-25.83836555480957,3.2276978492736816,-0.22804734110832214,0.06881703436374664,0.0035638585686683655,64898090
1755193409.5929089,0,-9.228554725646973,-25.839937210083008,3.226206064224243,-0.22768595814704895,0.06904318928718567,0.003460891544818878,64907744
1755193409.6078677,0,-9.225419998168945,-25.836105346679688,3.221068859100342,-0.22774037718772888,0.06893278658390045,0.0034744814038276672,64927052
1755193409.6238248,0,-9.241615295410156,-25.828426361083984,3.220370054244995,-0.2276640087366104,0.0691889226436615,0.0036609619855880737,64946359
1755193409.638785,0,-9.216863632202148,-25.812042236328125,3.2185451984405518,-0.22748684883117676,0.0684891939163208,0.003629550337791443,64956012
1755193409.653744,0,-9.197872161865234,-25.811994552612305,3.2162575721740723,-0.2273537516593933,0.0686730220913887,0.003664083778858185,64975319
1755193409.6687052,0,-9.229171752929688,-25.841842651367188,3.238234519958496,-0.22786256670951843,0.06873451173305511,0.0035285428166389465,64984972
1755193409.6846623,0,-9.243955612182617,-25.826793670654297,3.229048728942871,-0.22780746221542358,0.0688183456659317,0.0035926848649978638,65004279
1755193409.7016182,0,-9.213951110839844,-25.834049224853516,3.226004123687744,-0.22791841626167297,0.0685085579752922,0.0036185532808303833,65023588
1755193409.7165754,0,-9.269844055175781,-25.825756072998047,3.217743396759033,-0.2274974286556244,0.0695134848356247,0.0033822953701019287,65033242
1755193409.7315707,0,-9.236499786376953,-25.808151245117188,3.2271783351898193,-0.22756141424179077,0.0690983235836029,0.0034394413232803345,65052548
1755193409.7464974,0,-9.23879623413086,-25.84695816040039,3.2001123428344727,-0.22778557240962982,0.06894074380397797,0.003456518054008484,65062202
1755193409.7624543,0,-9.213571548461914,-25.843212127685547,3.2321348190307617,-0.2278105616569519,0.06896078586578369,0.0035315677523612976,65081510
1755193409.778412,0,-9.24367904663086,-25.817928314208984,3.2112793922424316,-0.22766569256782532,0.0691203773021698,0.003354489803314209,65100816
1755193409.7943692,0,-9.219827651977539,-25.867338180541992,3.2092270851135254,-0.2279316931962967,0.06878682225942612,0.0035989880561828613,65110470
1755193409.8098848,0,-9.190515518188477,-25.83526611328125,3.2087998390197754,-0.22771291434764862,0.06875763088464737,0.0037245601415634155,65129778
1755193409.8254795,0,-9.23176383972168,-25.860225677490234,3.216740369796753,-0.2276904284954071,0.06891095638275146,0.0034304633736610413,65149086
1755193409.8412428,0,-9.209295272827148,-25.848966598510742,3.242340564727783,-0.2279653549194336,0.06874176859855652,0.003460697829723358,65158741
1755193409.8563774,0,-9.230113983154297,-25.818836212158203,3.224233627319336,-0.22757434844970703,0.06886740028858185,0.003311626613140106,65178048
1755193409.8721602,0,-9.214219093322754,-25.843698501586914,3.214682102203369,-0.22759705781936646,0.06887632608413696,0.0034856200218200684,65187702
1755193409.8871284,0,-9.232475280761719,-25.85049819946289,3.196756601333618,-0.22778278589248657,0.06901658326387405,0.0034976154565811157,65207009
1755193409.9030826,0,-9.253707885742188,-25.846435546875,3.2239725589752197,-0.2278939187526703,0.06909477710723877,0.00342404842376709,65226317
1755193409.9185786,0,-9.234676361083984,-25.820819854736328,3.2050600051879883,-0.22724278271198273,0.06852404773235321,0.0035883113741874695,65235971
1755193409.9340308,0,-9.201309204101562,-25.987991333007812,3.140428066253662,-0.2298765629529953,0.06709571927785873,0.0037524327635765076,65255278
1755193409.949505,0,-9.089164733886719,-25.61831283569336,3.306607484817505,-0.22484177350997925,0.06497251987457275,0.004319176077842712,65264932
1755193409.9650233,0,-9.354991912841797,-26.023317337036133,3.3071393966674805,-0.23099863529205322,0.0676366314291954,0.004095427691936493,65284237
1755193409.9809206,0,-9.176036834716797,-25.874935150146484,3.1335012912750244,-0.22833546996116638,0.07213814556598663,0.0034800544381141663,65303546
1755193409.9968276,0,-9.342741012573242,-25.837026596069336,3.319629669189453,-0.2282685786485672,0.06864793598651886,0.0034241601824760437,65313200
1755193410.0119867,0,-9.215463638305664,-25.816314697265625,3.274749755859375,-0.22765479981899261,0.06781359761953354,0.003771163523197174,65332506
1755193410.026747,0,-9.236856460571289,-25.80636215209961,3.192941188812256,-0.22697754204273224,0.06950458884239197,0.0037733465433120728,65342161
1755193410.0423493,0,-9.23921012878418,-25.84122085571289,3.2184977531433105,-0.2271404266357422,0.06943587958812714,0.0037291646003723145,65361469
1755193410.0577002,0,-9.243576049804688,-25.77306365966797,3.23378586769104,-0.22678042948246002,0.06925827264785767,0.003460928797721863,65380777
1755193410.0737376,0,-9.22412395477295,-25.83974838256836,3.237037181854248,-0.2282138615846634,0.06907746195793152,0.0035424232482910156,65390431
1755193410.089617,0,-9.200995445251465,-25.868484497070312,3.2245116233825684,-0.22847715020179749,0.06890533864498138,0.0036974474787712097,65409738
1755193410.1055384,0,-9.258713722229004,-25.8546142578125,3.229987859725952,-0.22805798053741455,0.06941661983728409,0.003564678132534027,65429047
1755193410.1214938,0,-9.231657028198242,-25.82404327392578,3.215458393096924,-0.227447509765625,0.06887819617986679,0.0036762356758117676,65438701
1755193410.1424375,0,-9.243677139282227,-25.83170509338379,3.211965560913086,-0.227595716714859,0.06933223456144333,0.003609567880630493,65458008
1755193410.1660485,0,-9.208761215209961,-25.824180603027344,3.200441837310791,-0.22765707969665527,0.06886887550354004,0.0033688396215438843,65486969
1755193410.1813874,0,-9.24272632598877,-25.8192138671875,3.239837646484375,-0.2273443639278412,0.06886862218379974,0.003689378499984741,65496622
1755193410.1962962,0,-9.211357116699219,-25.8479061126709,3.2140982151031494,-0.22774294018745422,0.06863506138324738,0.0035970956087112427,65515929
1755193410.212252,0,-9.211322784423828,-25.811267852783203,3.2346177101135254,-0.22744423151016235,0.06883292645215988,0.0034836754202842712,65535237
1755193410.2272122,0,-9.274799346923828,-25.82923698425293,3.236513614654541,-0.22781126201152802,0.06945842504501343,0.003591284155845642,65544890
1755193410.2421718,0,-9.239490509033203,-25.827083587646484,3.216590642929077,-0.22759446501731873,0.0689687579870224,0.0037102997303009033,65564198
1755193410.2571342,0,-9.221363067626953,-25.8671875,3.2323691844940186,-0.22839118540287018,0.06761108338832855,0.003798067569732666,65573852
1755193410.2720933,0,-9.172711372375488,-25.87004852294922,3.294421434402466,-0.22949135303497314,0.06378200650215149,0.00458642840385437,65593159
1755193410.2900813,0,-9.469828605651855,-26.11240005493164,3.3132781982421875,-0.23354512453079224,0.07200764119625092,0.0032025575637817383,65612465
1755193410.3030522,0,-9.296365737915039,-25.58246612548828,3.2176074981689453,-0.22243022918701172,0.06926102936267853,0.0035934075713157654,65622119
1755193410.3189664,0,-9.508184432983398,-25.77267837524414,3.333415985107422,-0.2266867458820343,0.07307124882936478,0.0031525790691375732,65641425
1755193410.3349607,0,-9.074325561523438,-25.934019088745117,3.1279356479644775,-0.22920429706573486,0.06705331802368164,0.003502681851387024,65651079
1755193410.3508842,0,-9.189966201782227,-25.90808868408203,3.1886515617370605,-0.22914031147956848,0.06966158747673035,0.003356926143169403,65670384
1755193410.3668382,0,-9.2764253616333,-25.88323211669922,3.2150685787200928,-0.22844968736171722,0.07023147493600845,0.0034773647785186768,65689691
1755193410.382845,0,-9.166911125183105,-25.831504821777344,3.2050318717956543,-0.22723424434661865,0.06786040961742401,0.003632277250289917,65699346
1755193410.3988025,0,-9.237142562866211,-25.831485748291016,3.1955792903900146,-0.22737360000610352,0.06930151581764221,0.0034962818026542664,65718655
1755193410.4147098,0,-9.22758674621582,-25.8206787109375,3.19993257522583,-0.2273997962474823,0.0691860094666481,0.0034986957907676697,65737962
1755193410.4297166,0,-9.222502708435059,-25.816200256347656,3.2399938106536865,-0.22770866751670837,0.06886912137269974,0.0034080445766448975,65747616
1755193410.4456267,0,-9.198471069335938,-25.8240966796875,3.2245662212371826,-0.22782880067825317,0.06863127648830414,0.0032869279384613037,65766925
1755193410.4615881,0,-9.205869674682617,-25.82516098022461,3.211486339569092,-0.22744658589363098,0.06888114660978317,0.0033759474754333496,65776579
1755193410.4775443,0,-9.210211753845215,-25.837472915649414,3.213660478591919,-0.22759109735488892,0.06874571740627289,0.0036117658019065857,65795888
1755193410.4934988,0,-9.20718002319336,-25.76453971862793,3.2048654556274414,-0.22708263993263245,0.06926862895488739,0.0033578574657440186,65815197
1755193410.5094988,0,-9.36284351348877,-25.912439346313477,3.246908187866211,-0.2288040816783905,0.06944841146469116,0.003412395715713501,65824851
1755193410.5250518,0,-9.220003128051758,-26.15776824951172,3.251450538635254,-0.2321140468120575,0.06667160987854004,0.0031996220350265503,65844158
1755193410.5403738,0,-9.568155288696289,-26.332141876220703,3.4330127239227295,-0.2389092892408371,0.07964256405830383,0.002431124448776245,65863466
1755193410.5558503,0,-9.220418930053711,-25.656597137451172,3.1855156421661377,-0.22161760926246643,0.06534785032272339,0.004330091178417206,65873120
1755193410.5709743,0,-9.589279174804688,-25.7701473236084,3.2658658027648926,-0.22524836659431458,0.0782758966088295,0.0026104897260665894,65892428
1755193410.5862534,0,-8.970501899719238,-26.030258178710938,3.135587215423584,-0.23258012533187866,0.06070864200592041,0.004432283341884613,65902082
1755193410.6012113,0,-8.974761962890625,-26.09142303466797,3.0272092819213867,-0.23208379745483398,0.06471925973892212,0.004387497901916504,65921389
1755193410.618167,0,-9.130234718322754,-26.06900405883789,3.0173678398132324,-0.23051677644252777,0.06954197585582733,0.003699585795402527,65940696
1755193410.6332216,0,-9.233924865722656,-25.578702926635742,3.366475820541382,-0.22525793313980103,0.06689216196537018,0.0033277422189712524,65950351
1755193410.649143,0,-9.102212905883789,-25.654491424560547,3.2855496406555176,-0.22587525844573975,0.065709188580513,0.0037651807069778442,65969658
1755193410.664043,0,-9.387720108032227,-25.977581024169922,3.2073638439178467,-0.2292492836713791,0.07153511047363281,0.0034831762313842773,65979312
1755193410.6790032,0,-9.27620792388916,-25.920242309570312,3.230874538421631,-0.2289806306362152,0.06902267038822174,0.0035264790058135986,65998622
1755193410.6949604,0,-9.220902442932129,-25.92554473876953,3.2037696838378906,-0.22879497706890106,0.06788003444671631,0.003629133105278015,66017930
1755193410.7109177,0,-9.271282196044922,-25.788543701171875,3.26609206199646,-0.22697314620018005,0.07009230554103851,0.003406122326850891,66027584
1755193410.7264748,0,-9.242098808288574,-25.74997329711914,3.247426986694336,-0.2270316332578659,0.0690125823020935,0.003521047532558441,66046892
1755193410.7428322,0,-9.197193145751953,-25.73048210144043,3.2498626708984375,-0.22666199505329132,0.06814257800579071,0.003666110336780548,66066201
1755193410.757925,0,-9.256872177124023,-25.961692810058594,3.191291570663452,-0.2294933944940567,0.06983183324337006,0.003385677933692932,66075854
1755193410.7732124,0,-9.243551254272461,-26.01308250427246,3.1571927070617676,-0.22985467314720154,0.06754577904939651,0.003771349787712097,66095162
1755193410.788789,0,-9.173069953918457,-25.564062118530273,3.3257105350494385,-0.22381821274757385,0.07039329409599304,0.003629617393016815,66104816
1755193410.8046672,0,-9.23015308380127,-25.630817413330078,3.1881470680236816,-0.22219540178775787,0.06833689659833908,0.00339527428150177,66124124
1755193410.8206265,0,-9.301642417907715,-25.802255630493164,3.2520432472229004,-0.22632721066474915,0.07082344591617584,0.0036213919520378113,66143431
1755193410.8346038,0,-9.300220489501953,-26.027835845947266,3.303220748901367,-0.23090152442455292,0.06580612063407898,0.003598056733608246,66153085
1755193410.8505485,0,-9.821405410766602,-26.50104522705078,3.416966676712036,-0.24007198214530945,0.07940595597028732,0.0019005239009857178,66172391
1755193410.8665013,0,-9.148344993591309,-25.50540542602539,3.181670665740967,-0.21858176589012146,0.06787978112697601,0.003361724317073822,66182044
1755193410.882459,0,-9.257001876831055,-25.531375885009766,3.1445164680480957,-0.220338836312294,0.07957502454519272,0.0018673241138458252,66201352
1755193410.8984158,0,-9.00279426574707,-25.419464111328125,3.160383462905884,-0.21763354539871216,0.06403231620788574,0.004667714238166809,66220658
1755193410.9139292,0,-9.529699325561523,-26.18313980102539,3.4468860626220703,-0.23817408084869385,0.07939331978559494,0.0015099123120307922,66230311
1755193410.929434,0,-8.466829299926758,-25.400693893432617,3.418354034423828,-0.2286604344844818,0.057151876389980316,0.005362868309020996,66249619
1755193410.9443822,0,-9.685262680053711,-26.025936126708984,3.2306628227233887,-0.22863677144050598,0.07450581341981888,0.005095615983009338,66259273
1755193410.9602518,0,-9.65884780883789,-26.00025749206543,3.1322319507598877,-0.22292879223823547,0.08424198627471924,0.0024041831493377686,66278580
1755193410.9762094,0,-9.417285919189453,-26.398395538330078,2.8444504737854004,-0.23020972311496735,0.08252362906932831,0.0027065426111221313,66297886
1755193410.9911692,0,-8.89025592803955,-25.380260467529297,3.494527816772461,-0.22460147738456726,0.05635848641395569,0.004311487078666687,66307539
1755193411.006128,0,-8.831257820129395,-25.551280975341797,3.290931224822998,-0.22589853405952454,0.060963887721300125,0.00399191677570343,66326846
1755193411.0230837,0,-8.976068496704102,-25.778221130371094,3.1886165142059326,-0.22719445824623108,0.06638835370540619,0.003650680184364319,66346150
1755193411.0370457,0,-9.304924011230469,-25.872791290283203,3.2790780067443848,-0.22775870561599731,0.06876643747091293,0.003960959613323212,66355804
1755193411.0530913,0,-9.207655906677246,-25.83510971069336,3.2366600036621094,-0.22754469513893127,0.06789976358413696,0.0036783739924430847,66375110
1755193411.0689607,0,-9.246888160705566,-25.86127471923828,3.217071533203125,-0.22819463908672333,0.06947185099124908,0.003650568425655365,66384764
1755193411.0839205,0,-9.205644607543945,-25.822223663330078,3.250950813293457,-0.2276051938533783,0.06889218091964722,0.0034611523151397705,66404070
1755193411.1008756,0,-9.217611312866211,-25.79709815979004,3.2352852821350098,-0.2274286299943924,0.06918063759803772,0.0036257728934288025,66423377
1755193411.1159477,0,-9.19013500213623,-25.849037170410156,3.2448244094848633,-0.22789300978183746,0.06872260570526123,0.003477156162261963,66433030
1755193411.130831,0,-9.175934791564941,-25.838973999023438,3.181769847869873,-0.22769325971603394,0.06864049285650253,0.003760099411010742,66452337
1755193411.146225,0,-9.218061447143555,-25.867813110351562,3.2514493465423584,-0.22814464569091797,0.06836827844381332,0.0038579776883125305,66461990
1755193411.1617134,0,-9.35871410369873,-25.904142379760742,3.2886548042297363,-0.22899052500724792,0.07083508372306824,0.003548756241798401,66481296
1755193411.177671,0,-9.341621398925781,-25.657241821289062,3.177968740463257,-0.22566071152687073,0.07027590274810791,0.0029462426900863647,66500602
1755193411.1927428,0,-9.32583236694336,-25.900127410888672,3.1376049518585205,-0.22869718074798584,0.07217023521661758,0.0033915191888809204,66510255
1755193411.2086256,0,-8.595682144165039,-25.71468734741211,3.4500715732574463,-0.22419708967208862,0.061220284551382065,0.0035143867135047913,66529561
1755193411.225543,0,-8.47686767578125,-25.428117752075195,2.9643688201904297,-0.2215181291103363,0.05689552053809166,0.004668183624744415,66548868
1755193411.240617,0,-9.770674705505371,-26.29322052001953,3.514883279800415,-0.23288366198539734,0.0795610323548317,0.0014309659600257874,66558520
1755193411.256552,0,-9.81006908416748,-26.011474609375,3.46094012260437,-0.2299661636352539,0.07791148126125336,0.0024729594588279724,66577828
1755193411.2813933,0,-9.433755874633789,-25.83987045288086,3.4370110034942627,-0.22918027639389038,0.06903572380542755,0.003558211028575897,66597136
1755193411.3053293,0,-9.323019981384277,-25.737064361572266,3.2571494579315186,-0.2255181074142456,0.07243147492408752,0.003079131245613098,66626095
1755193411.3202913,0,-9.13918685913086,-26.035888671875,3.149991750717163,-0.2310612052679062,0.06689959764480591,0.003953978419303894,66635749
1755193411.3362467,0,-9.217353820800781,-26.013832092285156,3.138026475906372,-0.23028844594955444,0.06946033239364624,0.003510788083076477,66655055
1755193411.3522468,0,-9.253314018249512,-25.97411346435547,3.1705150604248047,-0.2297837734222412,0.070377878844738,0.0031458884477615356,66674363
1755193411.3681605,0,-9.151409149169922,-25.71811294555664,3.243976354598999,-0.22576400637626648,0.0674431249499321,0.0035692378878593445,66684015
1755193411.3841193,0,-9.17221450805664,-25.774810791015625,3.2178871631622314,-0.22659026086330414,0.06807277351617813,0.0035952329635620117,66703322
1755193411.4000764,0,-9.17629337310791,-25.80358123779297,3.2113423347473145,-0.22700855135917664,0.06857621669769287,0.003600962460041046,66722628
1755193411.4160821,0,-9.219512939453125,-25.899826049804688,3.209383964538574,-0.2285681962966919,0.06891888380050659,0.0034242719411849976,66732282
1755193411.4319913,0,-9.259654998779297,-25.88669204711914,3.2170472145080566,-0.2286754846572876,0.06932026147842407,0.003628090023994446,66751588
1755193411.4479487,0,-9.220293045043945,-26.05159568786621,3.1842188835144043,-0.23039288818836212,0.06969356536865234,0.0034066960215568542,66770893
1755193411.4629974,0,-9.061500549316406,-25.38589096069336,3.302396535873413,-0.22184938192367554,0.06571930646896362,0.004776790738105774,66780546
1755193411.4789546,0,-9.250564575195312,-25.442543029785156,3.5357491970062256,-0.2258976697921753,0.06984397768974304,0.004205845296382904,66799852
1755193411.49582,0,-8.641034126281738,-25.185283660888672,3.287386655807495,-0.21911020576953888,0.0596933513879776,0.003860585391521454,66819158
1755193411.51078,0,-9.10440444946289,-26.25732421875,3.08811092376709,-0.23292726278305054,0.0667099729180336,0.00287000834941864,66828812
1755193411.526215,0,-9.27224349975586,-26.31869888305664,3.1201605796813965,-0.23484866321086884,0.07204726338386536,0.002701878547668457,66848118
1755193411.5416965,0,-9.008893966674805,-25.186382293701172,3.360443353652954,-0.21808725595474243,0.0649724006652832,0.003614567220211029,66857771
1755193411.5566561,0,-9.373224258422852,-25.547775268554688,3.3136866092681885,-0.22230151295661926,0.07127780467271805,0.0024478137493133545,66877077
1755193411.5716188,0,-9.001582145690918,-25.971534729003906,2.9911303520202637,-0.22918729484081268,0.0680231899023056,0.004214055836200714,66886730
1755193411.586576,0,-8.9824800491333,-25.755657196044922,3.0079939365386963,-0.2233528196811676,0.06667207181453705,0.00441163033246994,66906036
1755193411.6015708,0,-9.171127319335938,-25.775714874267578,3.1060855388641357,-0.2249823808670044,0.06925475597381592,0.0036609917879104614,66925343
1755193411.6165426,0,-9.205320358276367,-25.898954391479492,3.2830288410186768,-0.2302916795015335,0.0679674744606018,0.003462173044681549,66934997
1755193411.6324544,0,-9.172847747802734,-25.875226974487305,3.2439820766448975,-0.2292764037847519,0.06786993145942688,0.0038235262036323547,66954304
1755193411.6484113,0,-9.27393627166748,-25.81646156311035,3.2338497638702393,-0.22710388898849487,0.07004917412996292,0.0033991336822509766,66963958
1755193411.6643708,0,-9.291926383972168,-25.84710693359375,3.2180747985839844,-0.22771310806274414,0.06987331807613373,0.0034287869930267334,66983265
1755193411.680425,0,-9.253480911254883,-25.92856216430664,3.201878547668457,-0.22907491028308868,0.0707118958234787,0.003477819263935089,67002571
1755193411.6964087,0,-9.255205154418945,-25.81973648071289,3.2344863414764404,-0.2271222472190857,0.0659424215555191,0.004035718739032745,67012225
1755193411.7117646,0,-9.212076187133789,-26.075546264648438,3.2269749641418457,-0.22955173254013062,0.06607271730899811,0.0028664544224739075,67031531
1755193411.7272017,0,-9.332592964172363,-26.129127502441406,3.5194108486175537,-0.23534904420375824,0.06471017003059387,0.002589769661426544,67050838
1755193411.743157,0,-8.489585876464844,-25.285438537597656,2.920694351196289,-0.21570727229118347,0.06159539893269539,0.006105653941631317,67060491
1755193411.7591965,0,-8.573423385620117,-25.150955200195312,2.993999481201172,-0.21095100045204163,0.061883751302957535,0.00502728670835495,67079798
1755193411.7751355,0,-8.997664451599121,-25.57819175720215,2.9630203247070312,-0.2158592939376831,0.06730860471725464,0.005508676171302795,67099104
1755193411.7910314,0,-9.648982048034668,-26.080371856689453,3.711034059524536,-0.24130049347877502,0.07458112388849258,0.002370409667491913,67108758
1755193411.807023,0,-9.017376899719238,-25.533477783203125,3.335911989212036,-0.22809621691703796,0.06914342939853668,0.0021666884422302246,67128064
1755193411.8219485,0,-9.118897438049316,-26.040956497192383,3.0727860927581787,-0.22666294872760773,0.06319709122180939,0.0044436976313591,67137718
1755193411.8369098,0,-9.239736557006836,-26.109561920166016,3.1296186447143555,-0.23106250166893005,0.06801016628742218,0.003925256431102753,67157026
1755193411.8518717,0,-9.16977596282959,-25.558460235595703,3.187798023223877,-0.22376616299152374,0.0679529458284378,0.0034505054354667664,67166679
1755193411.8678284,0,-9.12515926361084,-25.224090576171875,3.307671308517456,-0.21989920735359192,0.0663214921951294,0.00361575186252594,67185985
1755193411.8837826,0,-8.981911659240723,-25.634384155273438,3.35418438911438,-0.22350338101387024,0.06261247396469116,0.003110922873020172,67205290
1755193411.8992326,0,-9.291061401367188,-25.762161254882812,2.986076831817627,-0.22711941599845886,0.07394503057003021,0.002520747482776642,67214944
1755193411.9146998,0,-9.421319007873535,-25.63479232788086,3.2158238887786865,-0.2247231900691986,0.0759769082069397,0.002772204577922821,67234248
1755193411.9316542,0,-9.363504409790039,-25.525808334350586,3.4465065002441406,-0.22190311551094055,0.06870083510875702,0.0036129802465438843,67253553
1755193411.946615,0,-8.988273620605469,-26.279823303222656,2.9618122577667236,-0.23739293217658997,0.06978363543748856,0.002584308385848999,67263207
1755193411.962574,0,-9.078186988830566,-26.224836349487305,3.148080825805664,-0.23724135756492615,0.06940998136997223,0.0030861422419548035,67282513
1755193411.9796238,0,-8.7232666015625,-26.02203941345215,3.1222119331359863,-0.23368600010871887,0.06499646604061127,0.003248371183872223,67301820
1755193411.9944859,0,-9.457202911376953,-25.66140365600586,3.2571215629577637,-0.22145922482013702,0.07039497792720795,0.003299988806247711,67311473
1755193412.0095708,0,-9.790565490722656,-25.89999771118164,3.524716377258301,-0.2267223298549652,0.07892128080129623,0.0021009519696235657,67330778
1755193412.0254593,0,-8.659317016601562,-25.828887939453125,3.002196788787842,-0.22832071781158447,0.05824591591954231,0.0055730268359184265,67340430
1755193412.0413616,0,-8.662187576293945,-25.966922760009766,2.8304800987243652,-0.227076917886734,0.05843467637896538,0.006208993494510651,67359736
1755193412.0563219,0,-8.717622756958008,-26.333660125732422,2.6043338775634766,-0.2310100495815277,0.058900054544210434,0.006719186902046204,67379040
1755193412.0712812,0,-9.506731033325195,-25.358549118041992,3.8516483306884766,-0.22602181136608124,0.07396567612886429,0.001150086522102356,67388693
1755193412.0862415,0,-9.36599063873291,-25.090930938720703,4.07603120803833,-0.2230462282896042,0.06998269259929657,0.0023301243782043457,67407997
1755193412.1018615,0,-8.992658615112305,-27.1597843170166,2.3840737342834473,-0.24026402831077576,0.06965037435293198,0.006013333797454834,67417650
1755193412.1171575,0,-9.22834587097168,-26.754669189453125,2.5297935009002686,-0.23401305079460144,0.07727791368961334,0.004019424319267273,67436957
1755193412.1341143,0,-9.433063507080078,-26.898090362548828,2.53134822845459,-0.23974531888961792,0.08324821293354034,0.0030550584197044373,67456263
1755193412.1480749,0,-9.091270446777344,-24.952533721923828,3.800211191177368,-0.2187165468931198,0.055508602410554886,0.005726583302021027,67465916
1755193412.1630363,0,-9.096343040466309,-25.168067932128906,3.6385655403137207,-0.22222447395324707,0.05269395560026169,0.006250739097595215,67485221
1755193412.178993,0,-9.432022094726562,-26.40898895263672,2.801133632659912,-0.234942227602005,0.08441075682640076,0.0020966902375221252,67494871
1755193412.1947699,0,-9.318235397338867,-25.709518432617188,2.9173083305358887,-0.2244182527065277,0.08360351622104645,0.0015459135174751282,67514176
1755193412.2099102,0,-9.64272689819336,-25.52359390258789,3.3988070487976074,-0.22138053178787231,0.08375656604766846,0.000914454460144043,67533481
1755193412.2249084,0,-8.68487548828125,-25.189777374267578,3.215825319290161,-0.22272303700447083,0.050545793026685715,0.009088262915611267,67543135
1755193412.2408667,0,-8.705609321594238,-25.91674041748047,2.9273576736450195,-0.22443945705890656,0.051059357821941376,0.006449997425079346,67562439
1755193412.256827,0,-9.440267562866211,-25.436214447021484,3.5784122943878174,-0.22550049424171448,0.07931473851203918,0.0016280263662338257,67572092
1755193412.2727525,0,-9.220792770385742,-25.207717895507812,3.5885426998138428,-0.22146710753440857,0.07129383832216263,0.0026067420840263367,67591396
1755193412.2877848,0,-9.14199447631836,-25.298320770263672,3.516674757003784,-0.22185224294662476,0.06729148328304291,0.0031650960445404053,67610703
1755193412.3031662,0,-9.329322814941406,-26.23436737060547,3.025902032852173,-0.2318243384361267,0.07149937748908997,0.003543749451637268,67620357
1755193412.3186212,0,-9.264440536499023,-26.062618255615234,3.102416753768921,-0.22973550856113434,0.07106480002403259,0.0035701170563697815,67639663
1755193412.333579,0,-9.159387588500977,-25.712724685668945,3.2886295318603516,-0.2265077829360962,0.06708517670631409,0.003659874200820923,67649315
1755193412.3485796,0,-9.141698837280273,-25.78224754333496,3.2706024646759033,-0.2274666279554367,0.06767833232879639,0.003634050488471985,67668620
1755193412.364623,0,-9.193340301513672,-25.83649253845215,3.247281789779663,-0.22774814069271088,0.06854314357042313,0.0037446320056915283,67687925
1755193412.3805504,0,-9.250581741333008,-25.86060333251953,3.2087559700012207,-0.22803962230682373,0.0697123110294342,0.003588855266571045,67697576
1755193412.3964155,0,-9.083332061767578,-25.78396987915039,3.2565548419952393,-0.22720876336097717,0.0666247308254242,0.0037471503019332886,67716881
1755193412.4162192,0,-9.071016311645508,-25.844528198242188,3.138036012649536,-0.22623080015182495,0.06619782745838165,0.004291638731956482,67736185
1755193412.4274483,0,-9.117475509643555,-25.646656036376953,3.3798885345458984,-0.22732505202293396,0.06695673614740372,0.003338858485221863,67745840
1755193412.447326,0,-9.169281005859375,-25.657554626464844,3.3197004795074463,-0.22711974382400513,0.06729678064584732,0.003610841929912567,67765144
1755193412.4592514,0,-9.348767280578613,-26.159168243408203,3.144432544708252,-0.23168641328811646,0.07239671051502228,0.0032208263874053955,67774796
1755193412.474358,0,-9.259956359863281,-26.00678253173828,3.1471705436706543,-0.23017019033432007,0.07072929292917252,0.0033752620220184326,67794100
1755193412.4922087,0,-9.22806167602539,-25.892242431640625,3.225839853286743,-0.2285623997449875,0.06988983601331711,0.00355587899684906,67813405
1755193412.505123,0,-9.174344062805176,-25.820737838745117,3.2277541160583496,-0.22740577161312103,0.06784094870090485,0.0035615116357803345,67823058
1755193412.5220764,0,-9.224396705627441,-25.904727935791016,3.200058937072754,-0.22855187952518463,0.06835123896598816,0.0036110058426856995,67842364
1755193412.5370395,0,-9.210884094238281,-25.80755615234375,3.1970252990722656,-0.22657553851604462,0.06930908560752869,0.003446415066719055,67852016
1755193412.552993,0,-9.378662109375,-26.125808715820312,3.1610560417175293,-0.23198029398918152,0.07142267376184464,0.003387041389942169,67871320
1755193412.5715144,0,-9.303582191467285,-26.132566452026367,3.175706624984741,-0.2344779372215271,0.0706840455532074,0.00334959477186203,67890624
1755193412.5849588,0,-8.897745132446289,-25.4976806640625,3.0999794006347656,-0.22066418826580048,0.06242455169558525,0.004163272678852081,67900276
1755193412.6001594,0,-9.48037338256836,-26.23846435546875,2.955664873123169,-0.23123699426651,0.07495330274105072,0.0035142824053764343,67919582
1755193412.618818,0,-9.311992645263672,-26.07798957824707,2.94675612449646,-0.22564047574996948,0.07039295136928558,0.003689512610435486,67938887
1755193412.631903,0,-8.969352722167969,-25.731117248535156,3.2901549339294434,-0.2290743589401245,0.06473150849342346,0.004025399684906006,67948539
1755193412.6487393,0,-8.981094360351562,-25.378311157226562,3.335294723510742,-0.2249774932861328,0.0640212893486023,0.004474326968193054,67967844
1755193412.66793,0,-8.888503074645996,-25.594451904296875,3.065269708633423,-0.22818218171596527,0.05924639478325844,0.006004318594932556,67987148
1755193412.6786609,0,-9.647605895996094,-26.074283599853516,3.520693302154541,-0.23154176771640778,0.07822440564632416,0.002062760293483734,67996801
1755193412.6956139,0,-9.58890151977539,-25.686599731445312,3.328622817993164,-0.22516250610351562,0.07831733673810959,0.0005734041333198547,68016107
1755193412.7085788,0,-8.917886734008789,-26.152587890625,3.2446608543395996,-0.22955796122550964,0.060361072421073914,0.005045317113399506,68025760
1755193412.7239845,0,-9.237335205078125,-26.688323974609375,2.7588868141174316,-0.2397245466709137,0.06369772553443909,0.0035840943455696106,68045066
1755193412.7394962,0,-9.129549026489258,-24.66077423095703,3.5506298542022705,-0.20937129855155945,0.07033944129943848,0.004432223737239838,68054718
1755193412.7565706,0,-8.942008018493652,-24.916027069091797,3.210583209991455,-0.20858082175254822,0.06413304805755615,0.004520967602729797,68074023
1755193412.7724075,0,-9.1744966506958,-25.508346557617188,3.048475980758667,-0.21505893766880035,0.06818887591362,0.004971824586391449,68093329
1755193412.7853734,0,-9.017940521240234,-25.972179412841797,3.427731513977051,-0.2372211217880249,0.06492310762405396,0.0032174810767173767,68102982
1755193412.8015158,0,-8.81460952758789,-25.567195892333984,3.3491857051849365,-0.2293282449245453,0.06297475099563599,0.003680415451526642,68122288
1755193412.8162916,0,-9.389162063598633,-25.924510955810547,3.190526008605957,-0.22519493103027344,0.06858624517917633,0.004097513854503632,68131942
1755193412.833246,0,-9.55383014678955,-26.509716033935547,3.0885655879974365,-0.2333213984966278,0.07344508916139603,0.0027206167578697205,68151248
1755193412.849205,0,-9.780071258544922,-26.706575393676758,3.2115910053253174,-0.24107739329338074,0.07979518175125122,0.0025463253259658813,68170554
1755193412.864163,0,-8.76800537109375,-25.207504272460938,3.2206716537475586,-0.2167573720216751,0.059010107070207596,0.005517452955245972,68180207
1755193412.880312,0,-8.986429214477539,-25.595348358154297,2.973945379257202,-0.21790237724781036,0.061779577285051346,0.004976041615009308,68199513
1755193412.899537,0,-9.26573657989502,-26.27157211303711,2.795687198638916,-0.22701002657413483,0.06521651148796082,0.005369752645492554,68218818
1755193412.9117174,0,-9.15241813659668,-25.2605037689209,3.6685361862182617,-0.2255413830280304,0.07143738120794296,0.0018942654132843018,68228472
1755193412.926997,0,-9.106947898864746,-25.12527084350586,3.60416316986084,-0.22057777643203735,0.06712431460618973,0.002836257219314575,68247777
1755193412.9481275,0,-9.230528831481934,-25.048093795776367,3.542787551879883,-0.21838372945785522,0.0684535875916481,0.003384135663509369,68267083
1755193412.9589097,0,-9.452558517456055,-26.724987030029297,2.974954128265381,-0.24055516719818115,0.07472985982894897,0.0034511014819145203,68276735
1755193412.9748678,0,-9.297868728637695,-26.48021697998047,3.0306200981140137,-0.23801547288894653,0.073105588555336,0.0033054575324058533,68296041
1755193412.9909534,0,-9.143128395080566,-25.39057731628418,3.3336095809936523,-0.22015292942523956,0.0651102215051651,0.004063032567501068,68305695
1755193413.00679,0,-9.115753173828125,-25.558921813964844,3.2430379390716553,-0.22306835651397705,0.06579938530921936,0.004112139344215393,68325001
1755193413.022738,0,-9.199850082397461,-25.804468154907227,3.2201263904571533,-0.22629962861537933,0.0683765783905983,0.003547579050064087,68344307
1755193413.037697,0,-9.163324356079102,-25.80402374267578,3.2241909503936768,-0.2277829647064209,0.06825445592403412,0.003628946840763092,68353959
1755193413.0536542,0,-9.169915199279785,-25.90979766845703,3.1041393280029297,-0.2275576889514923,0.06834518909454346,0.0037465542554855347,68373265
1755193413.0696123,0,-9.389691352844238,-26.098175048828125,3.0613646507263184,-0.23253004252910614,0.07211682200431824,0.0036149993538856506,68392572
1755193413.0845742,0,-9.590951919555664,-26.034770965576172,3.493718147277832,-0.22949039936065674,0.07298629730939865,0.0028139352798461914,68402225
1755193413.1005285,0,-9.523651123046875,-26.3582706451416,3.2073652744293213,-0.234149768948555,0.0702407956123352,0.003232218325138092,68421530
1755193413.116488,0,-8.770800590515137,-25.361495971679688,3.337404489517212,-0.21930566430091858,0.06927437335252762,0.0033139288425445557,68431182
1755193413.1316044,0,-9.073075294494629,-25.835119247436523,3.0426559448242188,-0.22498703002929688,0.06825748085975647,0.004063256084918976,68450487
1755193413.1474042,0,-9.201282501220703,-26.158851623535156,3.031172275543213,-0.22921228408813477,0.06863264739513397,0.003976546227931976,68469793
1755193413.1623645,0,-9.15484619140625,-25.362590789794922,3.4423489570617676,-0.22309575974941254,0.06844060868024826,0.0032957643270492554,68479446
1755193413.1862998,0,-9.353277206420898,-26.40565299987793,3.079444169998169,-0.2382643222808838,0.07023678719997406,0.004473477602005005,68508405
1755193413.208242,0,-9.168756484985352,-26.205224990844727,3.2013862133026123,-0.24258281290531158,0.06870923191308975,0.0037008672952651978,68527712
1755193413.2241983,0,-8.983749389648438,-25.571292877197266,3.4504146575927734,-0.2311703860759735,0.06551321595907211,0.003437258303165436,68547018
1755193413.23916,0,-9.49158763885498,-26.282062530517578,3.0019421577453613,-0.22966793179512024,0.07253062725067139,0.003974728286266327,68556671
1755193413.2541187,0,-9.494794845581055,-26.256433486938477,3.1132259368896484,-0.2326100766658783,0.07292550802230835,0.0032675638794898987,68575978
1755193413.2690804,0,-9.08212661743164,-25.492713928222656,3.26922607421875,-0.222918301820755,0.06665889918804169,0.003543250262737274,68585631
1755193413.2850363,0,-9.130426406860352,-25.63266372680664,3.1773247718811035,-0.22300659120082855,0.06648384034633636,0.0038760900497436523,68604937
1755193413.3020847,0,-9.345755577087402,-26.083419799804688,3.147423267364502,-0.23078371584415436,0.06672875583171844,0.004393137991428375,68624243
1755193413.31695,0,-9.056319236755371,-25.579448699951172,3.22733736038208,-0.2240164577960968,0.06829327344894409,0.003938011825084686,68633895
1755193413.3329072,0,-9.12869644165039,-25.767013549804688,3.1842854022979736,-0.2262578308582306,0.06694002449512482,0.004028297960758209,68653202
1755193413.3498623,0,-9.146406173706055,-25.757064819335938,3.1949360370635986,-0.22605203092098236,0.0684126690030098,0.0037338733673095703,68672508
1755193413.3648217,0,-9.237696647644043,-25.912527084350586,3.2523088455200195,-0.2293371856212616,0.06883379817008972,0.0035037025809288025,68682161
1755193413.3797827,0,-9.187633514404297,-25.85177993774414,3.2393746376037598,-0.22834888100624084,0.06819532811641693,0.0036200135946273804,68701468
1755193413.395741,0,-9.257908821105957,-25.829923629760742,3.24931001663208,-0.22750654816627502,0.06945686787366867,0.003632672131061554,68711122
1755193413.4117358,0,-9.28182315826416,-25.789588928222656,3.2343435287475586,-0.22747603058815002,0.06999993324279785,0.0033559873700141907,68730429
1755193413.426657,0,-9.220186233520508,-25.633377075195312,3.408059597015381,-0.22403044998645782,0.06979753822088242,0.002833835780620575,68749736
1755193413.442615,0,-9.241325378417969,-25.865873336791992,2.9875197410583496,-0.22782914340496063,0.07285692542791367,0.0028360486030578613,68759389
1755193413.4585712,0,-9.015910148620605,-25.462955474853516,3.3112940788269043,-0.2204129993915558,0.06948862224817276,0.004217572510242462,68778695
1755193413.4735324,0,-9.421350479125977,-26.461156845092773,3.173072099685669,-0.23999720811843872,0.07062182575464249,0.0034136250615119934,68788349
1755193413.4894884,0,-9.257621765136719,-26.051929473876953,3.3220086097717285,-0.23322036862373352,0.06912682950496674,0.0033510401844978333,68807656
1755193413.5054462,0,-9.103558540344238,-26.013273239135742,3.0708718299865723,-0.23053762316703796,0.06664334237575531,0.0034277960658073425,68826962
1755193413.5214033,0,-9.295875549316406,-25.488231658935547,3.153748035430908,-0.22176343202590942,0.07170426845550537,0.0030549392104148865,68836615
1755193413.536412,0,-9.690397262573242,-25.77265167236328,3.4451160430908203,-0.22643160820007324,0.07747680693864822,0.0020548924803733826,68855921
1755193413.5524979,0,-9.397905349731445,-25.284015655517578,3.4549355506896973,-0.22229211032390594,0.07293964177370071,0.0025503411889076233,68875227
1755193413.5682776,0,-9.225740432739258,-26.2364501953125,3.0011329650878906,-0.23303182423114777,0.0697658509016037,0.004129484295845032,68884880
1755193413.5842352,0,-9.345327377319336,-25.892427444458008,3.2655835151672363,-0.23067522048950195,0.07573936879634857,0.0038781389594078064,68904189
1755193413.6011899,0,-8.901180267333984,-25.323827743530273,3.10076904296875,-0.21940237283706665,0.06647457182407379,0.004557520151138306,68923496
1755193413.614358,0,-9.725576400756836,-26.80965805053711,3.3652448654174805,-0.24319033324718475,0.07753443717956543,0.002233073115348816,68933149
1755193413.6301124,0,-9.11630916595459,-25.914562225341797,3.3183939456939697,-0.23221591114997864,0.06976442784070969,0.0034800246357917786,68952457
1755193413.64607,0,-9.346479415893555,-25.95618438720703,3.2956042289733887,-0.2245425283908844,0.06599628925323486,0.004458688199520111,68962111
1755193413.6620274,0,-9.846668243408203,-27.451339721679688,2.8524587154388428,-0.2508692145347595,0.0735914558172226,0.003136277198791504,68981418
1755193413.6779847,0,-9.691699981689453,-27.021724700927734,3.1493544578552246,-0.24957476556301117,0.07600686699151993,0.002644933760166168,69000723
1755193413.6929443,0,-8.901531219482422,-25.113380432128906,3.209909677505493,-0.21234682202339172,0.06279473751783371,0.0047753602266311646,69010376
1755193413.708902,0,-9.039920806884766,-25.710737228393555,3.0942158699035645,-0.22213944792747498,0.06390096247196198,0.004503354430198669,69029681
1755193413.7258565,0,-9.193414688110352,-25.997095108032227,3.1081254482269287,-0.22858183085918427,0.06692841649055481,0.004255309700965881,69048987
1755193413.740817,0,-9.251558303833008,-25.74203872680664,3.33267879486084,-0.22719013690948486,0.07033021003007889,0.003140769898891449,69058641
1755193413.755776,0,-9.246795654296875,-25.79269790649414,3.2626566886901855,-0.22755184769630432,0.06923317909240723,0.0034464001655578613,69077948
1755193413.7711084,0,-9.217018127441406,-25.905426025390625,3.205022096633911,-0.22816471755504608,0.06906086206436157,0.0035448670387268066,69087602
1755193413.7867005,0,-9.219144821166992,-25.825157165527344,3.213621139526367,-0.22748616337776184,0.0689159408211708,0.0034164637327194214,69106908
1755193413.8036485,0,-9.201184272766113,-25.888729095458984,3.18699312210083,-0.2283404916524887,0.06874004751443863,0.0036909878253936768,69126214
1755193413.818609,0,-9.229284286499023,-25.89848518371582,3.134742259979248,-0.22853250801563263,0.06860919296741486,0.0036317333579063416,69135867
1755193413.834566,0,-9.273560523986816,-25.995372772216797,3.1546926498413086,-0.23160558938980103,0.06928373128175735,0.0035979896783828735,69155173
1755193413.8515205,0,-9.315958976745605,-25.97360610961914,3.2132797241210938,-0.23117458820343018,0.07056060433387756,0.003298357129096985,69174480
1755193413.8664804,0,-9.206460952758789,-25.66393280029297,3.16251802444458,-0.22569981217384338,0.06742040812969208,0.0038955658674240112,69184133
1755193413.882438,0,-9.21639633178711,-25.799114227294922,3.0843870639801025,-0.22869494557380676,0.0684509128332138,0.0035887882113456726,69203439
1755193413.899392,0,-9.098600387573242,-25.586620330810547,2.912729263305664,-0.2255425751209259,0.06694196909666061,0.0038274824619293213,69222744
1755193413.9143527,0,-9.260839462280273,-25.861541748046875,2.8511950969696045,-0.2302950620651245,0.06946064531803131,0.003778129816055298,69232397
1755193413.9303102,0,-9.24200439453125,-26.025171279907227,2.873622179031372,-0.2312563806772232,0.0693155974149704,0.0040495023131370544,69251704
1755193413.946267,0,-9.249035835266113,-25.784101486206055,3.1767027378082275,-0.22894738614559174,0.07013162225484848,0.003219112753868103,69261357
1755193413.9622257,0,-9.248245239257812,-25.754417419433594,3.0807511806488037,-0.2297614961862564,0.06969437003135681,0.0035404562950134277,69271011
1755193413.9781835,0,-9.233951568603516,-25.743408203125,2.965679407119751,-0.23060107231140137,0.06975768506526947,0.0033459439873695374,69299970
1755193413.9941401,0,-9.241655349731445,-25.76144790649414,2.9591403007507324,-0.23093008995056152,0.06972838193178177,0.0035311877727508545,69309623
1755193414.009099,0,-9.23232650756836,-25.7801570892334,2.957183837890625,-0.23133912682533264,0.0696050301194191,0.003630414605140686,69328928
1755193414.0261152,0,-9.202332496643066,-25.78894805908203,2.9349911212921143,-0.23167139291763306,0.06930932402610779,0.0033962950110435486,69348234
1755193414.03902,0,-9.227848052978516,-25.719663619995117,2.934810161590576,-0.23153971135616302,0.06979937851428986,0.0037071406841278076,69357887
1755193414.054977,0,-9.23890209197998,-25.78711700439453,2.815861225128174,-0.2337796986103058,0.07223950326442719,0.0036350861191749573,69377193
1755193414.069936,0,-9.430196762084961,-26.065752029418945,2.6245148181915283,-0.23393315076828003,0.07363303005695343,0.0038809850811958313,69386847
1755193414.0848978,0,-9.029518127441406,-25.606224060058594,2.7927536964416504,-0.2265438735485077,0.06855449080467224,0.004028052091598511,69406154
1755193414.1008542,0,-9.254833221435547,-25.874080657958984,2.32281494140625,-0.2300858497619629,0.07261963188648224,0.003004230558872223,69415807
1755193414.1168113,0,-9.420747756958008,-26.647232055664062,2.529416561126709,-0.23173224925994873,0.07524796575307846,0.0034769847989082336,69435113
1755193414.1317708,0,-9.206336975097656,-25.959854125976562,2.346224308013916,-0.22963176667690277,0.07378844916820526,0.0042367130517959595,69454419
1755193414.147728,0,-9.376219749450684,-25.78502655029297,2.4569947719573975,-0.22759197652339935,0.076140396296978,0.0039243027567863464,69464073
1755193414.1626883,0,-9.397444725036621,-25.836732864379883,2.2379415035247803,-0.22852152585983276,0.07748724520206451,0.0029788613319396973,69483379
1755193414.1786468,0,-9.356708526611328,-25.77437400817871,2.1762537956237793,-0.2287256121635437,0.07614116370677948,0.003804914653301239,69502685
1755193414.1946032,0,-9.41244888305664,-25.880355834960938,2.2342734336853027,-0.22854509949684143,0.0780482143163681,0.0029161423444747925,69512338
1755193414.2105613,0,-9.17746639251709,-25.663658142089844,2.1437368392944336,-0.22520624101161957,0.07126077264547348,0.003611542284488678,69531645
1755193414.2285128,0,-9.205657005310059,-25.746631622314453,2.1832218170166016,-0.22658884525299072,0.07241752743721008,0.004016980528831482,69550950
1755193414.2425308,0,-9.242622375488281,-25.696826934814453,2.120795249938965,-0.22585967183113098,0.07458634674549103,0.003336280584335327,69560602
1755193414.2574368,0,-9.248271942138672,-25.731212615966797,2.0873219966888428,-0.2264888435602188,0.07300858944654465,0.0034678056836128235,69579907
1755193414.2733939,0,-9.276832580566406,-25.74981689453125,2.056741237640381,-0.22680266201496124,0.07255002111196518,0.0037149786949157715,69589560
1755193414.288352,0,-9.259471893310547,-25.67427635192871,2.0935606956481934,-0.2264966070652008,0.07088559865951538,0.0035453885793685913,69608866
1755193414.3033118,0,-9.227884292602539,-25.681884765625,2.029493570327759,-0.2273009717464447,0.07096926867961884,0.0038062185049057007,69618519
1755193414.3182733,0,-9.244500160217285,-25.789670944213867,1.987187385559082,-0.22592127323150635,0.07098964601755142,0.0036215707659721375,69637826
1755193414.3342302,0,-9.185868263244629,-25.745159149169922,2.1940340995788574,-0.22233465313911438,0.07021431624889374,0.0035448893904685974,69657132
1755193414.3491905,0,-9.222709655761719,-25.787429809570312,2.1242034435272217,-0.22375744581222534,0.07072171568870544,0.0034444406628608704,69666785
1755193414.3651483,0,-9.239572525024414,-25.75335693359375,2.137411594390869,-0.2240929901599884,0.07072644680738449,0.0037401318550109863,69686090
1755193414.380107,0,-9.238731384277344,-25.770822525024414,2.0816397666931152,-0.22463221848011017,0.07041358947753906,0.003675609827041626,69695743
1755193414.3960671,0,-9.243410110473633,-25.760784149169922,2.122753620147705,-0.2253251075744629,0.07047802954912186,0.003662422299385071,69715050
1755193414.4120226,0,-9.259344100952148,-25.74016761779785,2.115856885910034,-0.22566799819469452,0.07043831050395966,0.0036493688821792603,69734355
1755193414.4280372,0,-9.206849098205566,-25.720630645751953,2.104172468185425,-0.2259218543767929,0.06987257301807404,0.0035087168216705322,69744008
1755193414.4439452,0,-9.21865463256836,-25.716472625732422,2.050847291946411,-0.2263888716697693,0.06985282152891159,0.003545917570590973,69763311
1755193414.4598944,0,-9.220991134643555,-25.584774017333984,2.0721287727355957,-0.22774234414100647,0.07098469883203506,0.003728702664375305,69782616
1755193414.475854,0,-9.219993591308594,-25.577213287353516,2.04190731048584,-0.22939519584178925,0.07171698659658432,0.0037684738636016846,69792268
1755193414.4918115,0,-9.165464401245117,-25.937450408935547,1.7662549018859863,-0.2326585203409195,0.07711157202720642,0.002915032207965851,69811574
1755193414.5077672,0,-9.048066139221191,-25.480064392089844,1.940627098083496,-0.2230231761932373,0.07272034883499146,0.00467575341463089,69830880
1755193414.521961,0,-9.38862419128418,-25.65923309326172,1.7772754430770874,-0.22945235669612885,0.08162032067775726,0.0034314170479774475,69840533
1755193414.5376854,0,-9.193361282348633,-25.57491683959961,1.7438641786575317,-0.22863268852233887,0.0782158225774765,0.0037884563207626343,69859838
1755193414.5526505,0,-9.147708892822266,-25.635353088378906,1.608227252960205,-0.2284141480922699,0.07332669198513031,0.004395335912704468,69869491
1755193414.5676079,0,-9.364048957824707,-25.64272689819336,1.8723491430282593,-0.22566872835159302,0.07821100950241089,0.003142900764942169,69888799
1755193414.5835645,0,-9.16909408569336,-25.597312927246094,1.5253057479858398,-0.2246837019920349,0.0745992511510849,0.0038351863622665405,69898452
1755193414.5995195,0,-9.315469741821289,-25.68671226501465,1.4538564682006836,-0.23044824600219727,0.07746273279190063,0.004058822989463806,69917758
1755193414.6144824,0,-9.400144577026367,-25.783191680908203,1.3929872512817383,-0.22825616598129272,0.0785754919052124,0.003912940621376038,69937063
1755193414.6304812,0,-9.289960861206055,-25.623516082763672,1.4795176982879639,-0.22634923458099365,0.07763149589300156,0.003401130437850952,69946716
1755193414.6465065,0,-9.36735725402832,-25.652498245239258,1.4536527395248413,-0.22709816694259644,0.07954710721969604,0.003230638802051544,69966022
1755193414.6624827,0,-9.482688903808594,-25.779056549072266,1.2589607238769531,-0.2282511591911316,0.07566644251346588,0.0035591349005699158,69985330
1755193414.6783104,0,-9.233369827270508,-25.56204605102539,1.2146368026733398,-0.2246616631746292,0.07526769489049911,0.0029290318489074707,69994983
1755193414.6942677,0,-9.078231811523438,-25.494388580322266,1.0788497924804688,-0.2238433063030243,0.07017448544502258,0.003992356359958649,70014289
1755193414.7102253,0,-9.305768966674805,-25.638687133789062,1.034089207649231,-0.22585901618003845,0.07657172530889511,0.0034787803888320923,70033596
1755193414.7251844,0,-9.343663215637207,-25.646671295166016,0.9795408248901367,-0.22623632848262787,0.07546177506446838,0.0031270086765289307,70043249
1755193414.7411895,0,-9.20484733581543,-25.552810668945312,0.9019390940666199,-0.22413554787635803,0.07427188754081726,0.003646053373813629,70062555
1755193414.7570982,0,-9.307671546936035,-25.683208465576172,0.913405179977417,-0.226426362991333,0.07638809084892273,0.0033470019698143005,70072209
1755193414.7730916,0,-9.251224517822266,-25.642292022705078,0.9129948019981384,-0.22428368031978607,0.07587526738643646,0.0036026909947395325,70091514
1755193414.789099,0,-9.305883407592773,-25.626060485839844,0.9189236164093018,-0.2237476110458374,0.07824882119894028,0.003597863018512726,70110820
1755193414.8049731,0,-9.270801544189453,-25.62970542907715,0.9473050832748413,-0.22406750917434692,0.07822044938802719,0.0037416890263557434,70120473
1755193414.8209653,0,-9.268211364746094,-25.606910705566406,0.893234372138977,-0.22412025928497314,0.07847102731466293,0.003895282745361328,70139780
1755193414.8369215,0,-9.253148078918457,-25.594127655029297,0.9069365859031677,-0.2242700308561325,0.07922010123729706,0.0037847310304641724,70159086
1755193414.852847,0,-9.264837265014648,-25.621301651000977,0.8377642035484314,-0.2245752215385437,0.0796438679099083,0.0036506354808807373,70168739
1755193414.8688068,0,-9.304817199707031,-25.622480392456055,0.8257229328155518,-0.22455188632011414,0.0795661062002182,0.003883950412273407,70188047
1755193414.8847587,0,-9.31420612335205,-25.646953582763672,0.8171013593673706,-0.22460070252418518,0.07908398658037186,0.0037793591618537903,70207354
1755193414.8997183,0,-9.23184585571289,-25.633106231689453,0.8561588525772095,-0.22450128197669983,0.07734519243240356,0.003951467573642731,70217008
1755193414.9157162,0,-9.236017227172852,-25.590255737304688,0.738278329372406,-0.224816232919693,0.07800868153572083,0.0038011372089385986,70236313
1755193414.9326296,0,-9.408212661743164,-25.634490966796875,0.7351932525634766,-0.22511690855026245,0.08267909288406372,0.003321319818496704,70255620
1755193414.9476535,0,-9.258472442626953,-25.635391235351562,0.7128967046737671,-0.22511601448059082,0.08044475317001343,0.0037303417921066284,70265272
1755193414.963547,0,-9.341676712036133,-25.584163665771484,0.7408353090286255,-0.22547024488449097,0.08222703635692596,0.003520593047142029,70284577
1755193414.9805114,0,-9.103017807006836,-25.51532745361328,0.6912064552307129,-0.22452285885810852,0.07418804615736008,0.004067704081535339,70303881
1755193414.9946709,0,-9.247505187988281,-25.562822341918945,0.7141453623771667,-0.2264602780342102,0.07963430136442184,0.0033738911151885986,70313534
1755193415.010487,0,-9.234441757202148,-25.54928207397461,0.5562514662742615,-0.22615714371204376,0.07751580327749252,0.003698118031024933,70332839
1755193415.0260725,0,-9.233562469482422,-25.474021911621094,0.6071762442588806,-0.22563612461090088,0.07842880487442017,0.003980271518230438,70342492
1755193415.0414226,0,-9.400251388549805,-25.70736312866211,0.4870525002479553,-0.2296866476535797,0.08554332703351974,0.003496982157230377,70361797
1755193415.0573926,0,-9.241606712341309,-25.541767120361328,0.4523884654045105,-0.227319598197937,0.08254337310791016,0.003862641751766205,70381102
1755193415.0732908,0,-9.41000747680664,-25.712928771972656,0.42645901441574097,-0.2280447781085968,0.08339613676071167,0.0035223737359046936,70390755
1755193415.0882127,0,-9.248334884643555,-25.54404640197754,0.40997523069381714,-0.22018805146217346,0.08092276751995087,0.00382918119430542,70410061
1755193415.1042106,0,-9.392864227294922,-25.719717025756836,0.3275710344314575,-0.22253762185573578,0.08314719796180725,0.0035206377506256104,70419714
1755193415.1201649,0,-9.272446632385254,-25.52223014831543,0.42339640855789185,-0.22116874158382416,0.07955607771873474,0.004321351647377014,70439020
1755193415.1360865,0,-9.654160499572754,-25.734947204589844,0.2802571654319763,-0.22389915585517883,0.08362982422113419,0.0025169849395751953,70458327
1755193415.1520438,0,-9.487844467163086,-25.65160369873047,0.37606537342071533,-0.22139866650104523,0.08067803829908371,0.0027144476771354675,70467980
1755193415.1680617,0,-9.317374229431152,-25.628173828125,0.06656867265701294,-0.2240564525127411,0.07353392243385315,0.004038386046886444,70487287
1755193415.1839583,0,-9.318769454956055,-25.64288330078125,0.04303985834121704,-0.22470122575759888,0.0758206695318222,0.003368176519870758,70506594
1755193415.1999147,0,-9.127002716064453,-25.340614318847656,0.029441893100738525,-0.22103974223136902,0.07458993792533875,0.003747597336769104,70516248
1755193415.2148767,0,-9.435818672180176,-25.585514068603516,0.044198572635650635,-0.22404365241527557,0.08116082847118378,0.003626517951488495,70535554
1755193415.230832,0,-9.324167251586914,-25.530052185058594,0.08196896314620972,-0.22294214367866516,0.07462245225906372,0.004064545035362244,70554861
1755193415.2467897,0,-9.378799438476562,-25.695415496826172,-0.10002180933952332,-0.22461959719657898,0.07905253767967224,0.0035218894481658936,70564515
1755193415.2624724,0,-9.235963821411133,-25.531856536865234,-0.16953441500663757,-0.22113603353500366,0.07426770776510239,0.004193231463432312,70583821
1755193415.2777085,0,-9.249458312988281,-25.517166137695312,-0.14755135774612427,-0.2220894694328308,0.07557272911071777,0.00399288535118103,70593474
1755193415.2929447,0,-9.314607620239258,-25.53119659423828,-0.15509051084518433,-0.22388187050819397,0.07805778831243515,0.0037946850061416626,70612779
1755193415.3086724,0,-9.325763702392578,-25.55335235595703,-0.26794111728668213,-0.2244911789894104,0.07657717913389206,0.003644399344921112,70632085
1755193415.3241394,0,-9.230779647827148,-25.417465209960938,-0.3397586941719055,-0.2230556309223175,0.07556478679180145,0.0038683339953422546,70641738
1755193415.3396316,0,-9.351844787597656,-25.570720672607422,-0.3183094263076782,-0.22438010573387146,0.0752611756324768,0.003731079399585724,70661044
1755193415.3555353,0,-9.216554641723633,-25.32845687866211,-0.28940773010253906,-0.22185134887695312,0.07555878162384033,0.004204988479614258,70670697
1755193415.370496,0,-9.295087814331055,-25.445598602294922,-0.3236447870731354,-0.22884908318519592,0.08024738729000092,0.004068508744239807,70690005
1755193415.3864176,0,-9.42293930053711,-25.49115753173828,-0.4157203435897827,-0.23030982911586761,0.08235404640436172,0.0035786405205726624,70709311
1755193415.4013784,0,-9.3302640914917,-25.508710861206055,-0.45465636253356934,-0.23003479838371277,0.08148183673620224,0.003372013568878174,70718965
1755193415.4173346,0,-9.250290870666504,-25.41675567626953,-0.43806764483451843,-0.2299780249595642,0.08129504323005676,0.003831237554550171,70738272
1755193415.4342885,0,-9.308425903320312,-25.46245574951172,-0.5177721381187439,-0.2315129041671753,0.08209165930747986,0.003847740590572357,70757579
1755193415.4482884,0,-9.31485652923584,-25.477603912353516,-0.5675938129425049,-0.231492817401886,0.08215753734111786,0.004059627652168274,70767232
1755193415.4642084,0,-9.399779319763184,-25.59030532836914,-0.5681184530258179,-0.2319640815258026,0.08225639909505844,0.0035799965262413025,70786538
1755193415.48017,0,-9.233742713928223,-25.40081024169922,-0.5654487609863281,-0.22869306802749634,0.07989811152219772,0.003319747745990753,70796190
1755193415.4961236,0,-9.323333740234375,-25.433311462402344,-0.514733076095581,-0.22986513376235962,0.0827353224158287,0.0035134926438331604,70815497
1755193415.5120814,0,-9.360919952392578,-25.55652618408203,-0.6712551116943359,-0.23135027289390564,0.07992783188819885,0.003552637994289398,70834804
1755193415.5280664,0,-9.26932144165039,-25.463624954223633,-0.7162161469459534,-0.23070001602172852,0.07823570817708969,0.0036429092288017273,70844457
1755193415.543995,0,-9.300985336303711,-25.50745964050293,-0.7989933490753174,-0.23111993074417114,0.08028633892536163,0.0038628727197647095,70863762
1755193415.5599525,0,-9.222745895385742,-25.38718605041504,-0.6930427551269531,-0.2298893928527832,0.0822436511516571,0.0039529502391815186,70883066
1755193415.57495,0,-9.42839241027832,-25.53120994567871,-0.8137497901916504,-0.23127883672714233,0.08516149967908859,0.003501482307910919,70892719
1755193415.5909064,0,-9.33841323852539,-25.471738815307617,-0.8370521068572998,-0.23144125938415527,0.08313269913196564,0.0032381489872932434,70912026
1755193415.6058664,0,-9.270177841186523,-25.41350746154785,-0.9426432847976685,-0.23030507564544678,0.08172213286161423,0.0036378875374794006,70921679
1755193415.6218271,0,-9.304855346679688,-25.327960968017578,-1.0265169143676758,-0.22997455298900604,0.08534696698188782,0.003441363573074341,70940985
1755193415.6377451,0,-9.572397232055664,-25.509113311767578,-0.8321895599365234,-0.2324247658252716,0.08677004277706146,0.0039898306131362915,70960292
1755193415.6527104,0,-9.604799270629883,-25.816932678222656,-0.8739762902259827,-0.2346074879169464,0.09375058114528656,0.002281971275806427,70969945
1755193415.6686988,0,-9.361444473266602,-25.674545288085938,-0.9904212951660156,-0.22536058723926544,0.0839332640171051,0.00319778174161911,70989253
1755193415.6856234,0,-9.199480056762695,-25.401622772216797,-1.2068849802017212,-0.21882319450378418,0.08274014294147491,0.0037903636693954468,71008560
1755193415.700577,0,-9.17922592163086,-25.36359214782715,-1.2273070812225342,-0.22008217871189117,0.08343392610549927,0.004363693296909332,71018214
1755193415.716534,0,-9.412328720092773,-25.496612548828125,-1.3269281387329102,-0.22015811502933502,0.08612176775932312,0.003013111650943756,71037521
1755193415.7344868,0,-9.278000831604004,-25.47543716430664,-1.4390575885772705,-0.22073902189731598,0.08361504971981049,0.0035674870014190674,71056829
1755193415.7480702,0,-9.355277061462402,-25.468692779541016,-1.483008623123169,-0.22171425819396973,0.07825617492198944,0.004059426486492157,71066482
1755193415.7635236,0,-9.411600112915039,-25.59974479675293,-1.4689981937408447,-0.22200259566307068,0.08183030784130096,0.003929316997528076,71085788
1755193415.7783687,0,-9.34930419921875,-25.47309112548828,-1.4885876178741455,-0.219222754240036,0.08174639195203781,0.003717944025993347,71095442
1755193415.7944286,0,-9.275243759155273,-25.404178619384766,-1.5196422338485718,-0.2187986671924591,0.0768909752368927,0.004088588058948517,71114749
1755193415.811282,0,-9.337158203125,-25.42561912536621,-1.6457600593566895,-0.22221842408180237,0.08152731508016586,0.0039022862911224365,71134056
1755193415.826037,0,-9.39578914642334,-25.505428314208984,-1.6825332641601562,-0.22234594821929932,0.0818290263414383,0.0032626092433929443,71143709
1755193415.8412352,0,-9.42440414428711,-25.405128479003906,-1.8078769445419312,-0.22062119841575623,0.0781344473361969,0.003691844642162323,71163016
1755193415.8571992,0,-9.342013359069824,-25.374174118041992,-1.7748477458953857,-0.22188684344291687,0.07725304365158081,0.003827214241027832,71172669
1755193415.873116,0,-9.350400924682617,-25.403732299804688,-1.8517656326293945,-0.22336606681346893,0.0790424644947052,0.003838062286376953,71191974
1755193415.889072,0,-9.333089828491211,-25.36975860595703,-1.940901517868042,-0.22523298859596252,0.07942460477352142,0.0038505420088768005,71211281
1755193415.904032,0,-9.337993621826172,-25.424861907958984,-1.9939937591552734,-0.22590327262878418,0.07946163415908813,0.003854021430015564,71220934
1755193415.9199905,0,-9.322646141052246,-25.452232360839844,-2.0624067783355713,-0.22699809074401855,0.0801314264535904,0.0035718902945518494,71240240
1755193415.934952,0,-9.302533149719238,-25.388490676879883,-2.0864641666412354,-0.22577987611293793,0.08089114725589752,0.003907255828380585,71249894
1755193415.950907,0,-9.324600219726562,-25.42463493347168,-2.028632640838623,-0.22723636031150818,0.08256497979164124,0.0035917460918426514,71269201
1755193415.9668999,0,-9.386468887329102,-25.49451446533203,-2.129610776901245,-0.22648859024047852,0.07969614863395691,0.003337457776069641,71288507
1755193415.9828265,0,-9.205486297607422,-25.253787994384766,-2.090392589569092,-0.22314894199371338,0.07710262387990952,0.0037754401564598083,71298160
1755193415.9980292,0,-9.279640197753906,-25.349149703979492,-2.0722434520721436,-0.22769814729690552,0.07942414283752441,0.003966905176639557,71317468
1755193416.0137398,0,-9.3493013381958,-25.48916244506836,-2.135216474533081,-0.22855746746063232,0.0824938639998436,0.00418534129858017,71336775
1755193416.0287,0,-9.463211059570312,-25.456863403320312,-1.9274563789367676,-0.22809061408042908,0.08281776309013367,0.003992140293121338,71346427
1755193416.0446935,0,-9.319934844970703,-25.433164596557617,-2.103131055831909,-0.22636550664901733,0.08133401721715927,0.0037901774048805237,71365733
1755193416.0606134,0,-9.239890098571777,-25.435115814208984,-2.1184935569763184,-0.2263893485069275,0.07960782200098038,0.00416160374879837,71375386
1755193416.076121,0,-9.582442283630371,-25.639644622802734,-2.2433366775512695,-0.22869625687599182,0.08612918108701706,0.003077276051044464,71394693
1755193416.091572,0,-9.158088684082031,-25.365467071533203,-2.5086984634399414,-0.22295179963111877,0.08028064668178558,0.004548713564872742,71413999
1755193416.1076636,0,-9.475728034973145,-25.599361419677734,-2.36857271194458,-0.2266966849565506,0.08711692690849304,0.0030514225363731384,71423652
1755193416.1234972,0,-9.291634559631348,-25.29094696044922,-2.3930585384368896,-0.2233138084411621,0.08506359159946442,0.003329239785671234,71442959
1755193416.1414456,0,-9.31220531463623,-25.31077766418457,-2.3587894439697266,-0.22870667278766632,0.08478854596614838,0.004031844437122345,71462265
1755193416.1545632,0,-9.310576438903809,-25.449798583984375,-2.5423970222473145,-0.23102840781211853,0.08614647388458252,0.003666527569293976,71471917
1755193416.170521,0,-9.468358039855957,-25.697303771972656,-2.7639923095703125,-0.23099185526371002,0.08753485232591629,0.0030750930309295654,71491223
1755193416.189763,0,-9.352178573608398,-25.461170196533203,-2.787836790084839,-0.22814425826072693,0.0853017270565033,0.003913000226020813,71510527
1755193416.2022371,0,-9.41850471496582,-25.545886993408203,-2.841386556625366,-0.22839024662971497,0.08643319457769394,0.0035288259387016296,71520180
1755193416.2182028,0,-9.381370544433594,-25.388336181640625,-2.755826950073242,-0.22465237975120544,0.08368301391601562,0.004208557307720184,71539486
1755193416.2322075,0,-9.369115829467773,-25.37383460998535,-2.7943763732910156,-0.22503706812858582,0.0864064171910286,0.003806762397289276,71549139
1755193416.2471209,0,-9.332956314086914,-25.43703842163086,-2.7751128673553467,-0.22669965028762817,0.08490125834941864,0.004043392837047577,71568444
1755193416.2624466,0,-9.33806037902832,-25.400367736816406,-2.695605754852295,-0.2263438105583191,0.08525758981704712,0.004178896546363831,71578096
1755193416.278037,0,-9.333340644836426,-25.369640350341797,-2.7742934226989746,-0.22640837728977203,0.08583953976631165,0.004238806664943695,71597402
1755193416.2949975,0,-9.306663513183594,-25.34992218017578,-3.0426998138427734,-0.22956913709640503,0.08786316961050034,0.004358336329460144,71616708
1755193416.3096023,0,-9.334108352661133,-25.390369415283203,-3.14108943939209,-0.23155030608177185,0.08945189416408539,0.004252299666404724,71626360
1755193416.324963,0,-9.314689636230469,-25.39000701904297,-3.060224771499634,-0.23181676864624023,0.09081459045410156,0.0038247257471084595,71645666
1755193416.3448603,0,-9.340707778930664,-25.473861694335938,-2.87467885017395,-0.23274627327919006,0.09172433614730835,0.003824971616268158,71664971
1755193416.355982,0,-9.33534049987793,-25.46742820739746,-2.8860912322998047,-0.2324800044298172,0.0913500115275383,0.003938697278499603,71674625
1755193416.3719509,0,-9.355759620666504,-25.464012145996094,-2.977020025253296,-0.2322680652141571,0.09187193214893341,0.00400262326002121,71693931
1755193416.3878834,0,-9.375351905822754,-25.462303161621094,-3.020764112472534,-0.2317305952310562,0.09244801849126816,0.004056908190250397,71703583
1755193416.4036977,0,-9.338869094848633,-25.475460052490234,-3.0359649658203125,-0.23137739300727844,0.09205666184425354,0.004079505801200867,71722889
1755193416.4206593,0,-9.348224639892578,-25.454620361328125,-3.0171220302581787,-0.22997227311134338,0.09218913316726685,0.004077531397342682,71742194
1755193416.4347637,0,-9.355428695678711,-25.436552047729492,-3.1254751682281494,-0.22928199172019958,0.09224696457386017,0.004034310579299927,71751847
1755193416.450621,0,-9.392696380615234,-25.636600494384766,-3.3916563987731934,-0.22720514237880707,0.09524385631084442,0.003601938486099243,71771152
1755193416.4660642,0,-9.331238746643066,-25.68685531616211,-3.3655223846435547,-0.22361668944358826,0.09265180677175522,0.003908343613147736,71780804
1755193416.4815347,0,-9.244027137756348,-25.623668670654297,-3.0586049556732178,-0.21640273928642273,0.08820965141057968,0.004107929766178131,71800108
1755193416.499469,0,-9.540666580200195,-25.732654571533203,-3.1508638858795166,-0.21079641580581665,0.08450882136821747,0.0033754855394363403,71819414
1755193416.5136976,0,-8.623428344726562,-24.984493255615234,-3.1487202644348145,-0.2017282247543335,0.06880985200405121,0.00606391578912735,71829064
1755193416.5294504,0,-9.713058471679688,-25.799230575561523,-3.110168933868408,-0.2126692533493042,0.09410017728805542,0.0017302930355072021,71848370
1755193416.5473206,0,-9.347881317138672,-25.373374938964844,-3.211785078048706,-0.20216602087020874,0.08636997640132904,0.004507727921009064,71867676
1755193416.5613155,0,-9.376209259033203,-25.463802337646484,-3.374495506286621,-0.2039494514465332,0.08693434298038483,0.004372827708721161,71877329
1755193416.5772362,0,-9.131460189819336,-25.267536163330078,-3.773494005203247,-0.2056860625743866,0.07675234973430634,0.004561111330986023,71896635
1755193416.5961883,0,-9.308408737182617,-25.44671058654785,-4.099194526672363,-0.21240904927253723,0.07821579277515411,0.003860265016555786,71915940
1755193416.60819,0,-9.308408737182617,-25.44671058654785,-4.099194526672363,-0.21240904927253723,0.07821579277515411,0.003860265016555786,71915940
1755193416.623165,0,-9.206039428710938,-25.273141860961914,-4.3155837059021,-0.2163240611553192,0.07910116016864777,0.0035347044467926025,71944899
1755193416.6390684,0,-9.326542854309082,-25.46933937072754,-4.173701763153076,-0.2225751429796219,0.08297126740217209,0.0037330687046051025,71954551
1755193416.65403,0,-9.286785125732422,-25.513593673706055,-3.947152853012085,-0.2237500548362732,0.08123937249183655,0.003806985914707184,71973857
1755193416.6701329,0,-9.335193634033203,-25.59729766845703,-4.015270709991455,-0.2230055034160614,0.08077925443649292,0.003611229360103607,71993163
1755193416.68598,0,-9.307206153869629,-25.593830108642578,-3.999652862548828,-0.2202138900756836,0.07945302128791809,0.004399478435516357,72002816
1755193416.7019196,0,-9.308198928833008,-25.479068756103516,-4.03546142578125,-0.2173863798379898,0.08038433641195297,0.004567131400108337,72022123
1755193416.7179544,0,-9.317943572998047,-25.523284912109375,-4.151309013366699,-0.2172449827194214,0.080679751932621,0.004765614867210388,72041429
1755193416.7338507,0,-9.29133415222168,-25.455720901489258,-4.140578269958496,-0.21715065836906433,0.08103340864181519,0.00458882749080658,72051081
1755193416.7487752,0,-9.295462608337402,-25.509963989257812,-4.238442897796631,-0.21787700057029724,0.08100205659866333,0.004398569464683533,72070386
1755193416.7647693,0,-9.2867431640625,-25.508594512939453,-4.27121114730835,-0.21823641657829285,0.08091108500957489,0.0043770670890808105,72080038
1755193416.7797537,0,-9.305231094360352,-25.47360610961914,-4.422405242919922,-0.21943402290344238,0.08127526193857193,0.004058338701725006,72099342
1755193416.795653,0,-9.345808029174805,-25.529598236083984,-4.735108852386475,-0.2209356725215912,0.0811079740524292,0.004128731787204742,72118647
1755193416.8116572,0,-9.384794235229492,-25.661428451538086,-4.970448970794678,-0.22038209438323975,0.08068437874317169,0.0036378130316734314,72128299
1755193416.8276134,0,-9.387272834777832,-25.545551300048828,-4.8724493980407715,-0.20749321579933167,0.08270855247974396,0.004080742597579956,72147605
1755193416.8479,0,-9.345722198486328,-25.44858169555664,-5.1363677978515625,-0.20215573906898499,0.07988813519477844,0.0037459880113601685,72166910
1755193416.859484,0,-9.052825927734375,-25.466930389404297,-5.5278706550598145,-0.20108187198638916,0.0754203200340271,0.0033341944217681885,72176563
1755193416.874881,0,-9.424665451049805,-25.285566329956055,-5.149537563323975,-0.20796620845794678,0.08127570152282715,0.0030067265033721924,72195868
1755193416.8907921,0,-9.157781600952148,-25.244800567626953,-5.6536478996276855,-0.20876717567443848,0.07540567964315414,0.0038422197103500366,72205521
1755193416.9058967,0,-9.330960273742676,-25.444683074951172,-5.646893501281738,-0.21492433547973633,0.07877149432897568,0.0032230690121650696,72224825
1755193416.9233096,0,-9.302635192871094,-25.35787582397461,-5.670351505279541,-0.21664369106292725,0.07753296196460724,0.003610461950302124,72244130
1755193416.9369428,0,-9.30976390838623,-25.395381927490234,-5.873793125152588,-0.21841135621070862,0.07813377678394318,0.0033660531044006348,72253783
1755193416.9524157,0,-9.375740051269531,-25.492584228515625,-5.9276251792907715,-0.22039611637592316,0.07612060010433197,0.003192409873008728,72273087
1755193416.9721868,0,-9.25699234008789,-25.328319549560547,-5.909543037414551,-0.21928063035011292,0.07700981199741364,0.003348700702190399,72292390
1755193416.983157,0,-9.290538787841797,-25.43285369873047,-5.841089248657227,-0.22243589162826538,0.07698794454336166,0.00375443696975708,72302043
1755193417.000119,0,-9.41835880279541,-25.450328826904297,-5.806319713592529,-0.22245238721370697,0.07765531539916992,0.0033260956406593323,72321348
1755193417.015071,0,-9.407510757446289,-25.422988891601562,-5.889720916748047,-0.2220664918422699,0.07668854296207428,0.0034573301672935486,72331000
1755193417.030141,0,-9.368515968322754,-25.396038055419922,-6.12647008895874,-0.22154273092746735,0.07466541230678558,0.003560669720172882,72350305
1755193417.049971,0,-9.29603385925293,-25.38679313659668,-6.35615873336792,-0.2231065034866333,0.07430422306060791,0.0031903833150863647,72369611
1755193417.0619392,0,-9.35011100769043,-25.395301818847656,-6.305080890655518,-0.2239650934934616,0.07527756690979004,0.003464043140411377,72379263
1755193417.0788925,0,-9.333200454711914,-25.368148803710938,-6.4001054763793945,-0.22425511479377747,0.07643399387598038,0.0034356340765953064,72398569
1755193417.0948567,0,-9.337015151977539,-25.381824493408203,-6.518441200256348,-0.22568601369857788,0.07775706797838211,0.0037013888359069824,72417874
1755193417.109812,0,-9.378457069396973,-25.470273971557617,-6.625349044799805,-0.22764259576797485,0.07860808074474335,0.0033058226108551025,72427527
1755193417.1258519,0,-9.291444778442383,-25.43782615661621,-6.683975696563721,-0.22827044129371643,0.07653573155403137,0.0038142353296279907,72446832
1755193417.1427197,0,-9.271405220031738,-25.21379852294922,-6.824285507202148,-0.22492389380931854,0.07940463721752167,0.003320924937725067,72466137
1755193417.1577682,0,-9.26971435546875,-25.305782318115234,-6.788822650909424,-0.22909453511238098,0.08426599204540253,0.003449641168117523,72475789
1755193417.173767,0,-9.530574798583984,-25.646854400634766,-6.85021448135376,-0.23269742727279663,0.08288894593715668,0.003160633146762848,72495095
1755193417.1896353,0,-9.301530838012695,-25.3385009765625,-7.114540100097656,-0.2256806194782257,0.07448221743106842,0.0035190582275390625,72504748
1755193417.2051177,0,-9.377650260925293,-25.478656768798828,-7.278949737548828,-0.22717082500457764,0.07582326233386993,0.0035464391112327576,72524055
1755193417.2205155,0,-9.36990737915039,-25.45880889892578,-7.041072845458984,-0.22662022709846497,0.07424455136060715,0.0032098814845085144,72543360
1755193417.2355156,0,-9.354780197143555,-25.412717819213867,-6.917699813842773,-0.22566665709018707,0.07336638122797012,0.0030819177627563477,72553012
1755193417.251438,0,-9.342974662780762,-25.412334442138672,-7.034180641174316,-0.22653642296791077,0.07221035659313202,0.0030958950519561768,72572318
1755193417.2693832,0,-9.31971549987793,-25.435108184814453,-7.250185966491699,-0.22848355770111084,0.07123751938343048,0.0030560865998268127,72591623
1755193417.2833512,0,-9.315338134765625,-25.489212036132812,-7.22487735748291,-0.22894461452960968,0.0711575597524643,0.00333249568939209,72601276
1755193417.299343,0,-9.320513725280762,-25.42418670654297,-7.154656410217285,-0.2260938286781311,0.07177279144525528,0.003570668399333954,72620581
1755193417.3162968,0,-9.351188659667969,-25.422698974609375,-7.308810710906982,-0.22681160271167755,0.07328620553016663,0.0034549757838249207,72639886
1755193417.3313117,0,-9.356752395629883,-25.413856506347656,-7.446839809417725,-0.2262049913406372,0.07363660633563995,0.0034563839435577393,72649539
1755193417.3461802,0,-9.335073471069336,-25.36486053466797,-7.546106815338135,-0.2258823662996292,0.07347315549850464,0.003425702452659607,72668845
1755193417.361465,0,-9.356053352355957,-25.43329620361328,-7.576784133911133,-0.22726181149482727,0.0730590894818306,0.003562629222869873,72678497
1755193417.3770945,0,-9.343330383300781,-25.442283630371094,-7.6762895584106445,-0.22682419419288635,0.07058130949735641,0.003316923975944519,72697803
1755193417.394049,0,-9.290060043334961,-25.405126571655273,-7.414735317230225,-0.2280586063861847,0.06832148134708405,0.0036018267273902893,72717108
1755193417.4091718,0,-9.274482727050781,-25.41970443725586,-7.472037315368652,-0.2301815152168274,0.06873532384634018,0.0035478249192237854,72726761
1755193417.4250526,0,-9.355984687805176,-25.422439575195312,-7.688378810882568,-0.229696586728096,0.07033762335777283,0.003274857997894287,72746067
1755193417.4420567,0,-9.111398696899414,-25.378780364990234,-7.868577003479004,-0.2286955714225769,0.06692397594451904,0.004290230572223663,72765373
1755193417.4558837,0,-9.143495559692383,-25.46070098876953,-8.01537036895752,-0.22916868329048157,0.06721208989620209,0.0036149397492408752,72775026
1755193417.4708462,0,-9.47988510131836,-25.548694610595703,-8.044572830200195,-0.23134128749370575,0.07337801903486252,0.002522490918636322,72794332
1755193417.4859807,0,-9.398378372192383,-25.661426544189453,-7.90037202835083,-0.2293384075164795,0.06854803115129471,0.004609532654285431,72803985
1755193417.5017967,0,-9.233793258666992,-25.702762603759766,-8.043678283691406,-0.22162750363349915,0.07566758990287781,0.005218625068664551,72823291
1755193417.5177298,0,-9.290770530700684,-25.55441665649414,-8.207416534423828,-0.21624237298965454,0.07029738277196884,0.0039043650031089783,72832944
1755193417.5336747,0,-9.203142166137695,-25.535852432250977,-8.42195987701416,-0.2136722207069397,0.06403843313455582,0.003970526158809662,72852250
1755193417.5486352,0,-9.312224388122559,-25.500289916992188,-8.37066650390625,-0.2140379548072815,0.07070158421993256,0.003428041934967041,72871555
1755193417.5646603,0,-9.307470321655273,-25.51531219482422,-8.248836517333984,-0.21445801854133606,0.07051345705986023,0.0036509335041046143,72881207
1755193417.5805497,0,-9.334539413452148,-25.486663818359375,-7.971826553344727,-0.21402423083782196,0.07005289196968079,0.0038812682032585144,72900510
1755193417.5961905,0,-9.314682960510254,-25.466018676757812,-7.786983966827393,-0.2127830684185028,0.0690712034702301,0.004295215010643005,72919816
1755193417.6114666,0,-9.330608367919922,-25.494691848754883,-7.807043075561523,-0.21288713812828064,0.06856605410575867,0.004098802804946899,72929468
1755193417.6274643,0,-9.325928688049316,-25.452796936035156,-7.934322357177734,-0.2129669487476349,0.06815789639949799,0.003868669271469116,72948774
1755193417.6426358,0,-9.294675827026367,-25.42276382446289,-8.109197616577148,-0.21279698610305786,0.06709553301334381,0.004025161266326904,72958426
1755193417.658048,0,-9.289952278137207,-25.407350540161133,-8.471563339233398,-0.2143188863992691,0.06716637313365936,0.004341989755630493,72977731
1755193417.679288,0,-9.328457832336426,-25.387676239013672,-8.744393348693848,-0.21601048111915588,0.06897315382957458,0.004268452525138855,72997035
1755193417.7043858,0,-9.321929931640625,-25.488330841064453,-9.030800819396973,-0.2207525372505188,0.06769411265850067,0.0036351382732391357,73025991
1755193417.7204056,0,-9.290885925292969,-25.487958908081055,-9.097308158874512,-0.22151435911655426,0.06787800043821335,0.00353299081325531,73035644
1755193417.7351384,0,-9.31362533569336,-25.438556671142578,-9.217217445373535,-0.22216764092445374,0.0682939663529396,0.0037590190768241882,73054948
1755193417.7531996,0,-9.38214111328125,-25.605052947998047,-9.571102142333984,-0.2229814976453781,0.06703325361013412,0.003897733986377716,73074251
1755193417.7661073,0,-9.248676300048828,-25.484172821044922,-9.630208969116211,-0.21964475512504578,0.06474869698286057,0.004645965993404388,73083904
1755193417.7820144,0,-9.315967559814453,-25.433046340942383,-9.439637184143066,-0.22219276428222656,0.0677541196346283,0.0038947463035583496,73103208
1755193417.795977,0,-9.298379898071289,-25.436355590820312,-9.484611511230469,-0.2226007878780365,0.06854434311389923,0.0036854520440101624,73112860
1755193417.8119655,0,-9.294593811035156,-25.495084762573242,-9.441166877746582,-0.223687082529068,0.06931362301111221,0.0038989782333374023,73132164
1755193417.8280184,0,-9.332212448120117,-25.414623260498047,-9.422746658325195,-0.22327759861946106,0.0698087140917778,0.0034486353397369385,73151470
1755193417.8438518,0,-9.324555397033691,-25.43121337890625,-9.521989822387695,-0.2237066924571991,0.06946355104446411,0.003634728491306305,73161123
1755193417.858848,0,-9.340143203735352,-25.484220504760742,-9.85524845123291,-0.22496382892131805,0.06709388643503189,0.0034358948469161987,73180427
1755193417.873818,0,-9.322059631347656,-25.53719711303711,-9.943278312683105,-0.22476431727409363,0.0646849125623703,0.003848142921924591,73190079
1755193417.8897257,0,-9.308097839355469,-25.504493713378906,-9.977699279785156,-0.22390469908714294,0.06287753582000732,0.003375925123691559,73209382
1755193417.9056816,0,-9.526119232177734,-25.602935791015625,-9.973126411437988,-0.2240038514137268,0.07055364549160004,0.003572531044483185,73228687
1755193417.9206445,0,-9.476410865783691,-25.51894760131836,-9.648762702941895,-0.22509972751140594,0.06347110867500305,0.0038760825991630554,73238339
1755193417.9367187,0,-9.3189115524292,-25.036151885986328,-9.853519439697266,-0.21774893999099731,0.05091682821512222,0.0036539509892463684,73257642
1755193417.9547439,0,-9.413667678833008,-25.456235885620117,-9.837167739868164,-0.23091253638267517,0.0595376156270504,0.002151995897293091,73276945
1755193417.9685185,0,-9.201906204223633,-25.337383270263672,-9.868863105773926,-0.22941169142723083,0.05442223697900772,0.0029343143105506897,73286597
1755193417.9845924,0,-9.22178840637207,-25.28298568725586,-10.228127479553223,-0.22890207171440125,0.055903710424900055,0.0031374841928482056,73305901
1755193418.0004697,0,-9.335479736328125,-25.302974700927734,-10.395864486694336,-0.23133954405784607,0.059413276612758636,0.0029848068952560425,73315553
1755193418.01643,0,-9.333320617675781,-25.389266967773438,-10.187501907348633,-0.23483675718307495,0.06030748039484024,0.003235451877117157,73334858
1755193418.0324554,0,-9.380643844604492,-25.33322525024414,-9.990177154541016,-0.23606252670288086,0.06192214787006378,0.0034672170877456665,73354162
1755193418.048337,0,-9.357661247253418,-25.35940170288086,-9.872296333312988,-0.23703519999980927,0.0624406561255455,0.0036639049649238586,73363814
1755193418.0642927,0,-9.400424003601074,-25.38387680053711,-9.659281730651855,-0.23604118824005127,0.059407904744148254,0.0034917443990707397,73383118
1755193418.0803466,0,-9.359382629394531,-25.36977767944336,-9.545324325561523,-0.23490601778030396,0.054300110787153244,0.003055974841117859,73402421
1755193418.095284,0,-9.346883773803711,-25.355070114135742,-9.5768404006958,-0.23447440564632416,0.05387266352772713,0.0033497437834739685,73412073
1755193418.1111693,0,-9.406566619873047,-25.37552261352539,-10.00220775604248,-0.2343430519104004,0.055367980152368546,0.0027793124318122864,73431377
1755193418.128086,0,-9.334633827209473,-25.444673538208008,-10.579059600830078,-0.23339995741844177,0.05199833959341049,0.0029553771018981934,73450680
1755193418.1430473,0,-9.334633827209473,-25.444673538208008,-10.579059600830078,-0.23339995741844177,0.05199833959341049,0.0029553771018981934,73450680
1755193418.1591349,0,-9.44852352142334,-25.515602111816406,-10.552923202514648,-0.23151329159736633,0.05730905383825302,0.002870135009288788,73479635
1755193418.173964,0,-9.283716201782227,-25.307939529418945,-10.588295936584473,-0.22866308689117432,0.05462029203772545,0.0035183876752853394,73489287
1755193418.1894686,0,-9.423104286193848,-25.269855499267578,-11.463833808898926,-0.22625279426574707,0.05809250473976135,0.0023503974080085754,73508591
1755193418.2048805,0,-9.362447738647461,-25.409866333007812,-11.146754264831543,-0.23236167430877686,0.05363225191831589,0.002637729048728943,73527895
1755193418.219998,0,-9.346782684326172,-25.367984771728516,-11.063507080078125,-0.23266464471817017,0.05346968397498131,0.0028639137744903564,73537547
1755193418.2348294,0,-9.357597351074219,-25.307292938232422,-11.181672096252441,-0.23303747177124023,0.05310284346342087,0.0031184926629066467,73556851
1755193418.2499156,0,-9.327391624450684,-25.384048461914062,-11.258116722106934,-0.23477596044540405,0.05324709415435791,0.0032852143049240112,73566503
1755193418.265759,0,-9.373775482177734,-25.36051368713379,-11.400705337524414,-0.23577645421028137,0.05442344397306442,0.004028134047985077,73585807
1755193418.2827168,0,-9.353403091430664,-25.381616592407227,-11.629493713378906,-0.23660019040107727,0.05618642270565033,0.003473825752735138,73605111
1755193418.2966363,0,-9.355587005615234,-25.37843894958496,-11.634628295898438,-0.23671740293502808,0.05672747641801834,0.003491535782814026,73614762
1755193418.3126955,0,-9.384870529174805,-25.344329833984375,-11.753057479858398,-0.2357383370399475,0.05643445998430252,0.003247782588005066,73634065
1755193418.3275626,0,-9.401597023010254,-25.36797332763672,-11.874032974243164,-0.23535603284835815,0.05703891068696976,0.003202885389328003,73643717
1755193418.343512,0,-9.428304672241211,-25.330989837646484,-12.05062484741211,-0.2337614893913269,0.05682986229658127,0.003497079014778137,73663018
1755193418.35951,0,-9.350191116333008,-25.399547576904297,-12.063321113586426,-0.23396292328834534,0.05541989952325821,0.0031826943159103394,73682320
1755193418.3744273,0,-9.36661148071289,-25.41656494140625,-12.059165954589844,-0.23394465446472168,0.05520375818014145,0.00314418226480484,73691971
1755193418.389413,0,-9.35162353515625,-25.393863677978516,-12.226593017578125,-0.23394200205802917,0.05381470173597336,0.002937205135822296,73711274
1755193418.4049418,0,-9.423654556274414,-25.40725326538086,-12.270214080810547,-0.2341548651456833,0.05331970378756523,0.002841085195541382,73720925
1755193418.420304,0,-9.402664184570312,-25.38135528564453,-12.313316345214844,-0.23363420367240906,0.048351384699344635,0.002798810601234436,73740228
1755193418.436263,0,-9.3519926071167,-25.411346435546875,-12.277362823486328,-0.23761503398418427,0.046199630945920944,0.002778351306915283,73759533
1755193418.4512236,0,-9.345802307128906,-25.407955169677734,-12.245811462402344,-0.2384001910686493,0.046292804181575775,0.003174908459186554,73769186
1755193418.4673285,0,-9.360368728637695,-25.400497436523438,-12.323027610778809,-0.23930084705352783,0.04666375741362572,0.0027181804180145264,73788489
1755193418.4831388,0,-9.344905853271484,-25.420249938964844,-12.436837196350098,-0.2405482530593872,0.046299830079078674,0.002587325870990753,73798141
1755193418.4991353,0,-9.366863250732422,-25.419940948486328,-12.542757987976074,-0.2413373589515686,0.046344317495822906,0.002850830554962158,73817445
1755193418.5151877,0,-9.359281539916992,-25.411649703979492,-12.647398948669434,-0.2412968873977661,0.046093136072158813,0.002825222909450531,73836750
1755193418.5310135,0,-9.367180824279785,-25.430767059326172,-12.743575096130371,-0.2415001392364502,0.04547407478094101,0.0027054622769355774,73846401
1755193418.5460129,0,-9.356622695922852,-25.4471492767334,-12.733161926269531,-0.2415083646774292,0.045317232608795166,0.002557523548603058,73865705
1755193418.5619273,0,-9.337594032287598,-25.52039337158203,-12.738581657409668,-0.24053214490413666,0.04528024047613144,0.003340296447277069,73885009
1755193418.578012,0,-9.387287139892578,-25.51975440979004,-12.652438163757324,-0.23831407725811005,0.04617718234658241,0.002949431538581848,73894662
1755193418.5938814,0,-9.271699905395508,-25.379329681396484,-12.90256118774414,-0.2341735064983368,0.05021827667951584,0.003369852900505066,73913966
1755193418.6107955,0,-9.152884483337402,-25.548030853271484,-12.585150718688965,-0.23113414645195007,0.054857295006513596,0.003959193825721741,73933270
1755193418.6248,0,-9.365655899047852,-25.98650360107422,-12.341399192810059,-0.23041942715644836,0.058386802673339844,0.004289776086807251,73942922
1755193418.6397235,0,-9.434725761413574,-25.624326705932617,-11.88814926147461,-0.21203486621379852,0.059438180178403854,0.0023339763283729553,73962228
1755193418.655008,0,-9.28222370147705,-25.409652709960938,-11.78712272644043,-0.20630738139152527,0.057047758251428604,0.003399677574634552,73971881
1755193418.6706924,0,-9.104141235351562,-25.552032470703125,-11.727445602416992,-0.2129325270652771,0.045515988022089005,0.003851659595966339,73991187
1755193418.685596,0,-9.351547241210938,-25.45657730102539,-11.78866958618164,-0.2081567645072937,0.04539080709218979,0.0050555989146232605,74000839
1755193418.7015533,0,-9.393009185791016,-25.227832794189453,-12.384702682495117,-0.20225726068019867,0.04378267750144005,0.003147207200527191,74020144
1755193418.717512,0,-9.402732849121094,-25.23893928527832,-12.872648239135742,-0.2050650417804718,0.04728497937321663,0.0028218477964401245,74039447
1755193418.7325115,0,-9.472258567810059,-25.359600067138672,-12.769277572631836,-0.20925718545913696,0.044928207993507385,0.0035395026206970215,74049100
1755193418.7484307,0,-9.523496627807617,-25.302539825439453,-13.07409381866455,-0.20779764652252197,0.04883637651801109,0.003361426293849945,74068404
1755193418.764476,0,-9.31295394897461,-25.296585083007812,-13.177583694458008,-0.20931372046470642,0.0430062860250473,0.004567667841911316,74087711
1755193418.7803462,0,-9.560897827148438,-25.35612678527832,-12.760927200317383,-0.21036115288734436,0.0467059388756752,0.004827439785003662,74097364
1755193418.7953436,0,-9.35928726196289,-25.3208065032959,-12.342572212219238,-0.2113657295703888,0.04551742225885391,0.0042966678738594055,74116668
1755193418.8112636,0,-9.403125762939453,-25.34735107421875,-12.095680236816406,-0.2116158902645111,0.04578288644552231,0.004767134785652161,74126320
1755193418.8272939,0,-9.358729362487793,-25.281665802001953,-12.057995796203613,-0.21012505888938904,0.0459430105984211,0.004438064992427826,74145624
1755193418.8431802,0,-9.377664566040039,-25.29351234436035,-12.462213516235352,-0.212285116314888,0.045774415135383606,0.004049524664878845,74164929
1755193418.8591306,0,-9.388761520385742,-25.270092010498047,-12.741461753845215,-0.21341775357723236,0.0452532097697258,0.0036255940794944763,74174580
1755193418.8746843,0,-9.36314868927002,-25.36566925048828,-13.007119178771973,-0.21578428149223328,0.04421108961105347,0.004087485373020172,74193885
1755193418.890048,0,-9.378283500671387,-25.38794708251953,-13.305608749389648,-0.2164451777935028,0.043346405029296875,0.0038874968886375427,74213189
1755193418.9060688,0,-9.35528564453125,-25.4107723236084,-13.43108081817627,-0.2164226919412613,0.04319686442613602,0.003873974084854126,74222842
1755193418.921016,0,-9.367874145507812,-25.362167358398438,-13.703561782836914,-0.21533392369747162,0.04406336322426796,0.003937952220439911,74242147
1755193418.9369247,0,-9.329916000366211,-25.435256958007812,-14.112738609313965,-0.21657520532608032,0.04465128853917122,0.004418589174747467,74251800
1755193418.9518874,0,-9.582963943481445,-25.613231658935547,-13.746428489685059,-0.21448062360286713,0.04687583073973656,0.0049990639090538025,74271105
1755193418.967845,0,-9.366477966308594,-25.546598434448242,-13.571420669555664,-0.20830872654914856,0.04948027431964874,0.004498615860939026,74290412
1755193418.9835088,0,-9.179370880126953,-25.566631317138672,-13.66644287109375,-0.20556344091892242,0.047256387770175934,0.004094518721103668,74300065
1755193418.9987998,0,-9.341445922851562,-25.72887420654297,-13.826191902160645,-0.2052096724510193,0.047835782170295715,0.003560498356819153,74319371
1755193419.015716,0,-9.230432510375977,-25.514842987060547,-14.096004486083984,-0.20208215713500977,0.04761645570397377,0.003816373646259308,74338678
1755193419.030781,0,-9.294269561767578,-25.588314056396484,-13.858466148376465,-0.2036799043416977,0.04553758352994919,0.004692234098911285,74348331
1755193419.0466654,0,-9.24797248840332,-25.372577667236328,-13.613424301147461,-0.20339620113372803,0.03975597023963928,0.0053942278027534485,74367637
1755193419.0646317,0,-9.341793060302734,-25.339035034179688,-13.511282920837402,-0.20365071296691895,0.0449204184114933,0.005636334419250488,74386941
1755193419.078545,0,-9.405563354492188,-25.480880737304688,-13.419556617736816,-0.205708310008049,0.04562554880976677,0.005256831645965576,74396593
1755193419.094559,0,-9.35245418548584,-25.32019805908203,-13.092296600341797,-0.20601361989974976,0.046344950795173645,0.005392730236053467,74415897
1755193419.1104596,0,-9.462100982666016,-25.48950958251953,-13.148843765258789,-0.20782282948493958,0.04660109430551529,0.004194185137748718,74425549
1755193419.126417,0,-9.34104061126709,-25.455459594726562,-13.525673866271973,-0.2037140130996704,0.042300425469875336,0.00424300879240036,74444854
1755193419.1423736,0,-9.342859268188477,-25.462173461914062,-13.662137031555176,-0.20062701404094696,0.043587323278188705,0.0036651045083999634,74464158
1755193419.1583695,0,-9.324414253234863,-25.43537139892578,-13.749104499816895,-0.19957512617111206,0.043735310435295105,0.003947660326957703,74473810
1755193419.1743243,0,-9.455188751220703,-25.68115997314453,-13.801785469055176,-0.20015498995780945,0.04364197328686714,0.003706984221935272,74493116
1755193419.1903636,0,-9.110282897949219,-25.338539123535156,-13.732301712036133,-0.1947883665561676,0.037615545094013214,0.004891887307167053,74512421
1755193419.2062068,0,-9.295037269592285,-25.522586822509766,-13.390843391418457,-0.19669733941555023,0.046014491468667984,0.004038847982883453,74522074
1755193419.221214,0,-9.526745796203613,-25.38516616821289,-13.510873794555664,-0.1953887641429901,0.055812302976846695,0.004101946949958801,74541380
1755193419.2381208,0,-9.43780517578125,-25.32847023010254,-13.128352165222168,-0.19798658788204193,0.05459411442279816,0.003555677831172943,74560685
1755193419.2530823,0,-9.420721054077148,-25.248519897460938,-13.183065414428711,-0.19908453524112701,0.05402378737926483,0.0033267736434936523,74570338
1755193419.2685504,0,-9.421283721923828,-25.23735809326172,-13.460558891296387,-0.2030755877494812,0.050652116537094116,0.00264836847782135,74589644
1755193419.2840955,0,-9.455867767333984,-25.276329040527344,-13.586038589477539,-0.2047586739063263,0.04841975122690201,0.0030790790915489197,74599297
1755193419.2999954,0,-9.400520324707031,-25.102874755859375,-14.114683151245117,-0.20468083024024963,0.04628361016511917,0.00404907763004303,74618602
1755193419.3159833,0,-9.503131866455078,-25.352136611938477,-14.443164825439453,-0.20945115387439728,0.0434514656662941,0.003482811152935028,74637908
1755193419.331915,0,-9.253824234008789,-25.422412872314453,-14.742339134216309,-0.20866523683071136,0.035441212356090546,0.004590190947055817,74647560
1755193419.347828,0,-9.004180908203125,-25.392311096191406,-14.72165584564209,-0.2002139389514923,0.0387454628944397,0.004518166184425354,74666866
1755193419.365778,0,-9.477460861206055,-25.30019187927246,-14.563274383544922,-0.1955852061510086,0.048646848648786545,0.004748918116092682,74686171
1755193419.3787498,0,-9.406159400939941,-25.308034896850586,-14.6655855178833,-0.19660764932632446,0.050752073526382446,0.00472133606672287,74695824
1755193419.394707,0,-9.456069946289062,-25.418010711669922,-15.165797233581543,-0.19889099895954132,0.04273824393749237,0.003475584089756012,74715130
1755193419.4098911,0,-9.343233108520508,-25.338253021240234,-14.779373168945312,-0.1983591467142105,0.04174823313951492,0.0030477941036224365,74724782
1755193419.425625,0,-9.4300537109375,-25.23118019104004,-15.444445610046387,-0.20114901661872864,0.039518773555755615,0.0023561790585517883,74744088
1755193419.443829,0,-9.336956024169922,-25.242630004882812,-16.34370994567871,-0.20391996204853058,0.03520284965634346,0.0035759657621383667,74763393
1755193419.4570963,0,-9.398031234741211,-25.278255462646484,-16.541425704956055,-0.2036261260509491,0.038176052272319794,0.0035766959190368652,74773046
1755193419.4725502,0,-9.447151184082031,-25.347421646118164,-15.899117469787598,-0.2045551836490631,0.044554222375154495,0.005472175776958466,74792351
1755193419.490451,0,-9.429161071777344,-25.27676773071289,-15.535493850708008,-0.20424020290374756,0.04833959415555,0.005002401769161224,74811657
1755193419.5044513,0,-9.426600456237793,-25.27334213256836,-15.625295639038086,-0.20382016897201538,0.04868192970752716,0.005498312413692474,74821310
1755193419.5204182,0,-9.460733413696289,-25.326993942260742,-15.716225624084473,-0.20409342646598816,0.05129723623394966,0.004795089364051819,74840615
1755193419.5383158,0,-9.45745849609375,-25.260391235351562,-15.658586502075195,-0.20317751169204712,0.051558464765548706,0.0051978230476379395,74859920
1755193419.5522785,0,-9.451522827148438,-25.23462677001953,-15.732579231262207,-0.20342877507209778,0.051828570663928986,0.005134895443916321,74869573
1755193419.5684104,0,-9.449893951416016,-25.310993194580078,-16.18172836303711,-0.20681163668632507,0.051865771412849426,0.005010202527046204,74888879
1755193419.5872343,0,-9.515800476074219,-25.379493713378906,-16.545875549316406,-0.20777957141399384,0.05286972224712372,0.004493094980716705,74908185
1755193419.5993237,0,-9.688238143920898,-25.645172119140625,-16.78594207763672,-0.20759691298007965,0.052207477390766144,0.00391281396150589,74917837
1755193419.6161122,0,-9.524873733520508,-25.555065155029297,-16.152334213256836,-0.1907065212726593,0.04839152842760086,0.003578364849090576,74937142
1755193419.6300766,0,-9.281482696533203,-25.787338256835938,-15.607654571533203,-0.18969637155532837,0.04451196268200874,0.005493558943271637,74946794
1755193419.6460302,0,-9.551813125610352,-25.65160369873047,-15.328693389892578,-0.17761445045471191,0.040780797600746155,0.004822961986064911,74966100
1755193419.6609898,0,-8.51921272277832,-24.698974609375,-15.334151268005371,-0.16944260895252228,0.025816921144723892,0.003743305802345276,74975753
1755193419.6769936,0,-8.672907829284668,-25.48126983642578,-15.146663665771484,-0.16792279481887817,0.027417462319135666,0.003804609179496765,74995058
1755193419.6929042,0,-9.193718910217285,-25.7020263671875,-14.629473686218262,-0.15865692496299744,0.03777128458023071,0.005621202290058136,75014363
1755193419.7078705,0,-9.426822662353516,-25.478925704956055,-14.346405029296875,-0.15621286630630493,0.04172717034816742,0.003967970609664917,75024017
1755193419.7230108,0,-9.338830947875977,-25.35781478881836,-15.120670318603516,-0.16099515557289124,0.033026788383722305,0.0053587406873703,75043321
1755193419.741818,0,-9.517315864562988,-25.172252655029297,-16.044504165649414,-0.1660514771938324,0.02972736954689026,0.004136182367801666,75062627
1755193419.754786,0,-9.50488567352295,-25.347166061401367,-16.306049346923828,-0.1708439290523529,0.02992936596274376,0.004431463778018951,75072280
1755193419.7709002,0,-9.232797622680664,-25.11586570739746,-15.805788040161133,-0.16963039338588715,0.025713033974170685,0.004679717123508453,75091586
1755193419.785892,0,-9.443540573120117,-25.298114776611328,-15.747248649597168,-0.17213790118694305,0.031404998153448105,0.003344200551509857,75101239
1755193419.801762,0,-9.339619636535645,-25.34312629699707,-15.971443176269531,-0.16920128464698792,0.02663891389966011,0.005033820867538452,75120546
1755193419.818578,0,-9.33877182006836,-25.38874053955078,-16.16070556640625,-0.16625627875328064,0.02813103049993515,0.005325034260749817,75139853
1755193419.8337007,0,-9.404274940490723,-25.46660804748535,-15.8883056640625,-0.16466747224330902,0.028911057859659195,0.0066323354840278625,75149507
1755193419.849677,0,-9.439760208129883,-25.439111709594727,-15.734073638916016,-0.16048333048820496,0.031514037400484085,0.006813377141952515,75168813
1755193419.8677928,0,-9.404692649841309,-25.328136444091797,-15.982659339904785,-0.15982414782047272,0.03021566942334175,0.0066897571086883545,75188117
1755193419.880402,0,-9.425125122070312,-25.26309585571289,-16.236589431762695,-0.1614588499069214,0.03017313778400421,0.006865978240966797,75197771
1755193419.8965704,0,-9.414810180664062,-25.25767707824707,-16.840259552001953,-0.16789701581001282,0.030851352959871292,0.006062686443328857,75217075
1755193419.9153101,0,-9.363077163696289,-25.164108276367188,-17.5034236907959,-0.17315924167633057,0.02909209579229355,0.005325160920619965,75236380
1755193419.9272778,0,-9.486658096313477,-25.438209533691406,-17.7309513092041,-0.18004938960075378,0.02915232628583908,0.004395902156829834,75246033
1755193419.944232,0,-9.378862380981445,-25.432483673095703,-17.760021209716797,-0.17330706119537354,0.02975376322865486,0.004932239651679993,75265339
1755193419.9582417,0,-9.257837295532227,-25.056781768798828,-17.720321655273438,-0.17179161310195923,0.019010554999113083,0.00829867273569107,75274992
1755193419.9742923,0,-9.305723190307617,-25.74770736694336,-16.928524017333984,-0.17251311242580414,0.036113809794187546,0.0031687170267105103,75294298
1755193419.9891222,0,-9.088315963745117,-25.676883697509766,-17.922597885131836,-0.15879932045936584,0.023585040122270584,0.003841966390609741,75303951
1755193420.0050693,0,-9.197118759155273,-25.612457275390625,-17.999099731445312,-0.15179622173309326,0.02303050085902214,0.0033365637063980103,75323257
1755193420.0210457,0,-9.110832214355469,-25.51155662536621,-17.224411010742188,-0.15079344809055328,0.018161386251449585,0.0050767287611961365,75342564
1755193420.0370312,0,-9.32022476196289,-25.32094955444336,-17.46855926513672,-0.15154927968978882,0.02044389396905899,0.003935106098651886,75352218
1755193420.052982,0,-9.367557525634766,-25.130064010620117,-17.82004737854004,-0.15484026074409485,0.01565714180469513,0.003248244524002075,75371523
1755193420.0692594,0,-9.469549179077148,-25.270959854125977,-17.76213836669922,-0.1596892774105072,0.011963717639446259,0.003719642758369446,75390828
1755193420.0850992,0,-9.382560729980469,-25.24254035949707,-17.71051597595215,-0.16089865565299988,0.009313512593507767,0.004218295216560364,75400482
1755193420.1001139,0,-9.443232536315918,-25.093631744384766,-17.449146270751953,-0.15721891820430756,0.015285257250070572,0.005416072905063629,75419787
1755193420.1177683,0,-9.46546459197998,-25.192472457885742,-16.622581481933594,-0.15670938789844513,0.016930274665355682,0.006244875490665436,75439094
1755193420.1319306,0,-9.491931915283203,-25.27364730834961,-16.275218963623047,-0.15540936589241028,0.01800278201699257,0.00736585259437561,75448746
1755193420.147806,0,-9.492379188537598,-25.338130950927734,-15.55598258972168,-0.14930976927280426,0.020216327160596848,0.007592678070068359,75468052
1755193420.1656396,0,-9.504881858825684,-25.525827407836914,-15.431095123291016,-0.14311769604682922,0.022179167717695236,0.007839851081371307,75487358
1755193420.1786466,0,-9.431501388549805,-25.598678588867188,-15.3812894821167,-0.13965889811515808,0.022418271750211716,0.007496818900108337,75497010
1755193420.1947227,0,-9.388221740722656,-25.791168212890625,-14.935641288757324,-0.1328444629907608,0.02527758851647377,0.0060808658599853516,75516316
1755193420.2105198,0,-9.294439315795898,-25.9602108001709,-14.439970016479492,-0.1292133927345276,0.02700013667345047,0.00557515025138855,75525967
1755193420.2257009,0,-9.258611679077148,-26.238391876220703,-12.49937915802002,-0.1193695142865181,0.031032554805278778,0.006367981433868408,75545272
1755193420.24543,0,-9.131607055664062,-26.582733154296875,-9.618366241455078,-0.11427091807126999,0.03341008722782135,0.0075803473591804504,75564576
1755193420.2568781,0,-9.175091743469238,-26.996631622314453,-8.189750671386719,-0.11406585574150085,0.03520689159631729,0.00791015475988388,75574229
1755193420.2723544,0,-8.965522766113281,-27.306278228759766,-5.089383602142334,-0.10465864837169647,0.03884308785200119,0.00631338357925415,75593534
1755193420.2883115,0,-8.964914321899414,-27.407772064208984,-3.816878318786621,-0.1009141281247139,0.04110708460211754,0.00587116926908493,75603187
1755193420.3042698,0,-8.850217819213867,-27.571746826171875,-1.7806209325790405,-0.09615510702133179,0.04302418604493141,0.0057426318526268005,75622494
1755193420.3203487,0,-8.824705123901367,-27.470809936523438,-0.7112775444984436,-0.09342601150274277,0.04487843066453934,0.004808470606803894,75641800
1755193420.3363264,0,-8.791892051696777,-27.37954330444336,-0.5299997329711914,-0.09308245778083801,0.044917479157447815,0.004595667123794556,75651453
1755193420.3521852,0,-8.835417747497559,-27.26457977294922,-0.6371076107025146,-0.09498780965805054,0.04475131630897522,0.003572821617126465,75670759
1755193420.3700945,0,-8.853438377380371,-27.322128295898438,-0.7798089385032654,-0.09700319916009903,0.04428885132074356,0.003509998321533203,75690065
1755193420.3832266,0,-8.85446548461914,-27.293128967285156,-0.7600844502449036,-0.09757309406995773,0.04349377006292343,0.003353424370288849,75699718
1755193420.3991547,0,-8.856233596801758,-27.365196228027344,-0.42677438259124756,-0.09759034216403961,0.042615845799446106,0.004766397178173065,75719023
1755193420.41797,0,-8.795522689819336,-27.36148452758789,0.003994762897491455,-0.09616035223007202,0.04198389872908592,0.005483612418174744,75738328
1755193420.4299355,0,-8.900901794433594,-27.37763023376465,0.21080368757247925,-0.09593474864959717,0.04259151965379715,0.006118685007095337,75747981
1755193420.4461136,0,-8.858988761901855,-27.368824005126953,0.21055448055267334,-0.09694670140743256,0.04303133860230446,0.005561552941799164,75767287
1755193420.4619787,0,-8.86026382446289,-27.37420082092285,0.18260341882705688,-0.0965426042675972,0.042487986385822296,0.005696043372154236,75776940
1755193420.477806,0,-8.850919723510742,-27.461688995361328,0.4052928686141968,-0.09676901251077652,0.04144539684057236,0.0063894689083099365,75796246
1755193420.4947696,0,-8.820266723632812,-27.537723541259766,0.8001604080200195,-0.09502564370632172,0.042709797620773315,0.006044328212738037,75815552
1755193420.5097225,0,-8.741555213928223,-27.58102798461914,1.0210609436035156,-0.09394426643848419,0.04318660497665405,0.005874574184417725,75825205
1755193420.5256777,0,-8.733003616333008,-27.61882209777832,1.5515165328979492,-0.09136676788330078,0.044136565178632736,0.005825333297252655,75844511
1755193420.542634,0,-8.749360084533691,-27.691652297973633,1.9161436557769775,-0.0905919149518013,0.04571174085140228,0.005495712161064148,75863817
1755193420.557756,0,-8.703006744384766,-27.70947265625,2.030428409576416,-0.09009362012147903,0.04552709311246872,0.005900032818317413,75873471
1755193420.5735493,0,-8.738533020019531,-27.73418617248535,2.194274425506592,-0.08944054692983627,0.04687117785215378,0.005401730537414551,75892776
1755193420.5915318,0,-8.730207443237305,-27.766252517700195,2.288620710372925,-0.08918444812297821,0.04741175100207329,0.005226686596870422,75912081
1755193420.6055045,0,-8.71772575378418,-27.762710571289062,2.3271102905273438,-0.08897890150547028,0.047124478965997696,0.005159735679626465,75921735
1755193420.6207092,0,-8.712230682373047,-27.761898040771484,2.4793541431427,-0.08886067569255829,0.04678727313876152,0.005540028214454651,75941041
1755193420.6393838,0,-8.670166015625,-27.806106567382812,2.6361324787139893,-0.08894611150026321,0.04761314392089844,0.005482703447341919,75960348
1755193420.6525102,0,-8.685237884521484,-27.820798873901367,2.692913770675659,-0.0890394002199173,0.04822801798582077,0.005561277270317078,75970001
1755193420.6682997,0,-8.699121475219727,-27.809064865112305,2.8496973514556885,-0.08808884769678116,0.049185048788785934,0.0053793564438819885,75989306
1755193420.683265,0,-8.671628952026367,-27.843957901000977,2.921041250228882,-0.08828485757112503,0.04882587864995003,0.0053595080971717834,75998958
1755193420.6983838,0,-8.611642837524414,-27.94180679321289,3.114192247390747,-0.08782348781824112,0.04827960580587387,0.005726449191570282,76018262
1755193420.7171676,0,-8.66357421875,-27.9964599609375,3.4251952171325684,-0.08729085326194763,0.049550607800483704,0.005726836621761322,76037568
1755193420.7296662,0,-8.742729187011719,-27.965185165405273,3.59302020072937,-0.08703923225402832,0.04956531897187233,0.005654618144035339,76047221
1755193420.7450907,0,-8.612296104431152,-27.989784240722656,3.7775485515594482,-0.08846526592969894,0.0465446375310421,0.005608685314655304,76066526
1755193420.7610528,0,-8.641273498535156,-27.96482276916504,3.8641228675842285,-0.08807028084993362,0.04682716354727745,0.005370624363422394,76076179
1755193420.7770035,0,-8.582016944885254,-28.016210556030273,3.935593366622925,-0.08828499168157578,0.04686608910560608,0.005709759891033173,76095484
1755193420.7929647,0,-8.592975616455078,-27.983243942260742,4.052925109863281,-0.08885178714990616,0.04800521582365036,0.005231283605098724,76114790
1755193420.809042,0,-8.52876091003418,-27.9508113861084,4.097680568695068,-0.08875972032546997,0.04853440821170807,0.005841366946697235,76124443
1755193420.8244107,0,-8.658526420593262,-27.871631622314453,4.199583053588867,-0.09006400406360626,0.049470096826553345,0.005862928926944733,76143748
1755193420.8419263,0,-8.650958061218262,-27.945293426513672,4.1404266357421875,-0.09339383989572525,0.04865235835313797,0.0053260475397109985,76163052
1755193420.8558424,0,-8.44262409210205,-27.879234313964844,4.046128273010254,-0.09209778904914856,0.047469109296798706,0.006388157606124878,76172703
1755193420.8717976,0,-8.891561508178711,-27.99003028869629,4.1849589347839355,-0.09306653589010239,0.05536022409796715,0.005282513797283173,76192008
1755193420.8897054,0,-8.586172103881836,-27.743135452270508,4.252407073974609,-0.09179610013961792,0.04982806742191315,0.005597114562988281,76211312
1755193420.9038813,0,-8.708049774169922,-27.91461753845215,4.196577548980713,-0.09496082365512848,0.05310080945491791,0.004786401987075806,76220964
1755193420.9198341,0,-8.823766708374023,-27.740859985351562,4.2472076416015625,-0.09870423376560211,0.05295927822589874,0.005186878144741058,76240269
1755193420.9394674,0,-8.58151626586914,-27.903823852539062,4.226027965545654,-0.10294738411903381,0.05004138872027397,0.005765751004219055,76259573
1755193420.9512134,0,-8.685823440551758,-27.736339569091797,4.238527774810791,-0.10271543264389038,0.0492452010512352,0.005757279694080353,76269225
1755193420.9666774,0,-8.58143424987793,-27.570796966552734,4.249483108520508,-0.10511431097984314,0.051137860864400864,0.005207903683185577,76288530
1755193420.9824617,0,-8.606693267822266,-27.655956268310547,4.1137003898620605,-0.11039843410253525,0.05134914442896843,0.0060987770557403564,76298182
1755193420.9978096,0,-8.636468887329102,-27.65219497680664,3.971689224243164,-0.11112184822559357,0.05408650264143944,0.006103299558162689,76317488
1755193421.016415,0,-8.764837265014648,-27.66468620300293,3.9095699787139893,-0.11201121658086777,0.06282465159893036,0.00572553277015686,76336792
1755193421.0293732,0,-8.74374008178711,-27.625534057617188,4.082902431488037,-0.11214955896139145,0.05906639248132706,0.005827322602272034,76346445
1755193421.0454547,0,-8.677568435668945,-27.55705451965332,4.026618957519531,-0.11721548438072205,0.05980909988284111,0.005398474633693695,76365751
1755193421.0605774,0,-8.62146282196045,-27.54877471923828,3.963682174682617,-0.12145286053419113,0.05756905674934387,0.005916230380535126,76375404
1755193421.075724,0,-8.641590118408203,-27.236289978027344,3.827023506164551,-0.12495563924312592,0.05567537620663643,0.005895540118217468,76394709
1755193421.0931659,0,-8.646331787109375,-27.418556213378906,4.004051685333252,-0.126560777425766,0.05846969038248062,0.005697071552276611,76414014
1755193421.1064634,0,-8.882104873657227,-27.33800506591797,4.020702838897705,-0.129004567861557,0.061875518411397934,0.005589582026004791,76423667
1755193421.1221237,0,-8.519055366516113,-27.020448684692383,3.6887950897216797,-0.13046316802501678,0.05846799165010452,0.005502000451087952,76442972
1755193421.1410835,0,-8.773122787475586,-27.087060928344727,3.8422727584838867,-0.13738635182380676,0.0611896775662899,0.005478844046592712,76462278
1755193421.1539993,0,-8.998973846435547,-26.973886489868164,4.053502082824707,-0.14030832052230835,0.06489773094654083,0.004935160279273987,76471930
1755193421.1709619,0,-8.970420837402344,-27.013269424438477,3.815617561340332,-0.14558620750904083,0.06509371101856232,0.004795141518115997,76491236
1755193421.1849625,0,-8.821435928344727,-26.948318481445312,3.574954032897949,-0.14725837111473083,0.06700368225574493,0.00478903204202652,76500889
1755193421.2009132,0,-8.830352783203125,-26.851276397705078,3.6373887062072754,-0.15113840997219086,0.06707381457090378,0.00467701256275177,76520194
1755193421.2178297,0,-8.830463409423828,-26.846254348754883,3.524679183959961,-0.15624816715717316,0.06971703469753265,0.004349932074546814,76539498
1755193421.232784,0,-8.838716506958008,-26.762622833251953,3.757920742034912,-0.15827667713165283,0.06603465974330902,0.004515208303928375,76549151
1755193421.2477593,0,-8.942790985107422,-26.71282386779785,3.6856937408447266,-0.16192027926445007,0.06729207187891006,0.004610173404216766,76568456
1755193421.2628124,0,-9.018061637878418,-26.619754791259766,3.5665321350097656,-0.16323170065879822,0.06968711316585541,0.003763534128665924,76578108
1755193421.2787025,0,-8.863371849060059,-26.624595642089844,3.539299249649048,-0.1718851923942566,0.07231000065803528,0.003913447260856628,76597413
1755193421.2956243,0,-8.94791030883789,-26.669967651367188,3.5434467792510986,-0.17906154692173004,0.0684203952550888,0.004164837300777435,76616719
1755193421.3096309,0,-8.939495086669922,-26.604225158691406,3.5769152641296387,-0.17956459522247314,0.06869779527187347,0.004611551761627197,76626371
1755193421.3255386,0,-8.865973472595215,-26.392608642578125,3.4721181392669678,-0.18055450916290283,0.06919451057910919,0.00475195050239563,76645676
1755193421.3474824,0,-9.011466026306152,-26.380008697509766,3.5233545303344727,-0.1883818507194519,0.07318483293056488,0.0038433149456977844,76664980
1755193421.3764021,0,-8.968432426452637,-26.32122802734375,3.3892526626586914,-0.19447103142738342,0.06813128292560577,0.004263848066329956,76693937
1755193421.388372,0,-9.054035186767578,-26.37851905822754,3.4586877822875977,-0.1964910477399826,0.07004347443580627,0.004431575536727905,76703589
1755193421.4053264,0,-9.075092315673828,-26.13025665283203,3.3632843494415283,-0.19770078361034393,0.07189923524856567,0.004087701439857483,76722895
1755193421.4240906,0,-9.101297378540039,-26.110355377197266,3.4180102348327637,-0.20274445414543152,0.07472971826791763,0.0037206634879112244,76742200
1755193421.4352932,0,-9.032692909240723,-26.33238983154297,3.4173641204833984,-0.20657232403755188,0.07234217971563339,0.0030844956636428833,76751852
1755193421.4512658,0,-9.001697540283203,-26.11249351501465,3.2513809204101562,-0.20748178660869598,0.06940928846597672,0.0037462785840034485,76771158
1755193421.4672182,0,-9.079198837280273,-26.157190322875977,3.407820701599121,-0.20918238162994385,0.0697154551744461,0.003972314298152924,76790464
1755193421.482382,0,-9.202362060546875,-26.164188385009766,3.37424635887146,-0.20994968712329865,0.07383447885513306,0.003933995962142944,76800117
1755193421.498076,0,-9.15762710571289,-26.01485824584961,3.4918532371520996,-0.21127130091190338,0.07492702454328537,0.0037256479263305664,76819423
1755193421.514095,0,-9.160074234008789,-26.144142150878906,3.4645814895629883,-0.21438272297382355,0.07541419565677643,0.0031957849860191345,76829076
1755193421.5299907,0,-9.127614974975586,-25.99047088623047,3.2566845417022705,-0.21580380201339722,0.07044859230518341,0.0037799254059791565,76848381
1755193421.546041,0,-9.175605773925781,-25.99457550048828,3.255741596221924,-0.21718719601631165,0.0716695487499237,0.0036953017115592957,76867686
1755193421.562043,0,-9.171409606933594,-25.965011596679688,3.4768526554107666,-0.2182357907295227,0.07089805603027344,0.004258066415786743,76877339
1755193421.577902,0,-9.169906616210938,-26.065975189208984,3.4115092754364014,-0.22375091910362244,0.07292532175779343,0.0037371665239334106,76896644
1755193421.5938652,0,-9.276058197021484,-26.00799560546875,3.256742000579834,-0.22465825080871582,0.072850301861763,0.003187708556652069,76915948
1755193421.6097827,0,-9.16209602355957,-25.938352584838867,3.3862147331237793,-0.22281725704669952,0.0709972083568573,0.0035781264305114746,76925600
1755193421.6257377,0,-9.312582015991211,-25.888221740722656,3.158397674560547,-0.22288930416107178,0.07569539546966553,0.003088906407356262,76944907
1755193421.6417234,0,-9.384714126586914,-26.081253051757812,3.2449612617492676,-0.2296425700187683,0.07842348515987396,0.0033710896968841553,76964212
1755193421.6576824,0,-9.258861541748047,-25.805397033691406,3.3804659843444824,-0.22577349841594696,0.07389231771230698,0.0033430159091949463,76973865
1755193421.6728055,0,-9.374963760375977,-25.87749481201172,3.182154655456543,-0.22513467073440552,0.07422932982444763,0.002785921096801758,76993172
1755193421.6905608,0,-9.270191192626953,-25.876262664794922,3.3438258171081543,-0.22752493619918823,0.07263915240764618,0.0030473917722702026,77012477
1755193421.7035787,0,-9.18088150024414,-25.970104217529297,3.3660836219787598,-0.2292557656764984,0.07337848097085953,0.0030939877033233643,77022129
1755193421.7194831,0,-9.134208679199219,-25.88545036315918,3.2133030891418457,-0.2295735627412796,0.0691576600074768,0.00390857458114624,77041436
1755193421.7354417,0,-9.163545608520508,-25.91987419128418,3.31663179397583,-0.22876471281051636,0.07035557925701141,0.0038854479789733887,77051088
1755193421.7514322,0,-9.148591995239258,-25.95171356201172,3.228926658630371,-0.22896167635917664,0.07142581045627594,0.003934316337108612,77070393
1755193421.7673612,0,-9.107762336730957,-25.726613998413086,3.3361940383911133,-0.22762584686279297,0.07232922315597534,0.0039932578802108765,77089697
1755193421.7833164,0,-9.319598197937012,-26.005290985107422,3.376662254333496,-0.23186376690864563,0.07487881183624268,0.003734968602657318,77099349
1755193421.7993155,0,-9.305021286010742,-26.117990493774414,3.0802419185638428,-0.2332363873720169,0.07382941246032715,0.003380291163921356,77118653
1755193421.81528,0,-9.062578201293945,-25.788576126098633,3.2214651107788086,-0.2274826169013977,0.06858054548501968,0.0036258473992347717,77137956
1755193421.8312974,0,-9.273185729980469,-25.81629180908203,3.250645160675049,-0.2264932096004486,0.07374097406864166,0.0034810826182365417,77147608
1755193421.8471892,0,-9.259885787963867,-25.99996566772461,3.1983094215393066,-0.22967299818992615,0.07290185987949371,0.003314487636089325,77166913
1755193421.8641422,0,-9.297811508178711,-25.883922576904297,3.19600772857666,-0.22958508133888245,0.07476890087127686,0.003049030900001526,77186219
1755193421.87806,0,-9.181896209716797,-25.827056884765625,3.234377384185791,-0.22882649302482605,0.07056953758001328,0.003436349332332611,77195871
1755193421.8934832,0,-9.29080867767334,-25.949047088623047,3.2899301052093506,-0.22925806045532227,0.07146452367305756,0.003129012882709503,77215176
1755193421.9089775,0,-9.160552978515625,-25.984272003173828,3.133387565612793,-0.2289564609527588,0.07042405009269714,0.0036755353212356567,77224829
1755193421.925099,0,-9.119585037231445,-25.734994888305664,2.9687864780426025,-0.22672966122627258,0.06944131851196289,0.003288969397544861,77244133
1755193421.9428878,0,-9.048410415649414,-25.911239624023438,3.2492713928222656,-0.22923031449317932,0.06878568977117538,0.004315584897994995,77263436
1755193421.9568977,0,-9.08845329284668,-25.909940719604492,3.205953598022461,-0.23025478422641754,0.07161597907543182,0.003553733229637146,77273089
1755193421.9719596,0,-9.378626823425293,-25.92072296142578,3.2565619945526123,-0.23116447031497955,0.07254286855459213,0.003149174153804779,77292394
1755193421.9898026,0,-9.198034286499023,-25.760848999023438,3.182833194732666,-0.22641050815582275,0.07043181359767914,0.0024732574820518494,77311699
1755193422.0027664,0,-9.257295608520508,-25.663311004638672,3.3489468097686768,-0.2246062308549881,0.07407937198877335,0.0030564144253730774,77321352
1755193422.0188324,0,-9.197105407714844,-25.94631576538086,3.071587562561035,-0.23114067316055298,0.07305677980184555,0.003816671669483185,77340658
1755193422.034644,0,-9.20843505859375,-25.824649810791016,3.2460503578186035,-0.2283535897731781,0.07296556979417801,0.0037196502089500427,77350311
1755193422.0496037,0,-9.271331787109375,-25.803455352783203,3.384260654449463,-0.22637450695037842,0.07178594172000885,0.0034647956490516663,77369616
1755193422.0675595,0,-9.289259910583496,-25.98440170288086,3.3271210193634033,-0.22968414425849915,0.06965531408786774,0.0033974871039390564,77388922
1755193422.0806875,0,-9.058131217956543,-25.947265625,3.358349561691284,-0.22859448194503784,0.0669059157371521,0.0035542622208595276,77398575
1755193422.0975244,0,-9.230534553527832,-25.890323638916016,3.5020689964294434,-0.22870787978172302,0.06874962151050568,0.004013285040855408,77417881
1755193422.1114383,0,-9.197348594665527,-25.794904708862305,3.266803741455078,-0.22817662358283997,0.0693611353635788,0.002941213548183441,77427533
1755193422.126951,0,-9.161884307861328,-25.762170791625977,3.3551254272460938,-0.22594653069972992,0.06772377341985703,0.003403991460800171,77446838
1755193422.1450944,0,-9.032276153564453,-26.20330238342285,2.996872901916504,-0.23155713081359863,0.0672617256641388,0.003923535346984863,77466144
1755193422.1573136,0,-9.036861419677734,-25.889665603637695,3.176788806915283,-0.2287721037864685,0.06557394564151764,0.004394397139549255,77475798
1755193422.1767466,0,-9.092435836791992,-25.810054779052734,3.2456891536712646,-0.22850733995437622,0.06885664910078049,0.0035402029752731323,77495104
1755193422.1893153,0,-9.185604095458984,-26.180524826049805,3.0890815258026123,-0.23249667882919312,0.07319846749305725,0.004220336675643921,77504757
1755193422.2052279,0,-9.237764358520508,-25.739137649536133,3.4408721923828125,-0.2264280915260315,0.06570827960968018,0.004380092024803162,77524061
1755193422.2229626,0,-9.271055221557617,-25.857685089111328,3.2496747970581055,-0.22667451202869415,0.07159274816513062,0.0037597641348838806,77543368
1755193422.2361476,0,-9.046693801879883,-26.018695831298828,3.3536529541015625,-0.2316642701625824,0.0647919625043869,0.005504623055458069,77553021
1755193422.252222,0,-9.203646659851074,-25.8532657623291,2.9118075370788574,-0.22896108031272888,0.06959328055381775,0.0033609792590141296,77572327
1755193422.271063,0,-8.97807502746582,-25.817480087280273,3.209751605987549,-0.22491708397865295,0.06537823379039764,0.004139378666877747,77591634
1755193422.2840183,0,-9.120926856994629,-25.79285430908203,3.127399206161499,-0.2277136743068695,0.06805501878261566,0.0043764784932136536,77601287
1755193422.300066,0,-9.26272964477539,-25.636615753173828,3.4262022972106934,-0.22433489561080933,0.06819252669811249,0.0029735565185546875,77620593
1755193422.3152533,0,-8.865175247192383,-26.214555740356445,3.2099080085754395,-0.23131811618804932,0.06457275152206421,0.005017854273319244,77630245
1755193422.3308566,0,-9.211345672607422,-26.105010986328125,3.229051113128662,-0.23059774935245514,0.06717260181903839,0.00432528555393219,77649554
1755193422.3468132,0,-9.414651870727539,-26.093700408935547,2.621548652648926,-0.23368775844573975,0.07149995118379593,0.002801962196826935,77668858
1755193422.3627653,0,-9.308053970336914,-26.05728530883789,3.48014235496521,-0.2268466055393219,0.07297958433628082,0.003410235047340393,77678511
1755193422.3787222,0,-8.936422348022461,-26.115619659423828,2.9404170513153076,-0.22784119844436646,0.06597739458084106,0.004114016890525818,77697817
1755193422.3965182,0,-9.018939971923828,-26.61974334716797,2.8865716457366943,-0.2381685972213745,0.06531478464603424,0.004809342324733734,77717125
1755193422.410681,0,-9.409220695495605,-25.039220809936523,3.5626981258392334,-0.21589753031730652,0.07339490205049515,0.00205046683549881,77726776
1755193422.4267209,0,-8.931986808776855,-25.314807891845703,3.165355682373047,-0.2149324119091034,0.06978572905063629,0.003903716802597046,77746082
1755193422.4445522,0,-9.111909866333008,-25.30945587158203,3.1253416538238525,-0.2125943899154663,0.06890049576759338,0.004019990563392639,77765386
1755193422.4576197,0,-9.31672477722168,-26.105741500854492,3.4909656047821045,-0.23862683773040771,0.07032887637615204,0.0024442002177238464,77775039
1755193422.4730332,0,-9.481156349182129,-25.518436431884766,3.7908987998962402,-0.23027516901493073,0.0694841518998146,0.002070903778076172,77794343
1755193422.4884725,0,-9.214637756347656,-26.224510192871094,3.1628220081329346,-0.22488723695278168,0.07170731574296951,0.004107862710952759,77803996
1755193422.5045397,0,-9.236270904541016,-26.597366333007812,2.96521258354187,-0.2336689531803131,0.06782203912734985,0.0043587833642959595,77823304
1755193422.520604,0,-9.467599868774414,-26.938819885253906,2.66318941116333,-0.2442752718925476,0.07344537228345871,0.003277719020843506,77842611
1755193422.5364773,0,-9.193970680236816,-24.758480072021484,3.3062896728515625,-0.21135511994361877,0.07022853195667267,0.0032042115926742554,77852264
1755193422.552321,0,-9.305212020874023,-25.21729278564453,3.3348634243011475,-0.214939683675766,0.06954087316989899,0.004479587078094482,77871570
1755193422.570402,0,-9.159010887145996,-25.504257202148438,2.8807077407836914,-0.2150847613811493,0.0735684335231781,0.003486320376396179,77890876
1755193422.5832238,0,-9.160926818847656,-25.58898162841797,3.652587413787842,-0.23205158114433289,0.06448397785425186,0.0041550323367118835,77900529
1755193422.5993214,0,-8.901336669921875,-24.891582489013672,4.130928993225098,-0.22001531720161438,0.06039424240589142,0.003620453178882599,77919835
1755193422.6191294,0,-9.181059837341309,-24.6300048828125,3.616258382797241,-0.2151498943567276,0.0665728747844696,0.003002367913722992,77939142
1755193422.630307,0,-9.173845291137695,-27.282445907592773,2.702202796936035,-0.24651530385017395,0.06748581677675247,0.005757316946983337,77948793
1755193422.6460707,0,-9.471738815307617,-27.29595184326172,3.053173065185547,-0.25012269616127014,0.07286587357521057,0.0036916956305503845,77968099
1755193422.6619763,0,-9.113203048706055,-24.781024932861328,3.2937278747558594,-0.208735853433609,0.06749773770570755,0.003943026065826416,77977752
1755193422.6779726,0,-9.17665958404541,-25.532066345214844,3.185683488845825,-0.2152920663356781,0.07014203816652298,0.004116237163543701,77997059
1755193422.6938813,0,-9.335733413696289,-26.37582778930664,2.9470419883728027,-0.22834432125091553,0.07149340212345123,0.003908887505531311,78016366
1755193422.7089686,0,-9.07870864868164,-25.01502227783203,3.807161331176758,-0.2208443284034729,0.06686023622751236,0.002832159399986267,78026020
1755193422.7249625,0,-9.297811508178711,-25.231149673461914,3.1556334495544434,-0.2214086949825287,0.07122748345136642,0.002559661865234375,78045327
1755193422.7400987,0,-9.513832092285156,-26.30840301513672,2.93548846244812,-0.23415789008140564,0.0750027596950531,0.0023232176899909973,78054980
1755193422.7557774,0,-9.215324401855469,-25.875654220581055,3.1941332817077637,-0.23005026578903198,0.06894613057374954,0.0030413642525672913,78074285
1755193422.771821,0,-9.39461612701416,-25.8792667388916,3.039584159851074,-0.23115503787994385,0.07120033353567123,0.0033405646681785583,78093591
1755193422.7878044,0,-9.380496978759766,-25.8201847076416,3.185685873031616,-0.22501561045646667,0.07072903215885162,0.0029730573296546936,78103244
1755193422.8037302,0,-9.364433288574219,-26.306188583374023,2.9335992336273193,-0.2332790046930313,0.07199613749980927,0.0033610984683036804,78122549
1755193422.8205404,0,-9.308880805969238,-26.511951446533203,3.1481475830078125,-0.23616211116313934,0.07038575410842896,0.0038882941007614136,78141854
1755193422.8345642,0,-9.173639297485352,-25.653156280517578,3.1475861072540283,-0.22383302450180054,0.0696486160159111,0.003004305064678192,78151507
1755193422.8498938,0,-9.00811767578125,-25.663131713867188,3.164433002471924,-0.22340750694274902,0.06643930077552795,0.003923989832401276,78170814
1755193422.8656974,0,-9.128600120544434,-25.793424606323242,3.1577835083007812,-0.22863218188285828,0.06663277000188828,0.0028914213180541992,78180468
1755193422.881417,0,-9.052070617675781,-25.910999298095703,3.4650871753692627,-0.22939381003379822,0.0660947933793068,0.004456929862499237,78199776
1755193422.8964758,0,-9.137808799743652,-25.86892318725586,3.4166879653930664,-0.2276853322982788,0.06779499351978302,0.003848150372505188,78219083
1755193422.9123864,0,-9.126998901367188,-25.96840476989746,3.027695417404175,-0.23156362771987915,0.06695488095283508,0.003863513469696045,78228736
1755193422.9282544,0,-9.35586166381836,-25.879358291625977,3.4008872509002686,-0.2299107015132904,0.07059323042631149,0.0032950490713119507,78248044
1755193422.9443173,0,-9.149192810058594,-25.47760009765625,3.487826108932495,-0.22195003926753998,0.06982086598873138,0.003289341926574707,78267351
1755193422.9601645,0,-9.282342910766602,-26.22391700744629,2.9287781715393066,-0.23395687341690063,0.06942254304885864,0.0029965192079544067,78277004
1755193422.9753656,0,-9.159931182861328,-26.131437301635742,3.220365524291992,-0.23273509740829468,0.06771247833967209,0.0036534443497657776,78296311
1755193422.9930787,0,-9.369945526123047,-25.89488983154297,3.2132301330566406,-0.23003533482551575,0.06972731649875641,0.003001287579536438,78315616
1755193423.007087,0,-9.18989372253418,-25.81534767150879,3.3579583168029785,-0.2239154875278473,0.06995595246553421,0.0037836581468582153,78325268
1755193423.0230021,0,-9.214627265930176,-26.051828384399414,3.1654093265533447,-0.2288849949836731,0.06814378499984741,0.004251986742019653,78344573
1755193423.0379994,0,-9.166272163391113,-25.618907928466797,3.365204095840454,-0.22569285333156586,0.06727190315723419,0.003881506621837616,78354225
1755193423.0540435,0,-9.341263771057129,-25.56417465209961,3.197673797607422,-0.22230014204978943,0.07170014828443527,0.0028539448976516724,78373531
1755193423.0708725,0,-9.315242767333984,-25.78664779663086,3.213350296020508,-0.2241412103176117,0.07175874710083008,0.0033472105860710144,78392837
1755193423.0849612,0,-9.207113265991211,-25.578208923339844,3.331113815307617,-0.2268049716949463,0.06802330166101456,0.002897217869758606,78402491
1755193423.1000264,0,-9.034430503845215,-25.566688537597656,3.461050033569336,-0.2271118462085724,0.06552285701036453,0.002829819917678833,78421798
1755193423.115751,0,-8.96156120300293,-26.51820182800293,3.0746359825134277,-0.23419931530952454,0.06488962471485138,0.005121044814586639,78431452
1755193423.1308289,0,-9.236700057983398,-26.423078536987305,3.012843132019043,-0.23470613360404968,0.06914417445659637,0.004272282123565674,78450759
1755193423.1456776,0,-9.044454574584961,-25.396484375,3.3938963413238525,-0.22090508043766022,0.06647758185863495,0.0039000511169433594,78460412
1755193423.1616676,0,-9.01861572265625,-25.480968475341797,3.3478732109069824,-0.22151297330856323,0.06620234251022339,0.0043393149971961975,78479718
1755193423.1776345,0,-9.13554573059082,-25.76309585571289,3.125685214996338,-0.2234993278980255,0.06625548750162125,0.0046400874853134155,78499024
1755193423.1925528,0,-9.14820671081543,-25.684419631958008,3.5306029319763184,-0.22972524166107178,0.06667772680521011,0.002946719527244568,78508677
1755193423.2085838,0,-9.122220993041992,-25.332359313964844,3.528804302215576,-0.22576691210269928,0.06589502096176147,0.0032514557242393494,78527985
1755193423.2254586,0,-9.242422103881836,-25.197216033935547,3.4427871704101562,-0.22056828439235687,0.06779878586530685,0.002605840563774109,78547291
1755193423.2405694,0,-9.326504707336426,-26.156478881835938,2.8928818702697754,-0.23105677962303162,0.0712386816740036,0.0034476369619369507,78556944
1755193423.2563746,0,-9.228659629821777,-26.155902862548828,3.069591522216797,-0.23248586058616638,0.06899403035640717,0.0035165324807167053,78576251
1755193423.2733288,0,-9.274064064025879,-26.340837478637695,3.290740489959717,-0.23585747182369232,0.06988324970006943,0.003987535834312439,78595558
1755193423.2883492,0,-8.879678726196289,-25.54936981201172,3.299696445465088,-0.21936097741127014,0.06362316012382507,0.0044562071561813354,78605211
1755193423.3043714,0,-9.264727592468262,-25.20386505126953,3.06266450881958,-0.21514207124710083,0.07144442200660706,0.0034619420766830444,78624518
1755193423.323204,0,-9.168347358703613,-25.769287109375,3.0647430419921875,-0.22225534915924072,0.0690070241689682,0.004495181143283844,78643823
1755193423.3352122,0,-9.224498748779297,-25.842527389526367,3.2950050830841064,-0.23148471117019653,0.06983575969934464,0.00278434157371521,78653476
1755193423.3512988,0,-9.059793472290039,-25.563554763793945,3.476199150085449,-0.2286037802696228,0.06484755873680115,0.0032062530517578125,78672783
1755193423.366408,0,-9.11703109741211,-26.36168670654297,2.910947799682617,-0.2308461219072342,0.06828382611274719,0.0055090561509132385,78682436
1755193423.3820386,0,-9.259654998779297,-26.356365203857422,2.827688217163086,-0.2306586652994156,0.07237008213996887,0.0043333545327186584,78701744
1755193423.4049795,0,-9.151567459106445,-26.240875244140625,2.810671091079712,-0.2282331883907318,0.06911472976207733,0.0038007721304893494,78721051
1755193423.4309103,0,-9.081646919250488,-25.23690414428711,3.4026525020599365,-0.22252023220062256,0.06482481211423874,0.003116302192211151,78750012
1755193423.443561,0,-9.050840377807617,-26.454620361328125,3.0226080417633057,-0.23361197113990784,0.06725294888019562,0.004906095564365387,78759666
1755193423.46083,0,-9.322728157043457,-26.34984588623047,2.852302074432373,-0.23313064873218536,0.0714062750339508,0.004144392907619476,78778972
1755193423.480399,0,-9.143078804016113,-26.39795684814453,2.986428737640381,-0.2340628206729889,0.06808700412511826,0.004724845290184021,78798280
1755193423.4907503,0,-9.204659461975098,-25.4154052734375,3.3181328773498535,-0.223781555891037,0.06942355632781982,0.003076881170272827,78807933
1755193423.5092642,0,-9.298197746276855,-25.60192108154297,3.332615375518799,-0.22693070769309998,0.06925854086875916,0.0027979910373687744,78827241
1755193423.5216691,0,-9.248291015625,-26.27357292175293,2.9492762088775635,-0.2312522828578949,0.0702473595738411,0.0038959085941314697,78836895
1755193423.5376275,0,-9.277956008911133,-26.025915145874023,2.992401361465454,-0.22786098718643188,0.07085686177015305,0.003981053829193115,78856201
1755193423.5535798,0,-9.083221435546875,-26.059005737304688,3.074173927307129,-0.22946304082870483,0.06679500639438629,0.004380539059638977,78875509
1755193423.5695372,0,-9.186695098876953,-25.587724685668945,3.5877487659454346,-0.2239067256450653,0.06816825270652771,0.0035678893327713013,78885163
1755193423.5855355,0,-9.18518352508545,-25.267620086669922,3.311422109603882,-0.22019708156585693,0.06878067553043365,0.0033193156123161316,78904469
1755193423.6014564,0,-9.138662338256836,-25.51822853088379,3.324526071548462,-0.22267431020736694,0.06845812499523163,0.0035665929317474365,78923777
1755193423.6174097,0,-9.202754974365234,-26.137454986572266,3.170560359954834,-0.23241882026195526,0.06746756285429001,0.003921933472156525,78933431
1755193423.6333694,0,-9.246646881103516,-26.12307357788086,3.1615612506866455,-0.23115485906600952,0.06987562775611877,0.003476649522781372,78952739
1755193423.6493895,0,-9.223848342895508,-26.032081604003906,3.167402982711792,-0.23091089725494385,0.06924302875995636,0.003537900745868683,78972045
1755193423.664448,0,-9.283193588256836,-25.754884719848633,3.271679401397705,-0.22652378678321838,0.07131470739841461,0.003293067216873169,78981699
1755193423.6792886,0,-9.149877548217773,-25.62508773803711,3.305685043334961,-0.22550863027572632,0.06821906566619873,0.0033852756023406982,79001005
1755193423.6946402,0,-9.233560562133789,-26.136642456054688,3.1191089153289795,-0.231021910905838,0.0698438361287117,0.0035702362656593323,79010659
1755193423.71017,0,-9.18106460571289,-26.096899032592773,3.0871801376342773,-0.23071563243865967,0.06863436847925186,0.0034686997532844543,79029964
1755193423.729332,0,-9.232564926147461,-26.018505096435547,3.1305646896362305,-0.23002731800079346,0.06981376558542252,0.003341302275657654,79049269
1755193423.7405005,0,-9.203655242919922,-25.709611892700195,3.280982255935669,-0.22597631812095642,0.06820546090602875,0.0033791586756706238,79058922
1755193423.7570388,0,-9.206357955932617,-25.753761291503906,3.267896890640259,-0.22630015015602112,0.06844480335712433,0.0035945475101470947,79078228
1755193423.7709992,0,-9.190860748291016,-25.93031883239746,3.1967129707336426,-0.2287297546863556,0.06858386844396591,0.0035809800028800964,79087883
1755193423.7869558,0,-9.229866027832031,-25.852346420288086,3.194251537322998,-0.22822162508964539,0.06973515450954437,0.003894038498401642,79107190
1755193423.8059504,0,-9.102165222167969,-25.9581298828125,3.053189754486084,-0.228168785572052,0.06689263880252838,0.0038303136825561523,79126495
1755193423.8179207,0,-9.136396408081055,-25.592212677001953,3.404438018798828,-0.2258237898349762,0.0679265484213829,0.0037914440035820007,79136148
1755193423.8332827,0,-9.128886222839355,-25.92052459716797,3.352376937866211,-0.22905169427394867,0.06675900518894196,0.003406710922718048,79155455
1755193423.8488445,0,-9.06249713897705,-25.877418518066406,2.9588074684143066,-0.22685416042804718,0.0682448297739029,0.003599002957344055,79165107
1755193423.8649244,0,-9.344642639160156,-25.821903228759766,3.3886964321136475,-0.2267502099275589,0.07016803324222565,0.0038063079118728638,79184413
1755193423.8829603,0,-9.439531326293945,-25.8590145111084,3.0934739112854004,-0.22795583307743073,0.07245185226202011,0.003425024449825287,79203721
1755193423.895711,0,-9.220502853393555,-26.099361419677734,3.3007564544677734,-0.23150600492954254,0.06678418070077896,0.0043795183300971985,79213374
1755193423.911623,0,-9.174367904663086,-26.09854507446289,3.1492648124694824,-0.2314583659172058,0.06679631024599075,0.003560073673725128,79232680
1755193423.9327073,0,-9.295204162597656,-26.088058471679688,3.2296810150146484,-0.23263466358184814,0.0705256536602974,0.0035026073455810547,79251988
1755193423.9436777,0,-9.123692512512207,-25.714767456054688,3.2007577419281006,-0.2244730442762375,0.06809504330158234,0.004173479974269867,79261642
1755193423.9594982,0,-9.18247127532959,-25.72845458984375,3.2372512817382812,-0.22497808933258057,0.0688929408788681,0.0035620853304862976,79280949
1755193423.9744966,0,-9.172771453857422,-26.010299682617188,3.2289388179779053,-0.23069030046463013,0.06795083731412888,0.003634817898273468,79290603
1755193423.9906769,0,-9.172184944152832,-25.93310546875,3.216576099395752,-0.22972474992275238,0.06905274838209152,0.0035812780261039734,79309909
1755193424.0080228,0,-9.160018920898438,-25.943893432617188,3.190617322921753,-0.22895358502864838,0.06866738200187683,0.0035785213112831116,79329215
1755193424.0223658,0,-9.170583724975586,-25.812458038330078,3.24690580368042,-0.2272387444972992,0.0678442120552063,0.0036133453249931335,79338868
1755193424.038381,0,-9.161760330200195,-25.840229034423828,3.2271268367767334,-0.22770467400550842,0.06815358996391296,0.003625422716140747,79358173
1755193424.0573153,0,-9.18624496459961,-25.78838539123535,3.2252273559570312,-0.22726404666900635,0.06863992661237717,0.003544524312019348,79377479
1755193424.0692503,0,-9.176361083984375,-25.88030242919922,3.212273120880127,-0.22821855545043945,0.06851150095462799,0.003850378096103668,79387132
1755193424.085379,0,-9.18519115447998,-25.86209487915039,3.2264132499694824,-0.22795218229293823,0.06846751272678375,0.0034491419792175293,79406439
1755193424.1003258,0,-9.184639930725098,-25.861480712890625,3.2127294540405273,-0.2277752161026001,0.06816774606704712,0.0035763755440711975,79416092
1755193424.1161892,0,-9.168804168701172,-25.88990020751953,3.2339162826538086,-0.2281571924686432,0.06832176446914673,0.0034424811601638794,79435399
1755193424.1320317,0,-9.21198844909668,-25.828960418701172,3.2398459911346436,-0.22727949917316437,0.06843523681163788,0.003660336136817932,79454705
1755193424.1471007,0,-9.22081184387207,-25.867542266845703,3.2310874462127686,-0.22848978638648987,0.06883029639720917,0.0035479217767715454,79464359
1755193424.1624446,0,-9.22810173034668,-25.760997772216797,3.264697551727295,-0.22739359736442566,0.06941376626491547,0.0035951733589172363,79483665
1755193424.1779106,0,-9.237983703613281,-25.956289291381836,3.1982479095458984,-0.22891488671302795,0.06968796253204346,0.0034730881452560425,79493319
1755193424.1939542,0,-9.11926555633545,-25.899038314819336,3.2745742797851562,-0.22984281182289124,0.06736354529857635,0.0040155574679374695,79512628
1755193424.2098262,0,-9.251678466796875,-26.03720474243164,3.2121801376342773,-0.2308288812637329,0.0688939169049263,0.0036910995841026306,79531935
1755193424.2253177,0,-9.145498275756836,-25.812467575073242,3.1110341548919678,-0.22601939737796783,0.06959483027458191,0.003438979387283325,79541588
1755193424.2407815,0,-9.077066421508789,-25.63383674621582,3.19398832321167,-0.22393852472305298,0.0672416016459465,0.003626219928264618,79560896
1755193424.2576983,0,-9.176868438720703,-25.77457046508789,3.1806797981262207,-0.2254142314195633,0.06762432307004929,0.0039099156856536865,79580203
1755193424.2707024,0,-9.205687522888184,-25.90276336669922,3.237467050552368,-0.2296496331691742,0.06949101388454437,0.0034400969743728638,79589857
1755193424.2867298,0,-9.141229629516602,-25.77728843688965,3.2602310180664062,-0.22748254239559174,0.06802083551883698,0.0037041902542114258,79609163
1755193424.302578,0,-9.338247299194336,-26.00367546081543,3.244269609451294,-0.22926564514636993,0.07061802595853806,0.003363467752933502,79618816
1755193424.3178864,0,-9.277024269104004,-25.930471420288086,3.17182993888855,-0.22833433747291565,0.07001426070928574,0.0036423206329345703,79638122
1755193424.3354948,0,-9.284860610961914,-25.981555938720703,3.2126293182373047,-0.22897735238075256,0.06888170540332794,0.0035119354724884033,79657428
1755193424.349589,0,-9.158434867858887,-25.747392654418945,3.2237725257873535,-0.22632819414138794,0.06864992529153824,0.003403894603252411,79667082
1755193424.3655324,0,-9.136889457702637,-25.78769302368164,3.2218496799468994,-0.22638119757175446,0.06731516122817993,0.0037717223167419434,79686387
1755193424.3807945,0,-9.19125747680664,-25.962282180786133,3.189739465713501,-0.22916993498802185,0.06882123649120331,0.0034216418862342834,79696041
1755193424.396327,0,-9.213236808776855,-25.892080307006836,3.2258591651916504,-0.22889074683189392,0.06951796263456345,0.0035609155893325806,79715346
1755193424.4123363,0,-9.239924430847168,-25.836811065673828,3.232337236404419,-0.22779744863510132,0.06964881718158722,0.003450818359851837,79734650
1755193424.426247,0,-9.138887405395508,-25.86587905883789,3.200220823287964,-0.2277202606201172,0.06785416603088379,0.0036464184522628784,79744302
1755193424.4422061,0,-9.201770782470703,-25.919139862060547,3.1792545318603516,-0.2285182774066925,0.0692920833826065,0.0034702718257904053,79763608
1755193424.4582918,0,-9.098508834838867,-25.773216247558594,3.261146068572998,-0.22695091366767883,0.06652876734733582,0.003901951014995575,79773262
1755193424.4733965,0,-9.362098693847656,-26.044788360595703,3.2120795249938965,-0.2301686555147171,0.07017801702022552,0.003939449787139893,79792568
1755193424.4904962,0,-9.29838752746582,-26.175006866455078,3.1461427211761475,-0.23237165808677673,0.07331295311450958,0.0027036741375923157,79811874
1755193424.505086,0,-9.121330261230469,-25.660594940185547,3.179408550262451,-0.22361740469932556,0.06540869176387787,0.004138298332691193,79821527
1755193424.5202632,0,-9.309347152709961,-25.980716705322266,3.2778801918029785,-0.2293262481689453,0.06799401342868805,0.003751121461391449,79840832
1755193424.5379474,0,-9.279451370239258,-25.937572479248047,3.25178599357605,-0.2293679267168045,0.06950719654560089,0.0035620704293251038,79860139
1755193424.5519614,0,-9.150421142578125,-25.857887268066406,3.201432466506958,-0.22714073956012726,0.06795569509267807,0.0033698827028274536,79869792
1755193424.5678713,0,-9.230554580688477,-25.878978729248047,3.2106404304504395,-0.2275828719139099,0.06876002252101898,0.00386076420545578,79889098
1755193424.5820074,0,-9.128073692321777,-25.834314346313477,3.2120656967163086,-0.22770866751670837,0.0683145672082901,0.0037307292222976685,79898751
1755193424.5977886,0,-9.174295425415039,-25.862422943115234,3.2273058891296387,-0.22790813446044922,0.06830701977014542,0.0038340389728546143,79918057
1755193424.6130226,0,-9.213224411010742,-25.88749885559082,3.2050986289978027,-0.22788205742835999,0.06885769963264465,0.0035924166440963745,79927709
1755193424.6280026,0,-9.184220314025879,-25.88310432434082,3.2050490379333496,-0.22799283266067505,0.0683932900428772,0.0037404075264930725,79947015
1755193424.6457427,0,-9.172052383422852,-25.846721649169922,3.2193503379821777,-0.22755667567253113,0.06877327710390091,0.003767922520637512,79966320
1755193424.6583056,0,-9.197392463684082,-25.86197280883789,3.2416462898254395,-0.22806182503700256,0.0689295157790184,0.003605090081691742,79975972
1755193424.673793,0,-9.16244888305664,-25.865947723388672,3.212660789489746,-0.2281315177679062,0.06830033659934998,0.0037097111344337463,79995278
1755193424.6897814,0,-9.213430404663086,-25.81867218017578,3.2128238677978516,-0.22747638821601868,0.06892797350883484,0.0036248862743377686,80004931
1755193424.705503,0,-9.179004669189453,-25.881145477294922,3.2250704765319824,-0.22783257067203522,0.06849682331085205,0.003401733934879303,80024236
1755193424.7224658,0,-9.201884269714355,-25.897781372070312,3.2122347354888916,-0.2280929982662201,0.06891146302223206,0.00359170138835907,80043542
1755193424.7365417,0,-9.183713912963867,-25.844545364379883,3.2240257263183594,-0.22764940559864044,0.06873002648353577,0.0033605098724365234,80053195
1755193424.7526872,0,-9.202699661254883,-25.84437370300293,3.232255697250366,-0.22798998653888702,0.0686730444431305,0.003427274525165558,80072499
1755193424.7703373,0,-9.197717666625977,-25.835575103759766,3.238273859024048,-0.22794196009635925,0.06869146972894669,0.0034120678901672363,80091805
1755193424.7843313,0,-9.18021011352539,-25.814626693725586,3.215988874435425,-0.22729095816612244,0.06851496547460556,0.0035080015659332275,80101459
1755193424.8004868,0,-9.214637756347656,-25.818374633789062,3.229902982711792,-0.2274586409330368,0.06877546012401581,0.0035042166709899902,80120765
1755193424.8192077,0,-9.20643424987793,-25.87317657470703,3.212695360183716,-0.22814062237739563,0.068707674741745,0.003714337944984436,80140071
1755193424.832334,0,-9.180688858032227,-25.885120391845703,3.2219908237457275,-0.22799327969551086,0.06884101033210754,0.0038503259420394897,80149726
1755193424.8481665,0,-9.173141479492188,-25.85686492919922,3.2108867168426514,-0.2278880476951599,0.06846754252910614,0.0036051198840141296,80169031
1755193424.8671129,0,-9.127082824707031,-25.837100982666016,3.2031209468841553,-0.22750957310199738,0.06823362410068512,0.0033473223447799683,80188337
1755193424.8801534,0,-9.197991371154785,-25.857759475708008,3.2333414554595947,-0.22788043320178986,0.06886814534664154,0.0037287473678588867,80197990
1755193424.8961382,0,-9.220108032226562,-25.8408145904541,3.207846164703369,-0.2277093231678009,0.06879455596208572,0.0037041082978248596,80217296
1755193424.912127,0,-9.203094482421875,-25.827714920043945,3.213336706161499,-0.22748014330863953,0.06874355673789978,0.0034945905208587646,80226949
1755193424.926924,0,-9.225568771362305,-25.87042999267578,3.2170956134796143,-0.22794786095619202,0.0689762532711029,0.003560855984687805,80246256
1755193424.946855,0,-9.156593322753906,-25.81495475769043,3.2283952236175537,-0.22759202122688293,0.06833572685718536,0.0034934133291244507,80265562
1755193424.9588258,0,-9.167125701904297,-25.848834991455078,3.2298214435577393,-0.22775772213935852,0.06849919259548187,0.003607809543609619,80275216
1755193424.9739797,0,-9.243715286254883,-25.837379455566406,3.244006395339966,-0.22769233584403992,0.06898428499698639,0.0038634836673736572,80294522
1755193424.9937317,0,-9.226566314697266,-25.914520263671875,3.2361674308776855,-0.22887691855430603,0.0689949244260788,0.0035132989287376404,80313828
1755193425.0057077,0,-9.186262130737305,-25.824338912963867,3.2156736850738525,-0.2272651642560959,0.0687873587012291,0.0036130696535110474,80323481
1755193425.0218225,0,-9.180731773376465,-25.81911277770996,3.228499174118042,-0.2271171510219574,0.06910069286823273,0.0036145448684692383,80342787
1755193425.0416028,0,-9.240949630737305,-25.860397338867188,3.2305870056152344,-0.22761541604995728,0.06868940591812134,0.003704860806465149,80362091
1755193425.0536182,0,-9.178685188293457,-25.871238708496094,3.2166271209716797,-0.22799551486968994,0.06856577843427658,0.0036231502890586853,80371744
1755193425.0695682,0,-9.181831359863281,-25.89228630065918,3.187100887298584,-0.2281971275806427,0.0688294991850853,0.003544166684150696,80391049
1755193425.0856283,0,-9.243825912475586,-25.81169891357422,3.2357616424560547,-0.2274141013622284,0.06885873526334763,0.003902845084667206,80400703
1755193425.1015067,0,-9.225516319274902,-25.822298049926758,3.2376508712768555,-0.22753748297691345,0.06890609860420227,0.0037794560194015503,80420008
1755193425.1174474,0,-9.17702865600586,-25.853666305541992,3.211130142211914,-0.22763696312904358,0.06856656074523926,0.0036868229508399963,80439312
1755193425.1333635,0,-9.19913101196289,-25.841127395629883,3.2169554233551025,-0.2276766002178192,0.06889035552740097,0.0037498250603675842,80448965
1755193425.1483912,0,-9.203903198242188,-25.8417911529541,3.2269933223724365,-0.22777104377746582,0.06882598251104355,0.0038470402359962463,80468270
1755193425.166276,0,-9.165672302246094,-25.876827239990234,3.2252261638641357,-0.22799791395664215,0.0684409961104393,0.0036999881267547607,80487576
1755193425.1793566,0,-9.20515251159668,-25.807157516479492,3.2317416667938232,-0.2273031771183014,0.06884190440177917,0.0033589303493499756,80497228
1755193425.1951911,0,-9.181395530700684,-25.812427520751953,3.2209811210632324,-0.22718100249767303,0.06854915618896484,0.0037003904581069946,80516535
1755193425.2104347,0,-9.17677116394043,-25.880859375,3.2144906520843506,-0.2281712293624878,0.06881453096866608,0.003559015691280365,80526189
1755193425.2261078,0,-9.187219619750977,-25.839752197265625,3.2150869369506836,-0.22775700688362122,0.06841984391212463,0.003751024603843689,80545495
1755193425.2440646,0,-9.223397254943848,-25.865957260131836,3.232072114944458,-0.22799456119537354,0.06906211376190186,0.003503166139125824,80564800
1755193425.2572055,0,-9.206844329833984,-25.887325286865234,3.192775249481201,-0.22798874974250793,0.06882190704345703,0.003469511866569519,80574453
1755193425.2729883,0,-9.232032775878906,-25.873807907104492,3.2314159870147705,-0.2283162623643875,0.06913787126541138,0.0035952478647232056,80593759
1755193425.292931,0,-9.199507713317871,-25.831031799316406,3.217933177947998,-0.22758084535598755,0.06886787712574005,0.003644287586212158,80613064
1755193425.3050365,0,-9.187173843383789,-25.864368438720703,3.222445011138916,-0.22781157493591309,0.06856004893779755,0.0035694465041160583,80622718
1755193425.321023,0,-9.202469825744629,-25.844890594482422,3.2189505100250244,-0.22757352888584137,0.06861121952533722,0.0037036240100860596,80642024
1755193425.3398125,0,-9.18972110748291,-25.860748291015625,3.1900124549865723,-0.22812938690185547,0.06840744614601135,0.003763951361179352,80661329
1755193425.3518205,0,-9.190813064575195,-25.82366180419922,3.2198281288146973,-0.22763033211231232,0.06901851296424866,0.003500327467918396,80670981
1755193425.3707242,0,-9.221356391906738,-25.82926368713379,3.2538046836853027,-0.22747910022735596,0.06877361983060837,0.003413878381252289,80690287
1755193425.3827968,0,-9.182676315307617,-25.854148864746094,3.1982555389404297,-0.22787922620773315,0.06899260729551315,0.0036643967032432556,80699940
1755193425.398654,0,-9.199869155883789,-25.87179183959961,3.233729600906372,-0.22823432087898254,0.06875869631767273,0.0037100687623023987,80719246
1755193425.4176033,0,-9.22629165649414,-25.83613395690918,3.215857982635498,-0.22755607962608337,0.06889092177152634,0.0035100057721138,80738552
1755193425.430569,0,-9.202512741088867,-25.849939346313477,3.221120834350586,-0.22770076990127563,0.06872162222862244,0.0036105290055274963,80748204
1755193425.4475272,0,-9.213993072509766,-25.842506408691406,3.205322742462158,-0.22767756879329681,0.06919267028570175,0.003435276448726654,80767511
1755193425.4617572,0,-9.145611763000488,-25.833385467529297,3.2213540077209473,-0.22749419510364532,0.06830725818872452,0.003337271511554718,80777164
1755193425.4774358,0,-9.180598258972168,-25.86190414428711,3.189511299133301,-0.22768276929855347,0.06860034167766571,0.003439486026763916,80796470
1755193425.4985256,0,-9.185586929321289,-25.853946685791016,3.2230165004730225,-0.22760075330734253,0.06864703446626663,0.003523595631122589,80815776
1755193425.5233207,0,-9.162679672241211,-25.841339111328125,3.2141711711883545,-0.22778841853141785,0.068332739174366,0.0034720823168754578,80844735
1755193425.5395212,0,-9.184982299804688,-25.817180633544922,3.219935655593872,-0.2274591624736786,0.06860721111297607,0.003539144992828369,80854388
1755193425.55424,0,-9.235334396362305,-25.81834602355957,3.2322511672973633,-0.22761130332946777,0.06897313892841339,0.0035439133644104004,80873693
1755193425.5711946,0,-9.175336837768555,-25.836429595947266,3.1922130584716797,-0.22766348719596863,0.06854377686977386,0.003942139446735382,80892998
1755193425.586324,0,-9.225140571594238,-25.883438110351562,3.22286319732666,-0.2283257246017456,0.06908084452152252,0.003661617636680603,80902651
1755193425.6022701,0,-9.219856262207031,-25.879226684570312,3.231759548187256,-0.22831735014915466,0.06886572390794754,0.003623470664024353,80921954
1755193425.6240456,0,-9.207229614257812,-25.846080780029297,3.210984706878662,-0.22795680165290833,0.06878863275051117,0.0036677569150924683,80941257
1755193425.6529684,0,-9.15684700012207,-25.873332977294922,3.224642515182495,-0.22768893837928772,0.06837953627109528,0.003796316683292389,80970215
1755193425.664937,0,-9.167091369628906,-25.883148193359375,3.2070021629333496,-0.22804349660873413,0.06852936744689941,0.0034332275390625,80979867
1755193425.6808944,0,-9.207550048828125,-25.85814666748047,3.2216579914093018,-0.22790688276290894,0.06871215254068375,0.0035268962383270264,80999173
1755193425.6998432,0,-9.184361457824707,-25.85205841064453,3.2119879722595215,-0.22807717323303223,0.06862228363752365,0.0036105066537857056,81018476
1755193425.7118862,0,-9.219807624816895,-25.89928436279297,3.206409454345703,-0.22810795903205872,0.06879407167434692,0.004003986716270447,81028129
1755193425.7277672,0,-9.196929931640625,-25.84433364868164,3.228780746459961,-0.2275843322277069,0.06865594536066055,0.003620944917201996,81047434
1755193425.7437992,0,-9.187777519226074,-25.845670700073242,3.2367520332336426,-0.22773180902004242,0.06869889795780182,0.003573894500732422,81066738
1755193425.7597218,0,-9.217103958129883,-25.859432220458984,3.234116554260254,-0.22786974906921387,0.06894849240779877,0.0035272836685180664,81076389
1755193425.7756383,0,-9.189611434936523,-25.855915069580078,3.2213656902313232,-0.2277342975139618,0.06861154735088348,0.0035388395190238953,81095693
1755193425.7915945,0,-9.196283340454102,-25.852249145507812,3.2421987056732178,-0.22772353887557983,0.06867857277393341,0.0036603882908821106,81114996
1755193425.8065586,0,-9.19998550415039,-25.804452896118164,3.230985164642334,-0.2272184193134308,0.06882844120264053,0.0037331506609916687,81124647
1755193425.8226075,0,-9.163304328918457,-25.85689926147461,3.225374221801758,-0.22778186202049255,0.06836862862110138,0.0035787075757980347,81143953
1755193425.8385072,0,-9.18388557434082,-25.87237548828125,3.2078490257263184,-0.22801674902439117,0.06876765191555023,0.003562130033969879,81153605
1755193425.8545291,0,-9.241153717041016,-25.84355926513672,3.212970495223999,-0.22784197330474854,0.06915484368801117,0.003388628363609314,81172908
1755193425.8705237,0,-9.177122116088867,-25.847904205322266,3.2083489894866943,-0.22770299017429352,0.06861147284507751,0.003512643277645111,81192212
1755193425.8863595,0,-9.212837219238281,-25.871841430664062,3.2085697650909424,-0.22815749049186707,0.06891119480133057,0.0035498440265655518,81201864
1755193425.9023628,0,-9.184992790222168,-25.852333068847656,3.230297565460205,-0.22787131369113922,0.06879826635122299,0.0033587589859962463,81221167
1755193425.917461,0,-9.183309555053711,-25.84189224243164,3.2214417457580566,-0.22766342759132385,0.06857359409332275,0.0035166218876838684,81240471
1755193425.9328208,0,-9.203969955444336,-25.869739532470703,3.212096691131592,-0.22804731130599976,0.06878349184989929,0.0033738166093826294,81250122
1755193425.9483564,0,-9.21738052368164,-25.831417083740234,3.239670515060425,-0.22755256295204163,0.06893184781074524,0.0036551430821418762,81269427
1755193425.9643838,0,-9.197061538696289,-25.855426788330078,3.2261452674865723,-0.22795255482196808,0.06886923313140869,0.003429099917411804,81279079
1755193425.979263,0,-9.208191871643066,-25.825916290283203,3.230238914489746,-0.22753466665744781,0.06882597506046295,0.003658495843410492,81298384
1755193425.997057,0,-9.202327728271484,-25.853347778320312,3.222017765045166,-0.2279062271118164,0.06890308111906052,0.003603436052799225,81317688
1755193426.0100741,0,-9.194967269897461,-25.822872161865234,3.230558156967163,-0.22749030590057373,0.06869211792945862,0.00353260338306427,81327341
1755193426.025222,0,-9.230820655822754,-25.857929229736328,3.2244715690612793,-0.2277028113603592,0.06894944608211517,0.0035888925194740295,81346645
1755193426.0411167,0,-9.203607559204102,-25.84099578857422,3.196904420852661,-0.22772090137004852,0.06893779337406158,0.0037578940391540527,81356299
1755193426.0568864,0,-9.20000171661377,-25.813011169433594,3.211538314819336,-0.22762352228164673,0.06898456066846848,0.0034550726413726807,81375603
1755193426.0728438,0,-9.180482864379883,-25.859947204589844,3.2335543632507324,-0.2279420793056488,0.06852012872695923,0.0036995336413383484,81394908
1755193426.0891044,0,-9.17988395690918,-25.840290069580078,3.221348285675049,-0.22752299904823303,0.06847599148750305,0.0035963207483291626,81404559
1755193426.1047661,0,-9.206914901733398,-25.840587615966797,3.2166600227355957,-0.2276669293642044,0.06876891851425171,0.003427647054195404,81423863
1755193426.1217227,0,-9.200935363769531,-25.855812072753906,3.2283573150634766,-0.22769883275032043,0.068767249584198,0.0036424100399017334,81443168
1755193426.1357243,0,-9.180276870727539,-25.85263442993164,3.2224068641662598,-0.22785326838493347,0.06866678595542908,0.003645770251750946,81452818
1755193426.1517313,0,-9.19765853881836,-25.887062072753906,3.192138671875,-0.22818277776241302,0.0686989426612854,0.0035518184304237366,81472120
